[25Jul2026 23:47:23.771] [main/INFO] [net.neoforged.fml.startup.Entrypoint/]: JVM Uptime at startup: 79ms
[25Jul2026 23:47:23.778] [main/INFO] [net.neoforged.fml.loading.FMLLoader/]: Starting FancyModLoader version 10.0.32 (CLIENT in DEV)
[25Jul2026 23:47:23.778] [main/INFO] [net.neoforged.fml.loading.FMLLoader/]: Game directory: /home/fiverka/Projects/fiverkas-weapons-1.21.5-1.21.11/runs/client
[25Jul2026 23:47:23.779] [main/DEBUG] [net.neoforged.fml.loading.FMLPaths/CORE]: Path GAMEDIR is /home/fiverka/Projects/fiverkas-weapons-1.21.5-1.21.11/runs/client
[25Jul2026 23:47:23.779] [main/DEBUG] [net.neoforged.fml.loading.FMLPaths/CORE]: Path JIJ_CACHEDIR is /home/fiverka/Projects/fiverkas-weapons-1.21.5-1.21.11/runs/client/.cache/jij
[25Jul2026 23:47:23.779] [main/DEBUG] [net.neoforged.fml.loading.FMLPaths/CORE]: Path MODSDIR is /home/fiverka/Projects/fiverkas-weapons-1.21.5-1.21.11/runs/client/mods
[25Jul2026 23:47:23.779] [main/DEBUG] [net.neoforged.fml.loading.FMLPaths/CORE]: Path CONFIGDIR is /home/fiverka/Projects/fiverkas-weapons-1.21.5-1.21.11/runs/client/config
[25Jul2026 23:47:23.780] [main/DEBUG] [net.neoforged.fml.loading.FMLPaths/CORE]: Path FMLCONFIG is /home/fiverka/Projects/fiverkas-weapons-1.21.5-1.21.11/runs/client/config/fml.toml
[25Jul2026 23:47:23.814] [ForkJoinPool.commonPool-worker-15/DEBUG] [net.neoforged.fml.loading.EarlyServiceDiscovery/]: /home/fiverka/.gradle/caches/modules-2/files-2.1/net.neoforged.fancymodloader/loader/10.0.32/ef0364b1413d96932ddf4b4dc4a5660a4d861b5b/loader-10.0.32.jar contains early service net.neoforged.neoforgespi.locating.IModFileReader
[25Jul2026 23:47:23.815] [ForkJoinPool.commonPool-worker-12/DEBUG] [net.neoforged.fml.loading.EarlyServiceDiscovery/]: /home/fiverka/.gradle/caches/modules-2/files-2.1/net.neoforged.fancymodloader/earlydisplay/10.0.32/1ca2e62504996c417c19e740513f8d09b880359e/earlydisplay-10.0.32.jar contains early service net.neoforged.neoforgespi.earlywindow.ImmediateWindowProvider
[25Jul2026 23:47:23.822] [ForkJoinPool.commonPool-worker-12/DEBUG] [net.neoforged.fml.loading.moddiscovery.ModFile/LOADING]: Loading mod file /home/fiverka/.gradle/caches/modules-2/files-2.1/net.neoforged.fancymodloader/earlydisplay/10.0.32/1ca2e62504996c417c19e740513f8d09b880359e/earlydisplay-10.0.32.jar with languages []
[25Jul2026 23:47:23.822] [ForkJoinPool.commonPool-worker-15/DEBUG] [net.neoforged.fml.loading.moddiscovery.ModFile/LOADING]: Loading mod file /home/fiverka/.gradle/caches/modules-2/files-2.1/net.neoforged.fancymodloader/loader/10.0.32/ef0364b1413d96932ddf4b4dc4a5660a4d861b5b/loader-10.0.32.jar with languages []
[25Jul2026 23:47:23.823] [main/INFO] [net.neoforged.fml.loading.EarlyServiceDiscovery/]: Found 2 early service jars (out of 107) in 14ms
[25Jul2026 23:47:23.824] [main/INFO] [net.neoforged.fml.loading.FMLLoader/]: Loading FML Early Services:
[25Jul2026 23:47:23.824] [main/INFO] [net.neoforged.fml.loading.FMLLoader/]:  - /home/fiverka/.gradle/caches/modules-2/files-2.1/net.neoforged.fancymodloader/earlydisplay/10.0.32/1ca2e62504996c417c19e740513f8d09b880359e/earlydisplay-10.0.32.jar
[25Jul2026 23:47:23.825] [main/INFO] [net.neoforged.fml.loading.FMLLoader/]:  - /home/fiverka/.gradle/caches/modules-2/files-2.1/net.neoforged.fancymodloader/loader/10.0.32/ef0364b1413d96932ddf4b4dc4a5660a4d861b5b/loader-10.0.32.jar
[25Jul2026 23:47:23.829] [main/DEBUG] [net.neoforged.fml.util.ServiceLoaderUtil/CORE]: Found 0 implementations of GraphicsBootstrapper:
[25Jul2026 23:47:23.829] [main/INFO] [net.neoforged.fml.loading.ImmediateWindowHandler/]: Loading ImmediateWindowProvider fmlearlywindow
[25Jul2026 23:47:23.832] [main/DEBUG] [net.neoforged.fml.util.ServiceLoaderUtil/CORE]: Found 1 implementations of ImmediateWindowProvider:
[25Jul2026 23:47:23.833] [main/DEBUG] [net.neoforged.fml.util.ServiceLoaderUtil/CORE]: 	net.neoforged.fml.earlydisplay.DisplayWindow from /home/fiverka/.gradle/caches/modules-2/files-2.1/net.neoforged.fancymodloader/earlydisplay/10.0.32/1ca2e62504996c417c19e740513f8d09b880359e/earlydisplay-10.0.32.jar
[25Jul2026 23:47:23.858] [main/DEBUG] [net.neoforged.fml.earlydisplay.theme.ThemeLoader/]: Loading built-in theme default
[25Jul2026 23:47:24.199] [ForkJoinPool.commonPool-worker-7/DEBUG] [net.neoforged.fml.util.ServiceLoaderUtil/CORE]: Found 4 implementations of IModFileCandidateLocator:
[25Jul2026 23:47:24.200] [ForkJoinPool.commonPool-worker-7/DEBUG] [net.neoforged.fml.util.ServiceLoaderUtil/CORE]: 	    1000 - [built-in] net.neoforged.fml.loading.moddiscovery.locators.GameLocator from /home/fiverka/.gradle/caches/modules-2/files-2.1/net.neoforged.fancymodloader/loader/10.0.32/ef0364b1413d96932ddf4b4dc4a5660a4d861b5b/loader-10.0.32.jar
[25Jul2026 23:47:24.200] [ForkJoinPool.commonPool-worker-7/DEBUG] [net.neoforged.fml.util.ServiceLoaderUtil/CORE]: 	    1000 - [built-in] net.neoforged.fml.loading.moddiscovery.locators.InDevFolderLocator from /home/fiverka/.gradle/caches/modules-2/files-2.1/net.neoforged.fancymodloader/loader/10.0.32/ef0364b1413d96932ddf4b4dc4a5660a4d861b5b/loader-10.0.32.jar
[25Jul2026 23:47:24.200] [ForkJoinPool.commonPool-worker-7/DEBUG] [net.neoforged.fml.util.ServiceLoaderUtil/CORE]: 	    1000 - [built-in] net.neoforged.fml.loading.moddiscovery.locators.InDevJarLocator from /home/fiverka/.gradle/caches/modules-2/files-2.1/net.neoforged.fancymodloader/loader/10.0.32/ef0364b1413d96932ddf4b4dc4a5660a4d861b5b/loader-10.0.32.jar
[25Jul2026 23:47:24.201] [ForkJoinPool.commonPool-worker-7/DEBUG] [net.neoforged.fml.util.ServiceLoaderUtil/CORE]: 	       0 - [built-in] net.neoforged.fml.loading.moddiscovery.locators.ModsFolderLocator from /home/fiverka/.gradle/caches/modules-2/files-2.1/net.neoforged.fancymodloader/loader/10.0.32/ef0364b1413d96932ddf4b4dc4a5660a4d861b5b/loader-10.0.32.jar
[25Jul2026 23:47:24.202] [ForkJoinPool.commonPool-worker-7/DEBUG] [net.neoforged.fml.util.ServiceLoaderUtil/CORE]: Found 2 implementations of IModFileReader:
[25Jul2026 23:47:24.202] [ForkJoinPool.commonPool-worker-7/DEBUG] [net.neoforged.fml.util.ServiceLoaderUtil/CORE]: 	       0 - net.neoforged.fml.loading.moddiscovery.readers.JarModsDotTomlModFileReader from /home/fiverka/.gradle/caches/modules-2/files-2.1/net.neoforged.fancymodloader/loader/10.0.32/ef0364b1413d96932ddf4b4dc4a5660a4d861b5b/loader-10.0.32.jar
[25Jul2026 23:47:24.202] [ForkJoinPool.commonPool-worker-7/DEBUG] [net.neoforged.fml.util.ServiceLoaderUtil/CORE]: 	   -1000 - net.neoforged.fml.loading.moddiscovery.readers.NestedLibraryModReader from /home/fiverka/.gradle/caches/modules-2/files-2.1/net.neoforged.fancymodloader/loader/10.0.32/ef0364b1413d96932ddf4b4dc4a5660a4d861b5b/loader-10.0.32.jar
[25Jul2026 23:47:24.204] [ForkJoinPool.commonPool-worker-7/DEBUG] [net.neoforged.fml.util.ServiceLoaderUtil/CORE]: Found 1 implementations of IDependencyLocator:
[25Jul2026 23:47:24.204] [ForkJoinPool.commonPool-worker-7/DEBUG] [net.neoforged.fml.util.ServiceLoaderUtil/CORE]: 	       0 - net.neoforged.fml.loading.moddiscovery.locators.JarInJarDependencyLocator from /home/fiverka/.gradle/caches/modules-2/files-2.1/net.neoforged.fancymodloader/loader/10.0.32/ef0364b1413d96932ddf4b4dc4a5660a4d861b5b/loader-10.0.32.jar
[25Jul2026 23:47:24.233] [ForkJoinPool.commonPool-worker-7/DEBUG] [net.neoforged.fml.loading.moddiscovery.locators.RequiredSystemFiles/]: Found NeoForge MANIFEST.MF in jar(/home/fiverka/.gradle/caches/modules-2/files-2.1/net.neoforged/neoforge/21.10.64/f3fdbbbda21bad3e3adafdddf31f9e7f26ea5d58/neoforge-21.10.64-universal.jar)
[25Jul2026 23:47:24.234] [ForkJoinPool.commonPool-worker-7/INFO] [net.neoforged.fml.loading.moddiscovery.locators.GameLocator/]: Detected a joined NeoForge and Minecraft configuration. Applying filtering...
[25Jul2026 23:47:24.306] [ForkJoinPool.commonPool-worker-7/DEBUG] [net.neoforged.fml.loading.moddiscovery.ModFileInfo/LOADING]: Found valid mod file neoforge-21.10.64.jar with {minecraft} mods - versions {1.21.10}
[25Jul2026 23:47:24.308] [ForkJoinPool.commonPool-worker-7/DEBUG] [net.neoforged.fml.loading.moddiscovery.ModFile/LOADING]: Loading mod file /home/fiverka/Projects/fiverkas-weapons-1.21.5-1.21.11/.gradle/repositories/ng_dummy_ng/net/neoforged/neoforge/21.10.64/neoforge-21.10.64.jar with languages [LanguageSpec[languageName=minecraft, acceptedVersions=1]]
[25Jul2026 23:47:24.310] [ForkJoinPool.commonPool-worker-7/DEBUG] [net.neoforged.fml.loading.moddiscovery.ModFileParser/LOADING]: Considering mod file candidate /home/fiverka/.gradle/caches/modules-2/files-2.1/net.neoforged/neoforge/21.10.64/f3fdbbbda21bad3e3adafdddf31f9e7f26ea5d58/neoforge-21.10.64-universal.jar
[25Jul2026 23:47:24.322] [ForkJoinPool.commonPool-worker-7/DEBUG] [net.neoforged.fml.loading.moddiscovery.ModFileInfo/LOADING]: Found valid mod file neoforge-21.10.64-universal.jar with {neoforge} mods - versions {21.10.64}
[25Jul2026 23:47:24.323] [ForkJoinPool.commonPool-worker-7/DEBUG] [net.neoforged.fml.loading.moddiscovery.ModFile/LOADING]: Loading mod file /home/fiverka/.gradle/caches/modules-2/files-2.1/net.neoforged/neoforge/21.10.64/f3fdbbbda21bad3e3adafdddf31f9e7f26ea5d58/neoforge-21.10.64-universal.jar with languages [LanguageSpec[languageName=javafml, acceptedVersions=[3,]]]
[25Jul2026 23:47:24.327] [ForkJoinPool.commonPool-worker-7/DEBUG] [net.neoforged.fml.loading.moddiscovery.ModFile/LOADING]: Found mixin config MixinConfig[config=neoforge.mixins.json, requiredMods=[], behaviorVersion=null]
[25Jul2026 23:47:24.328] [ForkJoinPool.commonPool-worker-7/INFO] [net.neoforged.fml.loading.moddiscovery.locators.InDevFolderLocator/CORE]: Got mod coordinates fiverkas_weapons%%/home/fiverka/Projects/fiverkas-weapons-1.21.5-1.21.11/build/resources/main:fiverkas_weapons%%/home/fiverka/Projects/fiverkas-weapons-1.21.5-1.21.11/build/classes/java/main from env
[25Jul2026 23:47:24.331] [ForkJoinPool.commonPool-worker-7/DEBUG] [net.neoforged.fml.loading.moddiscovery.ModFileParser/LOADING]: Considering mod file candidate /home/fiverka/Projects/fiverkas-weapons-1.21.5-1.21.11/build/resources/main
[25Jul2026 23:47:24.331] [fml-loadingscreen/INFO] [net.neoforged.fml.earlydisplay.render.LoadingScreenRenderer/]: GL info: NVIDIA GeForce RTX 3060/PCIe/SSE2 GL version 3.3.0 NVIDIA 610.43.03, NVIDIA Corporation
[25Jul2026 23:47:24.335] [ForkJoinPool.commonPool-worker-7/DEBUG] [net.neoforged.fml.loading.moddiscovery.ModFileInfo/LOADING]: Found valid mod file main with {fweapons} mods - versions {1.3}
[25Jul2026 23:47:24.336] [ForkJoinPool.commonPool-worker-7/DEBUG] [net.neoforged.fml.loading.moddiscovery.ModFile/LOADING]: Loading mod file /home/fiverka/Projects/fiverkas-weapons-1.21.5-1.21.11/build/resources/main with languages [LanguageSpec[languageName=javafml, acceptedVersions=[1,)]]
[25Jul2026 23:47:24.337] [ForkJoinPool.commonPool-worker-7/DEBUG] [net.neoforged.fml.loading.moddiscovery.ModDiscoverer/]: Skipping /home/fiverka/Projects/fiverkas-weapons-1.21.5-1.21.11/.gradle/repositories/ng_dummy_ng/net/neoforged/neoforge/21.10.64/neoforge-21.10.64.jar because it was already located earlier
[25Jul2026 23:47:24.337] [ForkJoinPool.commonPool-worker-7/DEBUG] [net.neoforged.fml.loading.moddiscovery.ModDiscoverer/]: Skipping /home/fiverka/.gradle/caches/modules-2/files-2.1/net.neoforged/neoforge/21.10.64/f3fdbbbda21bad3e3adafdddf31f9e7f26ea5d58/neoforge-21.10.64-universal.jar because it was already located earlier
[25Jul2026 23:47:24.359] [ForkJoinPool.commonPool-worker-7/DEBUG] [net.neoforged.fml.loading.moddiscovery.ModFile/LOADING]: Loading mod file /home/fiverka/.gradle/caches/modules-2/files-2.1/io.github.llamalad7/mixinextras-neoforge/0.5.0/d734b83ce6542bb70ea31755c1595b88992dbe65/mixinextras-neoforge-0.5.0.jar with languages []
[25Jul2026 23:47:24.361] [ForkJoinPool.commonPool-worker-7/DEBUG] [net.neoforged.fml.loading.moddiscovery.ModFileParser/LOADING]: Considering mod file candidate /home/fiverka/Projects/fiverkas-weapons-1.21.5-1.21.11/runs/client/mods/bettercombat-neoforge-3.0.0+1.21.10.jar
[25Jul2026 23:47:24.362] [ForkJoinPool.commonPool-worker-7/DEBUG] [net.neoforged.fml.loading.moddiscovery.ModFileInfo/LOADING]: Found valid mod file bettercombat-neoforge-3.0.0+1.21.10.jar with {bettercombat} mods - versions {3.0.0+1.21.10}
[25Jul2026 23:47:24.362] [ForkJoinPool.commonPool-worker-7/DEBUG] [net.neoforged.fml.loading.moddiscovery.ModFile/LOADING]: Loading mod file /home/fiverka/Projects/fiverkas-weapons-1.21.5-1.21.11/runs/client/mods/bettercombat-neoforge-3.0.0+1.21.10.jar with languages [LanguageSpec[languageName=javafml, acceptedVersions=[2,)]]
[25Jul2026 23:47:24.363] [ForkJoinPool.commonPool-worker-7/DEBUG] [net.neoforged.fml.loading.moddiscovery.ModFile/LOADING]: Found mixin config MixinConfig[config=bettercombat.mixins.json, requiredMods=[], behaviorVersion=null]
[25Jul2026 23:47:24.363] [ForkJoinPool.commonPool-worker-7/DEBUG] [net.neoforged.fml.loading.moddiscovery.ModFileParser/LOADING]: Considering mod file candidate /home/fiverka/Projects/fiverkas-weapons-1.21.5-1.21.11/runs/client/mods/cloth-config-20.0.149-neoforge.jar
[25Jul2026 23:47:24.364] [ForkJoinPool.commonPool-worker-7/DEBUG] [net.neoforged.fml.loading.moddiscovery.ModFileInfo/LOADING]: Found valid mod file cloth-config-20.0.149-neoforge.jar with {cloth_config} mods - versions {20.0.149}
[25Jul2026 23:47:24.364] [ForkJoinPool.commonPool-worker-7/DEBUG] [net.neoforged.fml.loading.moddiscovery.ModFile/LOADING]: Loading mod file /home/fiverka/Projects/fiverkas-weapons-1.21.5-1.21.11/runs/client/mods/cloth-config-20.0.149-neoforge.jar with languages [LanguageSpec[languageName=javafml, acceptedVersions=[1,)]]
[25Jul2026 23:47:24.364] [ForkJoinPool.commonPool-worker-7/DEBUG] [net.neoforged.fml.loading.moddiscovery.ModFileParser/LOADING]: Considering mod file candidate /home/fiverka/Projects/fiverkas-weapons-1.21.5-1.21.11/runs/client/mods/PlayerAnimationLibNeoforge-1.1.3+mc.1.21.9.jar
[25Jul2026 23:47:24.366] [ForkJoinPool.commonPool-worker-7/DEBUG] [net.neoforged.fml.loading.moddiscovery.ModFileInfo/LOADING]: Found valid mod file PlayerAnimationLibNeoforge-1.1.3+mc.1.21.9.jar with {player_animation_library} mods - versions {1.1.3+mc.1.21.9}
[25Jul2026 23:47:24.366] [ForkJoinPool.commonPool-worker-7/DEBUG] [net.neoforged.fml.loading.moddiscovery.ModFile/LOADING]: Loading mod file /home/fiverka/Projects/fiverkas-weapons-1.21.5-1.21.11/runs/client/mods/PlayerAnimationLibNeoforge-1.1.3+mc.1.21.9.jar with languages [LanguageSpec[languageName=javafml, acceptedVersions=*]]
[25Jul2026 23:47:24.366] [ForkJoinPool.commonPool-worker-7/DEBUG] [net.neoforged.fml.loading.moddiscovery.ModFile/LOADING]: Found mixin config MixinConfig[config=player_animation_library.mixins.json, requiredMods=[], behaviorVersion=null]
[25Jul2026 23:47:24.384] [ForkJoinPool.commonPool-worker-7/DEBUG] [net.neoforged.fml.loading.moddiscovery.ModFileParser/LOADING]: Considering mod file candidate /home/fiverka/Projects/fiverkas-weapons-1.21.5-1.21.11/runs/client/.cache/jij/e7db82df9ddde1d3bdf04d5b2bc71b968aef076ecdf4cc868f84012a0f21f27d/tiny-config-3.1.0-neoforge.jar
[25Jul2026 23:47:24.386] [ForkJoinPool.commonPool-worker-7/DEBUG] [net.neoforged.fml.loading.moddiscovery.ModFileInfo/LOADING]: Found valid mod file tiny-config-3.1.0-neoforge.jar with {tiny_config} mods - versions {3.1.0}
[25Jul2026 23:47:24.386] [ForkJoinPool.commonPool-worker-7/DEBUG] [net.neoforged.fml.loading.moddiscovery.ModFile/LOADING]: Loading mod file /home/fiverka/Projects/fiverkas-weapons-1.21.5-1.21.11/runs/client/.cache/jij/e7db82df9ddde1d3bdf04d5b2bc71b968aef076ecdf4cc868f84012a0f21f27d/tiny-config-3.1.0-neoforge.jar with languages [LanguageSpec[languageName=javafml, acceptedVersions=[4,)]]
[25Jul2026 23:47:24.386] [ForkJoinPool.commonPool-worker-7/DEBUG] [net.neoforged.fml.loading.moddiscovery.ModFile/LOADING]: Found mixin config MixinConfig[config=tiny_config.mixins.json, requiredMods=[], behaviorVersion=null]
[25Jul2026 23:47:24.395] [ForkJoinPool.commonPool-worker-7/DEBUG] [net.neoforged.fml.loading.moddiscovery.ModFile/LOADING]: Loading mod file /home/fiverka/Projects/fiverkas-weapons-1.21.5-1.21.11/runs/client/.cache/jij/9c617719248f8b89847348fc7ea5e705739c147ae5e172551264d225bc9f2507/mixinextras-neoforge-0.5.0.jar with languages []
[25Jul2026 23:47:24.396] [ForkJoinPool.commonPool-worker-7/DEBUG] [net.neoforged.fml.loading.moddiscovery.ModFile/LOADING]: Loading mod file /home/fiverka/Projects/fiverkas-weapons-1.21.5-1.21.11/runs/client/.cache/jij/51629231fe2baaddd60d570ef06ada2b2f1fe8a34133e63afdd748b9ef93f9f1/net.neoforged.neoforge-coremods-21.10.64.jar with languages []
[25Jul2026 23:47:24.401] [ForkJoinPool.commonPool-worker-7/DEBUG] [net.neoforged.fml.loading.moddiscovery.ModFile/LOADING]: Loading mod file /home/fiverka/Projects/fiverkas-weapons-1.21.5-1.21.11/runs/client/.cache/jij/cfecc45e080babff121b149ccfedae843fe48158b915a6e4ae890b9d7d5dffa2/javassist-3.30.2-GA.jar with languages []
[25Jul2026 23:47:24.402] [ForkJoinPool.commonPool-worker-7/DEBUG] [net.neoforged.fml.loading.moddiscovery.ModFile/LOADING]: Loading mod file /home/fiverka/Projects/fiverkas-weapons-1.21.5-1.21.11/runs/client/.cache/jij/a94259b1ae7c7a31dbd4adb7a2523c7bec5a0d7f46fbf3f130ea50d8129b9fda/mochafloats-4.1.0.jar with languages []
[25Jul2026 23:47:24.426] [ForkJoinPool.commonPool-worker-7/WARN] [net.neoforged.jarjar.selection.JarSelector/]: Attempted to select a dependency jar for JarJar which was passed in as source: library:mixinextras.neoforge. Using jar(/home/fiverka/.gradle/caches/modules-2/files-2.1/io.github.llamalad7/mixinextras-neoforge/0.5.0/d734b83ce6542bb70ea31755c1595b88992dbe65/mixinextras-neoforge-0.5.0.jar)
[25Jul2026 23:47:24.427] [ForkJoinPool.commonPool-worker-7/INFO] [net.neoforged.fml.loading.moddiscovery.locators.JarInJarDependencyLocator/]: Found 4 dependencies adding them to mods collection
[25Jul2026 23:47:24.428] [ForkJoinPool.commonPool-worker-7/INFO] [net.neoforged.fml.loading.moddiscovery.ModDiscoverer/]: 
     Mod List:
		Name Version (Mod Id)

		Better Combat 3.0.0+1.21.10 (bettercombat)
		Cloth Config v20 API 20.0.149 (cloth_config)
		Fiverka's Weapons 1.3 (fweapons)
		Minecraft 1.21.10 (minecraft)
		NeoForge 21.10.64 (neoforge)
		Player Animation Library 1.1.3+mc.1.21.9 (player_animation_library)
		Tiny Config 3.1.0 (tiny_config)
[25Jul2026 23:47:24.431] [ForkJoinPool.commonPool-worker-7/DEBUG] [net.neoforged.fml.loading.ModSorter/]: Configured system mods: [minecraft, neoforge]
[25Jul2026 23:47:24.431] [ForkJoinPool.commonPool-worker-7/DEBUG] [net.neoforged.fml.loading.ModSorter/]: Found system mod: minecraft
[25Jul2026 23:47:24.431] [ForkJoinPool.commonPool-worker-7/DEBUG] [net.neoforged.fml.loading.ModSorter/]: Found system mod: neoforge
[25Jul2026 23:47:24.433] [ForkJoinPool.commonPool-worker-7/DEBUG] [net.neoforged.fml.loading.ModSorter/LOADING]: Found 11 mod requirements (11 mandatory, 0 optional)
[25Jul2026 23:47:24.434] [ForkJoinPool.commonPool-worker-7/DEBUG] [net.neoforged.fml.loading.ModSorter/LOADING]: Found 0 mod requirements missing (0 mandatory, 0 optional)
[25Jul2026 23:47:24.608] [main/INFO] [mixin/]: SpongePowered MIXIN Subsystem Version=0.8.7 Source=file:/home/fiverka/.gradle/caches/modules-2/files-2.1/net.fabricmc/sponge-mixin/0.16.5+mixin.0.8.7/80fc3a9f592673cea87f4cd702f87991c6c9fe4d/sponge-mixin-0.16.5+mixin.0.8.7.jar Service=FML Env=CLIENT
[25Jul2026 23:47:24.625] [main/DEBUG] [mixin/]: Initialising Mixin Platform Manager
[25Jul2026 23:47:24.626] [main/DEBUG] [mixin/]: Adding mixin platform agents for container ContainerHandleVirtual(fml:18c85)
[25Jul2026 23:47:24.626] [main/DEBUG] [mixin/]: Instancing new MixinPlatformAgentDefault for ContainerHandleVirtual(fml:18c85)
[25Jul2026 23:47:24.627] [main/DEBUG] [mixin/]: MixinPlatformAgentDefault accepted container ContainerHandleVirtual(fml:18c85)
[25Jul2026 23:47:24.627] [main/DEBUG] [mixin/]: Instancing new MixinPlatformAgentDefault for ContainerHandleVirtual(fml:18c85)
[25Jul2026 23:47:24.627] [main/DEBUG] [mixin/]: MixinPlatformAgentDefault accepted container ContainerHandleVirtual(fml:18c85)
[25Jul2026 23:47:24.627] [main/DEBUG] [mixin/]: Processing prepare() for PlatformAgent[MixinPlatformAgentDefault:ContainerHandleVirtual(fml:18c85)]
[25Jul2026 23:47:24.628] [main/DEBUG] [mixin/]: Processing prepare() for PlatformAgent[MixinPlatformAgentDefault:ContainerHandleVirtual(fml:18c85)]
[25Jul2026 23:47:24.628] [main/INFO] [net.neoforged.fml.loading.FMLLoader/]: Loading FML Plugins:
[25Jul2026 23:47:24.629] [main/INFO] [net.neoforged.fml.loading.FMLLoader/]:  - mods/PlayerAnimationLibNeoforge-1.1.3+mc.1.21.9.jar > javassist-3.30.2-GA.jar
[25Jul2026 23:47:24.629] [main/INFO] [net.neoforged.fml.loading.FMLLoader/]:  - /home/fiverka/.gradle/caches/modules-2/files-2.1/net.neoforged/neoforge/21.10.64/f3fdbbbda21bad3e3adafdddf31f9e7f26ea5d58/neoforge-21.10.64-universal.jar > net.neoforged.neoforge-coremods-21.10.64.jar
[25Jul2026 23:47:24.632] [main/DEBUG] [net.neoforged.fml.util.ServiceLoaderUtil/CORE]: Found 2 implementations of IModLanguageLoader:
[25Jul2026 23:47:24.632] [main/DEBUG] [net.neoforged.fml.util.ServiceLoaderUtil/CORE]: 	net.neoforged.fml.javafmlmod.FMLJavaModLanguageProvider from /home/fiverka/.gradle/caches/modules-2/files-2.1/net.neoforged.fancymodloader/loader/10.0.32/ef0364b1413d96932ddf4b4dc4a5660a4d861b5b/loader-10.0.32.jar
[25Jul2026 23:47:24.632] [main/DEBUG] [net.neoforged.fml.util.ServiceLoaderUtil/CORE]: 	net.neoforged.fml.mclanguageprovider.MinecraftModLanguageProvider from /home/fiverka/.gradle/caches/modules-2/files-2.1/net.neoforged.fancymodloader/loader/10.0.32/ef0364b1413d96932ddf4b4dc4a5660a4d861b5b/loader-10.0.32.jar
[25Jul2026 23:47:24.633] [main/DEBUG] [net.neoforged.fml.loading.LanguageProviderLoader/CORE]: Found language provider javafml, version 10.0
[25Jul2026 23:47:24.633] [main/DEBUG] [net.neoforged.fml.loading.LanguageProviderLoader/CORE]: Found language provider minecraft, version 10.0
[25Jul2026 23:47:24.635] [main/DEBUG] [net.neoforged.fml.loading.FMLLoader/]: Adding Access Transformer META-INF/accesstransformer.cfg in jar(mods/PlayerAnimationLibNeoforge-1.1.3+mc.1.21.9.jar)
[25Jul2026 23:47:24.642] [main/DEBUG] [net.neoforged.fml.loading.FMLLoader/]: Adding Access Transformer META-INF/accesstransformer.cfg in jar(mods/cloth-config-20.0.149-neoforge.jar)
[25Jul2026 23:47:24.643] [main/DEBUG] [net.neoforged.fml.loading.FMLLoader/]: Adding Access Transformer META-INF/accesstransformer.cfg in composite(filtered(jar(/home/fiverka/.gradle/caches/modules-2/files-2.1/net.neoforged/neoforge/21.10.64/f3fdbbbda21bad3e3adafdddf31f9e7f26ea5d58/neoforge-21.10.64-universal.jar)))
[25Jul2026 23:47:24.655] [main/DEBUG] [net.neoforged.fml.loading.FMLLoader/]: Adding Access Transformer META-INF/accesstransformergenerated.cfg in composite(filtered(jar(/home/fiverka/.gradle/caches/modules-2/files-2.1/net.neoforged/neoforge/21.10.64/f3fdbbbda21bad3e3adafdddf31f9e7f26ea5d58/neoforge-21.10.64-universal.jar)))
[25Jul2026 23:47:24.665] [main/DEBUG] [net.neoforged.fml.util.ServiceLoaderUtil/CORE]: Found 5 implementations of ClassProcessor:
[25Jul2026 23:47:24.665] [main/DEBUG] [net.neoforged.fml.util.ServiceLoaderUtil/CORE]: 	[built-in] net.neoforged.fml.common.asm.AccessTransformerService from /home/fiverka/.gradle/caches/modules-2/files-2.1/net.neoforged.fancymodloader/loader/10.0.32/ef0364b1413d96932ddf4b4dc4a5660a4d861b5b/loader-10.0.32.jar
[25Jul2026 23:47:24.666] [main/DEBUG] [net.neoforged.fml.util.ServiceLoaderUtil/CORE]: 	[built-in] net.neoforged.fml.common.asm.enumextension.RuntimeEnumExtender from /home/fiverka/.gradle/caches/modules-2/files-2.1/net.neoforged.fancymodloader/loader/10.0.32/ef0364b1413d96932ddf4b4dc4a5660a4d861b5b/loader-10.0.32.jar
[25Jul2026 23:47:24.666] [main/DEBUG] [net.neoforged.fml.util.ServiceLoaderUtil/CORE]: 	[built-in] net.neoforged.fml.common.asm.SimpleProcessorsGroup from /home/fiverka/.gradle/caches/modules-2/files-2.1/net.neoforged.fancymodloader/loader/10.0.32/ef0364b1413d96932ddf4b4dc4a5660a4d861b5b/loader-10.0.32.jar
[25Jul2026 23:47:24.666] [main/DEBUG] [net.neoforged.fml.util.ServiceLoaderUtil/CORE]: 	[built-in] net.neoforged.fml.loading.moddiscovery.locators.NeoForgeDevDistCleaner from /home/fiverka/.gradle/caches/modules-2/files-2.1/net.neoforged.fancymodloader/loader/10.0.32/ef0364b1413d96932ddf4b4dc4a5660a4d861b5b/loader-10.0.32.jar
[25Jul2026 23:47:24.666] [main/DEBUG] [net.neoforged.fml.util.ServiceLoaderUtil/CORE]: 	[built-in] net.neoforged.fml.loading.mixin.FMLMixinClassProcessor from /home/fiverka/.gradle/caches/modules-2/files-2.1/net.neoforged.fancymodloader/loader/10.0.32/ef0364b1413d96932ddf4b4dc4a5660a4d861b5b/loader-10.0.32.jar
[25Jul2026 23:47:24.667] [main/DEBUG] [net.neoforged.fml.util.ServiceLoaderUtil/CORE]: Found 1 implementations of ClassProcessorProvider:
[25Jul2026 23:47:24.667] [main/DEBUG] [net.neoforged.fml.util.ServiceLoaderUtil/CORE]: 	net.neoforged.neoforge.coremods.NeoForgeCoreMod from /home/fiverka/.gradle/caches/modules-2/files-2.1/net.neoforged/neoforge/21.10.64/f3fdbbbda21bad3e3adafdddf31f9e7f26ea5d58/neoforge-21.10.64-universal.jar > net.neoforged.neoforge-coremods-21.10.64.jar
[25Jul2026 23:47:24.677] [main/DEBUG] [net.neoforged.fml.loading.FMLLoader/]: Masking classpath elements: [/home/fiverka/Projects/fiverkas-weapons-1.21.5-1.21.11/.gradle/repositories/ng_dummy_ng/net/neoforged/neoforge/21.10.64/neoforge-21.10.64.jar, /home/fiverka/Projects/fiverkas-weapons-1.21.5-1.21.11/build/resources/main, /home/fiverka/Projects/fiverkas-weapons-1.21.5-1.21.11/build/classes/java/main, /home/fiverka/.gradle/caches/modules-2/files-2.1/net.neoforged/neoforge/21.10.64/f3fdbbbda21bad3e3adafdddf31f9e7f26ea5d58/neoforge-21.10.64-universal.jar, /home/fiverka/.gradle/caches/modules-2/files-2.1/io.github.llamalad7/mixinextras-neoforge/0.5.0/d734b83ce6542bb70ea31755c1595b88992dbe65/mixinextras-neoforge-0.5.0.jar]
[25Jul2026 23:47:24.684] [main/INFO] [net.neoforged.fml.loading.FMLLoader/]: Building game content classloader:
 - bettercombat (jar(mods/bettercombat-neoforge-3.0.0+1.21.10.jar))
 - cloth_config (jar(mods/cloth-config-20.0.149-neoforge.jar))
 - fweapons (composite(folder(/home/fiverka/Projects/fiverkas-weapons-1.21.5-1.21.11/build/resources/main), folder(/home/fiverka/Projects/fiverkas-weapons-1.21.5-1.21.11/build/classes/java/main)))
 - minecraft (composite(filtered(jar(/home/fiverka/Projects/fiverkas-weapons-1.21.5-1.21.11/.gradle/repositories/ng_dummy_ng/net/neoforged/neoforge/21.10.64/neoforge-21.10.64.jar)), filtered(jar(/home/fiverka/Projects/fiverkas-weapons-1.21.5-1.21.11/.gradle/repositories/ng_dummy_ng/net/neoforged/neoforge/21.10.64/neoforge-21.10.64.jar))))
 - mixinextras.neoforge (jar(/home/fiverka/.gradle/caches/modules-2/files-2.1/io.github.llamalad7/mixinextras-neoforge/0.5.0/d734b83ce6542bb70ea31755c1595b88992dbe65/mixinextras-neoforge-0.5.0.jar))
 - mochafloats (jar(mods/PlayerAnimationLibNeoforge-1.1.3+mc.1.21.9.jar > mochafloats-4.1.0.jar))
 - neoforge (composite(filtered(jar(/home/fiverka/.gradle/caches/modules-2/files-2.1/net.neoforged/neoforge/21.10.64/f3fdbbbda21bad3e3adafdddf31f9e7f26ea5d58/neoforge-21.10.64-universal.jar))))
 - net.neoforged.fml.generated (empty(VirtualJar/net.neoforged.fml.generated))
 - player_animation_library (jar(mods/PlayerAnimationLibNeoforge-1.1.3+mc.1.21.9.jar))
 - tiny_config (jar(mods/bettercombat-neoforge-3.0.0+1.21.10.jar > tiny-config-3.1.0-neoforge.jar))
[25Jul2026 23:47:24.692] [main/INFO] [net.neoforged.fml.loading.FMLLoader/]: Built game content classloader in 15ms
[25Jul2026 23:47:24.730] [main/DEBUG] [mixin/]: Processing launch tasks for PlatformAgent[MixinPlatformAgentDefault:ContainerHandleVirtual(fml:18c85)]
[25Jul2026 23:47:24.731] [main/DEBUG] [mixin/]: Processing launch tasks for PlatformAgent[MixinPlatformAgentDefault:ContainerHandleVirtual(fml:18c85)]
[25Jul2026 23:47:24.731] [main/DEBUG] [mixin/]: Adding agents for Mixin Container jar(mods/PlayerAnimationLibNeoforge-1.1.3+mc.1.21.9.jar) > jar(mods/PlayerAnimationLibNeoforge-1.1.3+mc.1.21.9.jar > javassist-3.30.2-GA.jar)
[25Jul2026 23:47:24.731] [main/DEBUG] [mixin/]: Adding mixin platform agents for container jar(mods/PlayerAnimationLibNeoforge-1.1.3+mc.1.21.9.jar) > jar(mods/PlayerAnimationLibNeoforge-1.1.3+mc.1.21.9.jar > javassist-3.30.2-GA.jar)
[25Jul2026 23:47:24.732] [main/DEBUG] [mixin/]: Instancing new MixinPlatformAgentDefault for jar(mods/PlayerAnimationLibNeoforge-1.1.3+mc.1.21.9.jar) > jar(mods/PlayerAnimationLibNeoforge-1.1.3+mc.1.21.9.jar > javassist-3.30.2-GA.jar)
[25Jul2026 23:47:24.732] [main/DEBUG] [mixin/]: MixinPlatformAgentDefault accepted container jar(mods/PlayerAnimationLibNeoforge-1.1.3+mc.1.21.9.jar) > jar(mods/PlayerAnimationLibNeoforge-1.1.3+mc.1.21.9.jar > javassist-3.30.2-GA.jar)
[25Jul2026 23:47:24.732] [main/DEBUG] [mixin/]: Instancing new MixinPlatformAgentDefault for jar(mods/PlayerAnimationLibNeoforge-1.1.3+mc.1.21.9.jar) > jar(mods/PlayerAnimationLibNeoforge-1.1.3+mc.1.21.9.jar > javassist-3.30.2-GA.jar)
[25Jul2026 23:47:24.733] [main/DEBUG] [mixin/]: MixinPlatformAgentDefault accepted container jar(mods/PlayerAnimationLibNeoforge-1.1.3+mc.1.21.9.jar) > jar(mods/PlayerAnimationLibNeoforge-1.1.3+mc.1.21.9.jar > javassist-3.30.2-GA.jar)
[25Jul2026 23:47:24.733] [main/DEBUG] [mixin/]: Processing prepare() for PlatformAgent[MixinPlatformAgentDefault:jar(mods/PlayerAnimationLibNeoforge-1.1.3+mc.1.21.9.jar) > jar(mods/PlayerAnimationLibNeoforge-1.1.3+mc.1.21.9.jar > javassist-3.30.2-GA.jar)]
[25Jul2026 23:47:24.733] [main/DEBUG] [mixin/]: Processing prepare() for PlatformAgent[MixinPlatformAgentDefault:jar(mods/PlayerAnimationLibNeoforge-1.1.3+mc.1.21.9.jar) > jar(mods/PlayerAnimationLibNeoforge-1.1.3+mc.1.21.9.jar > javassist-3.30.2-GA.jar)]
[25Jul2026 23:47:24.733] [main/DEBUG] [mixin/]: Adding agents for Mixin Container composite(filtered(jar(/home/fiverka/.gradle/caches/modules-2/files-2.1/net.neoforged/neoforge/21.10.64/f3fdbbbda21bad3e3adafdddf31f9e7f26ea5d58/neoforge-21.10.64-universal.jar))) > jar(/home/fiverka/.gradle/caches/modules-2/files-2.1/net.neoforged/neoforge/21.10.64/f3fdbbbda21bad3e3adafdddf31f9e7f26ea5d58/neoforge-21.10.64-universal.jar > net.neoforged.neoforge-coremods-21.10.64.jar)
[25Jul2026 23:47:24.734] [main/DEBUG] [mixin/]: Adding mixin platform agents for container composite(filtered(jar(/home/fiverka/.gradle/caches/modules-2/files-2.1/net.neoforged/neoforge/21.10.64/f3fdbbbda21bad3e3adafdddf31f9e7f26ea5d58/neoforge-21.10.64-universal.jar))) > jar(/home/fiverka/.gradle/caches/modules-2/files-2.1/net.neoforged/neoforge/21.10.64/f3fdbbbda21bad3e3adafdddf31f9e7f26ea5d58/neoforge-21.10.64-universal.jar > net.neoforged.neoforge-coremods-21.10.64.jar)
[25Jul2026 23:47:24.734] [main/DEBUG] [mixin/]: Instancing new MixinPlatformAgentDefault for composite(filtered(jar(/home/fiverka/.gradle/caches/modules-2/files-2.1/net.neoforged/neoforge/21.10.64/f3fdbbbda21bad3e3adafdddf31f9e7f26ea5d58/neoforge-21.10.64-universal.jar))) > jar(/home/fiverka/.gradle/caches/modules-2/files-2.1/net.neoforged/neoforge/21.10.64/f3fdbbbda21bad3e3adafdddf31f9e7f26ea5d58/neoforge-21.10.64-universal.jar > net.neoforged.neoforge-coremods-21.10.64.jar)
[25Jul2026 23:47:24.734] [main/DEBUG] [mixin/]: MixinPlatformAgentDefault accepted container composite(filtered(jar(/home/fiverka/.gradle/caches/modules-2/files-2.1/net.neoforged/neoforge/21.10.64/f3fdbbbda21bad3e3adafdddf31f9e7f26ea5d58/neoforge-21.10.64-universal.jar))) > jar(/home/fiverka/.gradle/caches/modules-2/files-2.1/net.neoforged/neoforge/21.10.64/f3fdbbbda21bad3e3adafdddf31f9e7f26ea5d58/neoforge-21.10.64-universal.jar > net.neoforged.neoforge-coremods-21.10.64.jar)
[25Jul2026 23:47:24.734] [main/DEBUG] [mixin/]: Instancing new MixinPlatformAgentDefault for composite(filtered(jar(/home/fiverka/.gradle/caches/modules-2/files-2.1/net.neoforged/neoforge/21.10.64/f3fdbbbda21bad3e3adafdddf31f9e7f26ea5d58/neoforge-21.10.64-universal.jar))) > jar(/home/fiverka/.gradle/caches/modules-2/files-2.1/net.neoforged/neoforge/21.10.64/f3fdbbbda21bad3e3adafdddf31f9e7f26ea5d58/neoforge-21.10.64-universal.jar > net.neoforged.neoforge-coremods-21.10.64.jar)
[25Jul2026 23:47:24.734] [main/DEBUG] [mixin/]: MixinPlatformAgentDefault accepted container composite(filtered(jar(/home/fiverka/.gradle/caches/modules-2/files-2.1/net.neoforged/neoforge/21.10.64/f3fdbbbda21bad3e3adafdddf31f9e7f26ea5d58/neoforge-21.10.64-universal.jar))) > jar(/home/fiverka/.gradle/caches/modules-2/files-2.1/net.neoforged/neoforge/21.10.64/f3fdbbbda21bad3e3adafdddf31f9e7f26ea5d58/neoforge-21.10.64-universal.jar > net.neoforged.neoforge-coremods-21.10.64.jar)
[25Jul2026 23:47:24.734] [main/DEBUG] [mixin/]: Processing prepare() for PlatformAgent[MixinPlatformAgentDefault:composite(filtered(jar(/home/fiverka/.gradle/caches/modules-2/files-2.1/net.neoforged/neoforge/21.10.64/f3fdbbbda21bad3e3adafdddf31f9e7f26ea5d58/neoforge-21.10.64-universal.jar))) > jar(/home/fiverka/.gradle/caches/modules-2/files-2.1/net.neoforged/neoforge/21.10.64/f3fdbbbda21bad3e3adafdddf31f9e7f26ea5d58/neoforge-21.10.64-universal.jar > net.neoforged.neoforge-coremods-21.10.64.jar)]
[25Jul2026 23:47:24.735] [main/DEBUG] [mixin/]: Processing prepare() for PlatformAgent[MixinPlatformAgentDefault:composite(filtered(jar(/home/fiverka/.gradle/caches/modules-2/files-2.1/net.neoforged/neoforge/21.10.64/f3fdbbbda21bad3e3adafdddf31f9e7f26ea5d58/neoforge-21.10.64-universal.jar))) > jar(/home/fiverka/.gradle/caches/modules-2/files-2.1/net.neoforged/neoforge/21.10.64/f3fdbbbda21bad3e3adafdddf31f9e7f26ea5d58/neoforge-21.10.64-universal.jar > net.neoforged.neoforge-coremods-21.10.64.jar)]
[25Jul2026 23:47:24.735] [main/DEBUG] [mixin/]: Adding agents for Mixin Container jar(/home/fiverka/.gradle/caches/modules-2/files-2.1/io.github.llamalad7/mixinextras-neoforge/0.5.0/d734b83ce6542bb70ea31755c1595b88992dbe65/mixinextras-neoforge-0.5.0.jar)
[25Jul2026 23:47:24.735] [main/DEBUG] [mixin/]: Adding mixin platform agents for container jar(/home/fiverka/.gradle/caches/modules-2/files-2.1/io.github.llamalad7/mixinextras-neoforge/0.5.0/d734b83ce6542bb70ea31755c1595b88992dbe65/mixinextras-neoforge-0.5.0.jar)
[25Jul2026 23:47:24.735] [main/DEBUG] [mixin/]: Instancing new MixinPlatformAgentDefault for jar(/home/fiverka/.gradle/caches/modules-2/files-2.1/io.github.llamalad7/mixinextras-neoforge/0.5.0/d734b83ce6542bb70ea31755c1595b88992dbe65/mixinextras-neoforge-0.5.0.jar)
[25Jul2026 23:47:24.735] [main/DEBUG] [mixin/]: MixinPlatformAgentDefault accepted container jar(/home/fiverka/.gradle/caches/modules-2/files-2.1/io.github.llamalad7/mixinextras-neoforge/0.5.0/d734b83ce6542bb70ea31755c1595b88992dbe65/mixinextras-neoforge-0.5.0.jar)
[25Jul2026 23:47:24.735] [main/DEBUG] [mixin/]: Instancing new MixinPlatformAgentDefault for jar(/home/fiverka/.gradle/caches/modules-2/files-2.1/io.github.llamalad7/mixinextras-neoforge/0.5.0/d734b83ce6542bb70ea31755c1595b88992dbe65/mixinextras-neoforge-0.5.0.jar)
[25Jul2026 23:47:24.735] [main/DEBUG] [mixin/]: MixinPlatformAgentDefault accepted container jar(/home/fiverka/.gradle/caches/modules-2/files-2.1/io.github.llamalad7/mixinextras-neoforge/0.5.0/d734b83ce6542bb70ea31755c1595b88992dbe65/mixinextras-neoforge-0.5.0.jar)
[25Jul2026 23:47:24.736] [main/DEBUG] [mixin/]: Processing prepare() for PlatformAgent[MixinPlatformAgentDefault:jar(/home/fiverka/.gradle/caches/modules-2/files-2.1/io.github.llamalad7/mixinextras-neoforge/0.5.0/d734b83ce6542bb70ea31755c1595b88992dbe65/mixinextras-neoforge-0.5.0.jar)]
[25Jul2026 23:47:24.736] [main/DEBUG] [mixin/]: Registering mixin config: mixinextras.init.mixins.json source=jar(/home/fiverka/.gradle/caches/modules-2/files-2.1/io.github.llamalad7/mixinextras-neoforge/0.5.0/d734b83ce6542bb70ea31755c1595b88992dbe65/mixinextras-neoforge-0.5.0.jar)
[25Jul2026 23:47:24.738] [main/DEBUG] [mixin/]: Processing prepare() for PlatformAgent[MixinPlatformAgentDefault:jar(/home/fiverka/.gradle/caches/modules-2/files-2.1/io.github.llamalad7/mixinextras-neoforge/0.5.0/d734b83ce6542bb70ea31755c1595b88992dbe65/mixinextras-neoforge-0.5.0.jar)]
[25Jul2026 23:47:24.738] [main/DEBUG] [mixin/]: Registering mixin config: mixinextras.init.mixins.json source=jar(/home/fiverka/.gradle/caches/modules-2/files-2.1/io.github.llamalad7/mixinextras-neoforge/0.5.0/d734b83ce6542bb70ea31755c1595b88992dbe65/mixinextras-neoforge-0.5.0.jar)
[25Jul2026 23:47:24.738] [main/DEBUG] [mixin/]: Adding agents for Mixin Container jar(mods/PlayerAnimationLibNeoforge-1.1.3+mc.1.21.9.jar) > jar(mods/PlayerAnimationLibNeoforge-1.1.3+mc.1.21.9.jar > mochafloats-4.1.0.jar)
[25Jul2026 23:47:24.738] [main/DEBUG] [mixin/]: Adding mixin platform agents for container jar(mods/PlayerAnimationLibNeoforge-1.1.3+mc.1.21.9.jar) > jar(mods/PlayerAnimationLibNeoforge-1.1.3+mc.1.21.9.jar > mochafloats-4.1.0.jar)
[25Jul2026 23:47:24.738] [main/DEBUG] [mixin/]: Instancing new MixinPlatformAgentDefault for jar(mods/PlayerAnimationLibNeoforge-1.1.3+mc.1.21.9.jar) > jar(mods/PlayerAnimationLibNeoforge-1.1.3+mc.1.21.9.jar > mochafloats-4.1.0.jar)
[25Jul2026 23:47:24.738] [main/DEBUG] [mixin/]: MixinPlatformAgentDefault accepted container jar(mods/PlayerAnimationLibNeoforge-1.1.3+mc.1.21.9.jar) > jar(mods/PlayerAnimationLibNeoforge-1.1.3+mc.1.21.9.jar > mochafloats-4.1.0.jar)
[25Jul2026 23:47:24.738] [main/DEBUG] [mixin/]: Instancing new MixinPlatformAgentDefault for jar(mods/PlayerAnimationLibNeoforge-1.1.3+mc.1.21.9.jar) > jar(mods/PlayerAnimationLibNeoforge-1.1.3+mc.1.21.9.jar > mochafloats-4.1.0.jar)
[25Jul2026 23:47:24.739] [main/DEBUG] [mixin/]: MixinPlatformAgentDefault accepted container jar(mods/PlayerAnimationLibNeoforge-1.1.3+mc.1.21.9.jar) > jar(mods/PlayerAnimationLibNeoforge-1.1.3+mc.1.21.9.jar > mochafloats-4.1.0.jar)
[25Jul2026 23:47:24.739] [main/DEBUG] [mixin/]: Processing prepare() for PlatformAgent[MixinPlatformAgentDefault:jar(mods/PlayerAnimationLibNeoforge-1.1.3+mc.1.21.9.jar) > jar(mods/PlayerAnimationLibNeoforge-1.1.3+mc.1.21.9.jar > mochafloats-4.1.0.jar)]
[25Jul2026 23:47:24.739] [main/DEBUG] [mixin/]: Processing prepare() for PlatformAgent[MixinPlatformAgentDefault:jar(mods/PlayerAnimationLibNeoforge-1.1.3+mc.1.21.9.jar) > jar(mods/PlayerAnimationLibNeoforge-1.1.3+mc.1.21.9.jar > mochafloats-4.1.0.jar)]
[25Jul2026 23:47:24.739] [main/DEBUG] [mixin/]: inject() running with 5 agents
[25Jul2026 23:47:24.739] [main/DEBUG] [mixin/]: Processing inject() for PlatformAgent[MixinPlatformAgentDefault:ContainerHandleVirtual(fml:18c85)]
[25Jul2026 23:47:24.739] [main/DEBUG] [mixin/]: Processing inject() for PlatformAgent[MixinPlatformAgentDefault:ContainerHandleVirtual(fml:18c85)]
[25Jul2026 23:47:24.739] [main/DEBUG] [mixin/]: Processing inject() for PlatformAgent[MixinPlatformAgentDefault:jar(mods/PlayerAnimationLibNeoforge-1.1.3+mc.1.21.9.jar) > jar(mods/PlayerAnimationLibNeoforge-1.1.3+mc.1.21.9.jar > javassist-3.30.2-GA.jar)]
[25Jul2026 23:47:24.740] [main/DEBUG] [mixin/]: Processing inject() for PlatformAgent[MixinPlatformAgentDefault:jar(mods/PlayerAnimationLibNeoforge-1.1.3+mc.1.21.9.jar) > jar(mods/PlayerAnimationLibNeoforge-1.1.3+mc.1.21.9.jar > javassist-3.30.2-GA.jar)]
[25Jul2026 23:47:24.740] [main/DEBUG] [mixin/]: Processing inject() for PlatformAgent[MixinPlatformAgentDefault:composite(filtered(jar(/home/fiverka/.gradle/caches/modules-2/files-2.1/net.neoforged/neoforge/21.10.64/f3fdbbbda21bad3e3adafdddf31f9e7f26ea5d58/neoforge-21.10.64-universal.jar))) > jar(/home/fiverka/.gradle/caches/modules-2/files-2.1/net.neoforged/neoforge/21.10.64/f3fdbbbda21bad3e3adafdddf31f9e7f26ea5d58/neoforge-21.10.64-universal.jar > net.neoforged.neoforge-coremods-21.10.64.jar)]
[25Jul2026 23:47:24.740] [main/DEBUG] [mixin/]: Processing inject() for PlatformAgent[MixinPlatformAgentDefault:composite(filtered(jar(/home/fiverka/.gradle/caches/modules-2/files-2.1/net.neoforged/neoforge/21.10.64/f3fdbbbda21bad3e3adafdddf31f9e7f26ea5d58/neoforge-21.10.64-universal.jar))) > jar(/home/fiverka/.gradle/caches/modules-2/files-2.1/net.neoforged/neoforge/21.10.64/f3fdbbbda21bad3e3adafdddf31f9e7f26ea5d58/neoforge-21.10.64-universal.jar > net.neoforged.neoforge-coremods-21.10.64.jar)]
[25Jul2026 23:47:24.740] [main/DEBUG] [mixin/]: Processing inject() for PlatformAgent[MixinPlatformAgentDefault:jar(/home/fiverka/.gradle/caches/modules-2/files-2.1/io.github.llamalad7/mixinextras-neoforge/0.5.0/d734b83ce6542bb70ea31755c1595b88992dbe65/mixinextras-neoforge-0.5.0.jar)]
[25Jul2026 23:47:24.740] [main/DEBUG] [mixin/]: Processing inject() for PlatformAgent[MixinPlatformAgentDefault:jar(/home/fiverka/.gradle/caches/modules-2/files-2.1/io.github.llamalad7/mixinextras-neoforge/0.5.0/d734b83ce6542bb70ea31755c1595b88992dbe65/mixinextras-neoforge-0.5.0.jar)]
[25Jul2026 23:47:24.740] [main/DEBUG] [mixin/]: Processing inject() for PlatformAgent[MixinPlatformAgentDefault:jar(mods/PlayerAnimationLibNeoforge-1.1.3+mc.1.21.9.jar) > jar(mods/PlayerAnimationLibNeoforge-1.1.3+mc.1.21.9.jar > mochafloats-4.1.0.jar)]
[25Jul2026 23:47:24.740] [main/DEBUG] [mixin/]: Processing inject() for PlatformAgent[MixinPlatformAgentDefault:jar(mods/PlayerAnimationLibNeoforge-1.1.3+mc.1.21.9.jar) > jar(mods/PlayerAnimationLibNeoforge-1.1.3+mc.1.21.9.jar > mochafloats-4.1.0.jar)]
[25Jul2026 23:47:24.750] [main/DEBUG] [mixin/]: Preparing mixins for MixinEnvironment[DEFAULT]
[25Jul2026 23:47:24.751] [main/DEBUG] [mixin/]: Selecting config player_animation_library.mixins.json
[25Jul2026 23:47:24.754] [main/DEBUG] [mixin/]: Selecting config tiny_config.mixins.json
[25Jul2026 23:47:24.754] [main/DEBUG] [mixin/]: Selecting config bettercombat.mixins.json
[25Jul2026 23:47:24.754] [main/DEBUG] [mixin/]: Selecting config neoforge.mixins.json
[25Jul2026 23:47:24.754] [main/DEBUG] [mixin/]: Selecting config mixinextras.init.mixins.json
[25Jul2026 23:47:24.788] [main/DEBUG] [MixinExtras|Service/]: com.llamalad7.mixinextras.service.MixinExtrasServiceImpl(version=0.5.0) is taking over from null
[25Jul2026 23:47:24.809] [main/DEBUG] [mixin/]: Registering new injector for @Inject with org.spongepowered.asm.mixin.injection.struct.CallbackInjectionInfo
[25Jul2026 23:47:24.810] [main/DEBUG] [mixin/]: Registering new injector for @ModifyArg with org.spongepowered.asm.mixin.injection.struct.ModifyArgInjectionInfo
[25Jul2026 23:47:24.810] [main/DEBUG] [mixin/]: Registering new injector for @ModifyArgs with org.spongepowered.asm.mixin.injection.struct.ModifyArgsInjectionInfo
[25Jul2026 23:47:24.811] [main/DEBUG] [mixin/]: Registering new injector for @Redirect with org.spongepowered.asm.mixin.injection.struct.RedirectInjectionInfo
[25Jul2026 23:47:24.812] [main/DEBUG] [mixin/]: Registering new injector for @ModifyVariable with org.spongepowered.asm.mixin.injection.struct.ModifyVariableInjectionInfo
[25Jul2026 23:47:24.812] [main/DEBUG] [mixin/]: Registering new injector for @ModifyConstant with org.spongepowered.asm.mixin.injection.struct.ModifyConstantInjectionInfo
[25Jul2026 23:47:24.818] [main/DEBUG] [mixin/]: Preparing player_animation_library.mixins.json (14)
[25Jul2026 23:47:24.891] [main/DEBUG] [mixin/]: Preparing tiny_config.mixins.json (0)
[25Jul2026 23:47:24.891] [main/DEBUG] [mixin/]: Preparing bettercombat.mixins.json (20)
[25Jul2026 23:47:24.952] [main/DEBUG] [mixin/]: Preparing neoforge.mixins.json (2)
[25Jul2026 23:47:24.961] [main/DEBUG] [mixin/]: Preparing mixinextras.init.mixins.json (0)
[25Jul2026 23:47:25.094] [main/DEBUG] [io.netty.util.internal.logging.InternalLoggerFactory/]: Using SLF4J as the default logging framework
[25Jul2026 23:47:25.095] [main/DEBUG] [io.netty.util.ResourceLeakDetector/]: -Dio.netty.leakDetection.level: simple
[25Jul2026 23:47:25.095] [main/DEBUG] [io.netty.util.ResourceLeakDetector/]: -Dio.netty.leakDetection.targetRecords: 4
[25Jul2026 23:47:25.467] [main/DEBUG] [oshi.util.FileUtil/]: Reading file /proc/self/auxv
[25Jul2026 23:47:25.468] [main/DEBUG] [oshi.util.FileUtil/]: Reading file /proc/self/auxv
[25Jul2026 23:47:25.470] [main/DEBUG] [oshi.util.FileUtil/]: Reading file /proc/stat
[25Jul2026 23:47:25.478] [main/DEBUG] [oshi.util.FileUtil/]: Reading file /sys/devices/system/cpu/cpu0/topology/core_id
[25Jul2026 23:47:25.478] [main/DEBUG] [oshi.util.FileUtil/]: Reading file /sys/devices/system/cpu/cpu0/topology/core_id
[25Jul2026 23:47:25.478] [main/DEBUG] [oshi.util.FileUtil/]: Reading file /sys/devices/system/cpu/cpu0/topology/physical_package_id
[25Jul2026 23:47:25.478] [main/DEBUG] [oshi.util.FileUtil/]: Reading file /sys/devices/system/cpu/cpu0/topology/physical_package_id
[25Jul2026 23:47:25.479] [main/DEBUG] [oshi.util.FileUtil/]: Reading file /sys/devices/system/cpu/cpu0/cpu_capacity
[25Jul2026 23:47:25.479] [main/DEBUG] [oshi.util.FileUtil/]: Reading file /sys/devices/system/cpu/cpu0/cpu_capacity
[25Jul2026 23:47:25.480] [main/DEBUG] [oshi.util.FileUtil/]: Reading file /sys/devices/system/cpu/cpu0/cache/index2/level
[25Jul2026 23:47:25.480] [main/DEBUG] [oshi.util.FileUtil/]: Reading file /sys/devices/system/cpu/cpu0/cache/index2/level
[25Jul2026 23:47:25.480] [main/DEBUG] [oshi.util.FileUtil/]: Reading file /sys/devices/system/cpu/cpu0/cache/index2/type
[25Jul2026 23:47:25.480] [main/DEBUG] [oshi.util.FileUtil/]: Reading file /sys/devices/system/cpu/cpu0/cache/index2/type
[25Jul2026 23:47:25.481] [main/DEBUG] [oshi.util.FileUtil/]: Reading file /sys/devices/system/cpu/cpu0/cache/index2/ways_of_associativity
[25Jul2026 23:47:25.481] [main/DEBUG] [oshi.util.FileUtil/]: Reading file /sys/devices/system/cpu/cpu0/cache/index2/ways_of_associativity
[25Jul2026 23:47:25.481] [main/DEBUG] [oshi.util.FileUtil/]: Reading file /sys/devices/system/cpu/cpu0/cache/index2/coherency_line_size
[25Jul2026 23:47:25.481] [main/DEBUG] [oshi.util.FileUtil/]: Reading file /sys/devices/system/cpu/cpu0/cache/index2/coherency_line_size
[25Jul2026 23:47:25.481] [main/DEBUG] [oshi.util.FileUtil/]: Reading file /sys/devices/system/cpu/cpu0/cache/index2/size
[25Jul2026 23:47:25.482] [main/DEBUG] [oshi.util.FileUtil/]: Reading file /sys/devices/system/cpu/cpu0/cache/index2/size
[25Jul2026 23:47:25.482] [main/DEBUG] [oshi.util.FileUtil/]: Reading file /sys/devices/system/cpu/cpu0/cache/index0/level
[25Jul2026 23:47:25.482] [main/DEBUG] [oshi.util.FileUtil/]: Reading file /sys/devices/system/cpu/cpu0/cache/index0/level
[25Jul2026 23:47:25.482] [main/DEBUG] [oshi.util.FileUtil/]: Reading file /sys/devices/system/cpu/cpu0/cache/index0/type
[25Jul2026 23:47:25.482] [main/DEBUG] [oshi.util.FileUtil/]: Reading file /sys/devices/system/cpu/cpu0/cache/index0/type
[25Jul2026 23:47:25.483] [main/DEBUG] [oshi.util.FileUtil/]: Reading file /sys/devices/system/cpu/cpu0/cache/index0/ways_of_associativity
[25Jul2026 23:47:25.483] [main/DEBUG] [oshi.util.FileUtil/]: Reading file /sys/devices/system/cpu/cpu0/cache/index0/ways_of_associativity
[25Jul2026 23:47:25.483] [main/DEBUG] [oshi.util.FileUtil/]: Reading file /sys/devices/system/cpu/cpu0/cache/index0/coherency_line_size
[25Jul2026 23:47:25.483] [main/DEBUG] [oshi.util.FileUtil/]: Reading file /sys/devices/system/cpu/cpu0/cache/index0/coherency_line_size
[25Jul2026 23:47:25.483] [main/DEBUG] [oshi.util.FileUtil/]: Reading file /sys/devices/system/cpu/cpu0/cache/index0/size
[25Jul2026 23:47:25.483] [main/DEBUG] [oshi.util.FileUtil/]: Reading file /sys/devices/system/cpu/cpu0/cache/index0/size
[25Jul2026 23:47:25.483] [main/DEBUG] [oshi.util.FileUtil/]: Reading file /sys/devices/system/cpu/cpu0/cache/index3/level
[25Jul2026 23:47:25.483] [main/DEBUG] [oshi.util.FileUtil/]: Reading file /sys/devices/system/cpu/cpu0/cache/index3/level
[25Jul2026 23:47:25.483] [main/DEBUG] [oshi.util.FileUtil/]: Reading file /sys/devices/system/cpu/cpu0/cache/index3/type
[25Jul2026 23:47:25.483] [main/DEBUG] [oshi.util.FileUtil/]: Reading file /sys/devices/system/cpu/cpu0/cache/index3/type
[25Jul2026 23:47:25.483] [main/DEBUG] [oshi.util.FileUtil/]: Reading file /sys/devices/system/cpu/cpu0/cache/index3/ways_of_associativity
[25Jul2026 23:47:25.483] [main/DEBUG] [oshi.util.FileUtil/]: Reading file /sys/devices/system/cpu/cpu0/cache/index3/ways_of_associativity
[25Jul2026 23:47:25.484] [main/DEBUG] [oshi.util.FileUtil/]: Reading file /sys/devices/system/cpu/cpu0/cache/index3/coherency_line_size
[25Jul2026 23:47:25.484] [main/DEBUG] [oshi.util.FileUtil/]: Reading file /sys/devices/system/cpu/cpu0/cache/index3/coherency_line_size
[25Jul2026 23:47:25.484] [main/DEBUG] [oshi.util.FileUtil/]: Reading file /sys/devices/system/cpu/cpu0/cache/index3/size
[25Jul2026 23:47:25.484] [main/DEBUG] [oshi.util.FileUtil/]: Reading file /sys/devices/system/cpu/cpu0/cache/index3/size
[25Jul2026 23:47:25.484] [main/DEBUG] [oshi.util.FileUtil/]: Reading file /sys/devices/system/cpu/cpu0/cache/index1/level
[25Jul2026 23:47:25.484] [main/DEBUG] [oshi.util.FileUtil/]: Reading file /sys/devices/system/cpu/cpu0/cache/index1/level
[25Jul2026 23:47:25.484] [main/DEBUG] [oshi.util.FileUtil/]: Reading file /sys/devices/system/cpu/cpu0/cache/index1/type
[25Jul2026 23:47:25.484] [main/DEBUG] [oshi.util.FileUtil/]: Reading file /sys/devices/system/cpu/cpu0/cache/index1/type
[25Jul2026 23:47:25.484] [main/DEBUG] [oshi.util.FileUtil/]: Reading file /sys/devices/system/cpu/cpu0/cache/index1/ways_of_associativity
[25Jul2026 23:47:25.484] [main/DEBUG] [oshi.util.FileUtil/]: Reading file /sys/devices/system/cpu/cpu0/cache/index1/ways_of_associativity
[25Jul2026 23:47:25.484] [main/DEBUG] [oshi.util.FileUtil/]: Reading file /sys/devices/system/cpu/cpu0/cache/index1/coherency_line_size
[25Jul2026 23:47:25.484] [main/DEBUG] [oshi.util.FileUtil/]: Reading file /sys/devices/system/cpu/cpu0/cache/index1/coherency_line_size
[25Jul2026 23:47:25.485] [main/DEBUG] [oshi.util.FileUtil/]: Reading file /sys/devices/system/cpu/cpu0/cache/index1/size
[25Jul2026 23:47:25.485] [main/DEBUG] [oshi.util.FileUtil/]: Reading file /sys/devices/system/cpu/cpu0/cache/index1/size
[25Jul2026 23:47:25.485] [main/DEBUG] [oshi.util.FileUtil/]: Reading file /sys/devices/system/cpu/cpu1/topology/core_id
[25Jul2026 23:47:25.485] [main/DEBUG] [oshi.util.FileUtil/]: Reading file /sys/devices/system/cpu/cpu1/topology/core_id
[25Jul2026 23:47:25.485] [main/DEBUG] [oshi.util.FileUtil/]: Reading file /sys/devices/system/cpu/cpu1/topology/physical_package_id
[25Jul2026 23:47:25.485] [main/DEBUG] [oshi.util.FileUtil/]: Reading file /sys/devices/system/cpu/cpu1/topology/physical_package_id
[25Jul2026 23:47:25.485] [main/DEBUG] [oshi.util.FileUtil/]: Reading file /sys/devices/system/cpu/cpu1/cpu_capacity
[25Jul2026 23:47:25.486] [main/DEBUG] [oshi.util.FileUtil/]: Reading file /sys/devices/system/cpu/cpu1/cpu_capacity
[25Jul2026 23:47:25.486] [main/DEBUG] [oshi.util.FileUtil/]: Reading file /sys/devices/system/cpu/cpu1/cache/index2/level
[25Jul2026 23:47:25.486] [main/DEBUG] [oshi.util.FileUtil/]: Reading file /sys/devices/system/cpu/cpu1/cache/index2/level
[25Jul2026 23:47:25.486] [main/DEBUG] [oshi.util.FileUtil/]: Reading file /sys/devices/system/cpu/cpu1/cache/index2/type
[25Jul2026 23:47:25.486] [main/DEBUG] [oshi.util.FileUtil/]: Reading file /sys/devices/system/cpu/cpu1/cache/index2/type
[25Jul2026 23:47:25.486] [main/DEBUG] [oshi.util.FileUtil/]: Reading file /sys/devices/system/cpu/cpu1/cache/index2/ways_of_associativity
[25Jul2026 23:47:25.486] [main/DEBUG] [oshi.util.FileUtil/]: Reading file /sys/devices/system/cpu/cpu1/cache/index2/ways_of_associativity
[25Jul2026 23:47:25.486] [main/DEBUG] [oshi.util.FileUtil/]: Reading file /sys/devices/system/cpu/cpu1/cache/index2/coherency_line_size
[25Jul2026 23:47:25.486] [main/DEBUG] [oshi.util.FileUtil/]: Reading file /sys/devices/system/cpu/cpu1/cache/index2/coherency_line_size
[25Jul2026 23:47:25.487] [main/DEBUG] [oshi.util.FileUtil/]: Reading file /sys/devices/system/cpu/cpu1/cache/index2/size
[25Jul2026 23:47:25.487] [main/DEBUG] [oshi.util.FileUtil/]: Reading file /sys/devices/system/cpu/cpu1/cache/index2/size
[25Jul2026 23:47:25.487] [main/DEBUG] [oshi.util.FileUtil/]: Reading file /sys/devices/system/cpu/cpu1/cache/index0/level
[25Jul2026 23:47:25.487] [main/DEBUG] [oshi.util.FileUtil/]: Reading file /sys/devices/system/cpu/cpu1/cache/index0/level
[25Jul2026 23:47:25.487] [main/DEBUG] [oshi.util.FileUtil/]: Reading file /sys/devices/system/cpu/cpu1/cache/index0/type
[25Jul2026 23:47:25.487] [main/DEBUG] [oshi.util.FileUtil/]: Reading file /sys/devices/system/cpu/cpu1/cache/index0/type
[25Jul2026 23:47:25.487] [main/DEBUG] [oshi.util.FileUtil/]: Reading file /sys/devices/system/cpu/cpu1/cache/index0/ways_of_associativity
[25Jul2026 23:47:25.487] [main/DEBUG] [oshi.util.FileUtil/]: Reading file /sys/devices/system/cpu/cpu1/cache/index0/ways_of_associativity
[25Jul2026 23:47:25.487] [main/DEBUG] [oshi.util.FileUtil/]: Reading file /sys/devices/system/cpu/cpu1/cache/index0/coherency_line_size
[25Jul2026 23:47:25.487] [main/DEBUG] [oshi.util.FileUtil/]: Reading file /sys/devices/system/cpu/cpu1/cache/index0/coherency_line_size
[25Jul2026 23:47:25.488] [main/DEBUG] [oshi.util.FileUtil/]: Reading file /sys/devices/system/cpu/cpu1/cache/index0/size
[25Jul2026 23:47:25.488] [main/DEBUG] [oshi.util.FileUtil/]: Reading file /sys/devices/system/cpu/cpu1/cache/index0/size
[25Jul2026 23:47:25.488] [main/DEBUG] [oshi.util.FileUtil/]: Reading file /sys/devices/system/cpu/cpu1/cache/index3/level
[25Jul2026 23:47:25.488] [main/DEBUG] [oshi.util.FileUtil/]: Reading file /sys/devices/system/cpu/cpu1/cache/index3/level
[25Jul2026 23:47:25.488] [main/DEBUG] [oshi.util.FileUtil/]: Reading file /sys/devices/system/cpu/cpu1/cache/index3/type
[25Jul2026 23:47:25.488] [main/DEBUG] [oshi.util.FileUtil/]: Reading file /sys/devices/system/cpu/cpu1/cache/index3/type
[25Jul2026 23:47:25.488] [main/DEBUG] [oshi.util.FileUtil/]: Reading file /sys/devices/system/cpu/cpu1/cache/index3/ways_of_associativity
[25Jul2026 23:47:25.488] [main/DEBUG] [oshi.util.FileUtil/]: Reading file /sys/devices/system/cpu/cpu1/cache/index3/ways_of_associativity
[25Jul2026 23:47:25.489] [main/DEBUG] [oshi.util.FileUtil/]: Reading file /sys/devices/system/cpu/cpu1/cache/index3/coherency_line_size
[25Jul2026 23:47:25.489] [main/DEBUG] [oshi.util.FileUtil/]: Reading file /sys/devices/system/cpu/cpu1/cache/index3/coherency_line_size
[25Jul2026 23:47:25.489] [main/DEBUG] [oshi.util.FileUtil/]: Reading file /sys/devices/system/cpu/cpu1/cache/index3/size
[25Jul2026 23:47:25.489] [main/DEBUG] [oshi.util.FileUtil/]: Reading file /sys/devices/system/cpu/cpu1/cache/index3/size
[25Jul2026 23:47:25.489] [main/DEBUG] [oshi.util.FileUtil/]: Reading file /sys/devices/system/cpu/cpu1/cache/index1/level
[25Jul2026 23:47:25.489] [main/DEBUG] [oshi.util.FileUtil/]: Reading file /sys/devices/system/cpu/cpu1/cache/index1/level
[25Jul2026 23:47:25.489] [main/DEBUG] [oshi.util.FileUtil/]: Reading file /sys/devices/system/cpu/cpu1/cache/index1/type
[25Jul2026 23:47:25.489] [main/DEBUG] [oshi.util.FileUtil/]: Reading file /sys/devices/system/cpu/cpu1/cache/index1/type
[25Jul2026 23:47:25.489] [main/DEBUG] [oshi.util.FileUtil/]: Reading file /sys/devices/system/cpu/cpu1/cache/index1/ways_of_associativity
[25Jul2026 23:47:25.489] [main/DEBUG] [oshi.util.FileUtil/]: Reading file /sys/devices/system/cpu/cpu1/cache/index1/ways_of_associativity
[25Jul2026 23:47:25.489] [main/DEBUG] [oshi.util.FileUtil/]: Reading file /sys/devices/system/cpu/cpu1/cache/index1/coherency_line_size
[25Jul2026 23:47:25.489] [main/DEBUG] [oshi.util.FileUtil/]: Reading file /sys/devices/system/cpu/cpu1/cache/index1/coherency_line_size
[25Jul2026 23:47:25.489] [main/DEBUG] [oshi.util.FileUtil/]: Reading file /sys/devices/system/cpu/cpu1/cache/index1/size
[25Jul2026 23:47:25.490] [main/DEBUG] [oshi.util.FileUtil/]: Reading file /sys/devices/system/cpu/cpu1/cache/index1/size
[25Jul2026 23:47:25.490] [main/DEBUG] [oshi.util.FileUtil/]: Reading file /sys/devices/system/cpu/cpu10/topology/core_id
[25Jul2026 23:47:25.490] [main/DEBUG] [oshi.util.FileUtil/]: Reading file /sys/devices/system/cpu/cpu10/topology/core_id
[25Jul2026 23:47:25.490] [main/DEBUG] [oshi.util.FileUtil/]: Reading file /sys/devices/system/cpu/cpu10/topology/physical_package_id
[25Jul2026 23:47:25.490] [main/DEBUG] [oshi.util.FileUtil/]: Reading file /sys/devices/system/cpu/cpu10/topology/physical_package_id
[25Jul2026 23:47:25.490] [main/DEBUG] [oshi.util.FileUtil/]: Reading file /sys/devices/system/cpu/cpu10/cpu_capacity
[25Jul2026 23:47:25.490] [main/DEBUG] [oshi.util.FileUtil/]: Reading file /sys/devices/system/cpu/cpu10/cpu_capacity
[25Jul2026 23:47:25.491] [main/DEBUG] [oshi.util.FileUtil/]: Reading file /sys/devices/system/cpu/cpu10/cache/index2/level
[25Jul2026 23:47:25.491] [main/DEBUG] [oshi.util.FileUtil/]: Reading file /sys/devices/system/cpu/cpu10/cache/index2/level
[25Jul2026 23:47:25.491] [main/DEBUG] [oshi.util.FileUtil/]: Reading file /sys/devices/system/cpu/cpu10/cache/index2/type
[25Jul2026 23:47:25.491] [main/DEBUG] [oshi.util.FileUtil/]: Reading file /sys/devices/system/cpu/cpu10/cache/index2/type
[25Jul2026 23:47:25.491] [main/DEBUG] [oshi.util.FileUtil/]: Reading file /sys/devices/system/cpu/cpu10/cache/index2/ways_of_associativity
[25Jul2026 23:47:25.491] [main/DEBUG] [oshi.util.FileUtil/]: Reading file /sys/devices/system/cpu/cpu10/cache/index2/ways_of_associativity
[25Jul2026 23:47:25.491] [main/DEBUG] [oshi.util.FileUtil/]: Reading file /sys/devices/system/cpu/cpu10/cache/index2/coherency_line_size
[25Jul2026 23:47:25.491] [main/DEBUG] [oshi.util.FileUtil/]: Reading file /sys/devices/system/cpu/cpu10/cache/index2/coherency_line_size
[25Jul2026 23:47:25.491] [main/DEBUG] [oshi.util.FileUtil/]: Reading file /sys/devices/system/cpu/cpu10/cache/index2/size
[25Jul2026 23:47:25.492] [main/DEBUG] [oshi.util.FileUtil/]: Reading file /sys/devices/system/cpu/cpu10/cache/index2/size
[25Jul2026 23:47:25.492] [main/DEBUG] [oshi.util.FileUtil/]: Reading file /sys/devices/system/cpu/cpu10/cache/index0/level
[25Jul2026 23:47:25.492] [main/DEBUG] [oshi.util.FileUtil/]: Reading file /sys/devices/system/cpu/cpu10/cache/index0/level
[25Jul2026 23:47:25.492] [main/DEBUG] [oshi.util.FileUtil/]: Reading file /sys/devices/system/cpu/cpu10/cache/index0/type
[25Jul2026 23:47:25.492] [main/DEBUG] [oshi.util.FileUtil/]: Reading file /sys/devices/system/cpu/cpu10/cache/index0/type
[25Jul2026 23:47:25.492] [main/DEBUG] [oshi.util.FileUtil/]: Reading file /sys/devices/system/cpu/cpu10/cache/index0/ways_of_associativity
[25Jul2026 23:47:25.492] [main/DEBUG] [oshi.util.FileUtil/]: Reading file /sys/devices/system/cpu/cpu10/cache/index0/ways_of_associativity
[25Jul2026 23:47:25.492] [main/DEBUG] [oshi.util.FileUtil/]: Reading file /sys/devices/system/cpu/cpu10/cache/index0/coherency_line_size
[25Jul2026 23:47:25.492] [main/DEBUG] [oshi.util.FileUtil/]: Reading file /sys/devices/system/cpu/cpu10/cache/index0/coherency_line_size
[25Jul2026 23:47:25.492] [main/DEBUG] [oshi.util.FileUtil/]: Reading file /sys/devices/system/cpu/cpu10/cache/index0/size
[25Jul2026 23:47:25.492] [main/DEBUG] [oshi.util.FileUtil/]: Reading file /sys/devices/system/cpu/cpu10/cache/index0/size
[25Jul2026 23:47:25.492] [main/DEBUG] [oshi.util.FileUtil/]: Reading file /sys/devices/system/cpu/cpu10/cache/index3/level
[25Jul2026 23:47:25.492] [main/DEBUG] [oshi.util.FileUtil/]: Reading file /sys/devices/system/cpu/cpu10/cache/index3/level
[25Jul2026 23:47:25.493] [main/DEBUG] [oshi.util.FileUtil/]: Reading file /sys/devices/system/cpu/cpu10/cache/index3/type
[25Jul2026 23:47:25.493] [main/DEBUG] [oshi.util.FileUtil/]: Reading file /sys/devices/system/cpu/cpu10/cache/index3/type
[25Jul2026 23:47:25.493] [main/DEBUG] [oshi.util.FileUtil/]: Reading file /sys/devices/system/cpu/cpu10/cache/index3/ways_of_associativity
[25Jul2026 23:47:25.493] [main/DEBUG] [oshi.util.FileUtil/]: Reading file /sys/devices/system/cpu/cpu10/cache/index3/ways_of_associativity
[25Jul2026 23:47:25.493] [main/DEBUG] [oshi.util.FileUtil/]: Reading file /sys/devices/system/cpu/cpu10/cache/index3/coherency_line_size
[25Jul2026 23:47:25.493] [main/DEBUG] [oshi.util.FileUtil/]: Reading file /sys/devices/system/cpu/cpu10/cache/index3/coherency_line_size
[25Jul2026 23:47:25.493] [main/DEBUG] [oshi.util.FileUtil/]: Reading file /sys/devices/system/cpu/cpu10/cache/index3/size
[25Jul2026 23:47:25.493] [main/DEBUG] [oshi.util.FileUtil/]: Reading file /sys/devices/system/cpu/cpu10/cache/index3/size
[25Jul2026 23:47:25.493] [main/DEBUG] [oshi.util.FileUtil/]: Reading file /sys/devices/system/cpu/cpu10/cache/index1/level
[25Jul2026 23:47:25.493] [main/DEBUG] [oshi.util.FileUtil/]: Reading file /sys/devices/system/cpu/cpu10/cache/index1/level
[25Jul2026 23:47:25.493] [main/DEBUG] [oshi.util.FileUtil/]: Reading file /sys/devices/system/cpu/cpu10/cache/index1/type
[25Jul2026 23:47:25.493] [main/DEBUG] [oshi.util.FileUtil/]: Reading file /sys/devices/system/cpu/cpu10/cache/index1/type
[25Jul2026 23:47:25.493] [main/DEBUG] [oshi.util.FileUtil/]: Reading file /sys/devices/system/cpu/cpu10/cache/index1/ways_of_associativity
[25Jul2026 23:47:25.493] [main/DEBUG] [oshi.util.FileUtil/]: Reading file /sys/devices/system/cpu/cpu10/cache/index1/ways_of_associativity
[25Jul2026 23:47:25.493] [main/DEBUG] [oshi.util.FileUtil/]: Reading file /sys/devices/system/cpu/cpu10/cache/index1/coherency_line_size
[25Jul2026 23:47:25.493] [main/DEBUG] [oshi.util.FileUtil/]: Reading file /sys/devices/system/cpu/cpu10/cache/index1/coherency_line_size
[25Jul2026 23:47:25.493] [main/DEBUG] [oshi.util.FileUtil/]: Reading file /sys/devices/system/cpu/cpu10/cache/index1/size
[25Jul2026 23:47:25.494] [main/DEBUG] [oshi.util.FileUtil/]: Reading file /sys/devices/system/cpu/cpu10/cache/index1/size
[25Jul2026 23:47:25.494] [main/DEBUG] [oshi.util.FileUtil/]: Reading file /sys/devices/system/cpu/cpu11/topology/core_id
[25Jul2026 23:47:25.494] [main/DEBUG] [oshi.util.FileUtil/]: Reading file /sys/devices/system/cpu/cpu11/topology/core_id
[25Jul2026 23:47:25.494] [main/DEBUG] [oshi.util.FileUtil/]: Reading file /sys/devices/system/cpu/cpu11/topology/physical_package_id
[25Jul2026 23:47:25.494] [main/DEBUG] [oshi.util.FileUtil/]: Reading file /sys/devices/system/cpu/cpu11/topology/physical_package_id
[25Jul2026 23:47:25.494] [main/DEBUG] [oshi.util.FileUtil/]: Reading file /sys/devices/system/cpu/cpu11/cpu_capacity
[25Jul2026 23:47:25.494] [main/DEBUG] [oshi.util.FileUtil/]: Reading file /sys/devices/system/cpu/cpu11/cpu_capacity
[25Jul2026 23:47:25.494] [main/DEBUG] [oshi.util.FileUtil/]: Reading file /sys/devices/system/cpu/cpu11/cache/index2/level
[25Jul2026 23:47:25.494] [main/DEBUG] [oshi.util.FileUtil/]: Reading file /sys/devices/system/cpu/cpu11/cache/index2/level
[25Jul2026 23:47:25.495] [main/DEBUG] [oshi.util.FileUtil/]: Reading file /sys/devices/system/cpu/cpu11/cache/index2/type
[25Jul2026 23:47:25.495] [main/DEBUG] [oshi.util.FileUtil/]: Reading file /sys/devices/system/cpu/cpu11/cache/index2/type
[25Jul2026 23:47:25.495] [main/DEBUG] [oshi.util.FileUtil/]: Reading file /sys/devices/system/cpu/cpu11/cache/index2/ways_of_associativity
[25Jul2026 23:47:25.495] [main/DEBUG] [oshi.util.FileUtil/]: Reading file /sys/devices/system/cpu/cpu11/cache/index2/ways_of_associativity
[25Jul2026 23:47:25.495] [main/DEBUG] [oshi.util.FileUtil/]: Reading file /sys/devices/system/cpu/cpu11/cache/index2/coherency_line_size
[25Jul2026 23:47:25.495] [main/DEBUG] [oshi.util.FileUtil/]: Reading file /sys/devices/system/cpu/cpu11/cache/index2/coherency_line_size
[25Jul2026 23:47:25.495] [main/DEBUG] [oshi.util.FileUtil/]: Reading file /sys/devices/system/cpu/cpu11/cache/index2/size
[25Jul2026 23:47:25.495] [main/DEBUG] [oshi.util.FileUtil/]: Reading file /sys/devices/system/cpu/cpu11/cache/index2/size
[25Jul2026 23:47:25.495] [main/DEBUG] [oshi.util.FileUtil/]: Reading file /sys/devices/system/cpu/cpu11/cache/index0/level
[25Jul2026 23:47:25.495] [main/DEBUG] [oshi.util.FileUtil/]: Reading file /sys/devices/system/cpu/cpu11/cache/index0/level
[25Jul2026 23:47:25.495] [main/DEBUG] [oshi.util.FileUtil/]: Reading file /sys/devices/system/cpu/cpu11/cache/index0/type
[25Jul2026 23:47:25.495] [main/DEBUG] [oshi.util.FileUtil/]: Reading file /sys/devices/system/cpu/cpu11/cache/index0/type
[25Jul2026 23:47:25.495] [main/DEBUG] [oshi.util.FileUtil/]: Reading file /sys/devices/system/cpu/cpu11/cache/index0/ways_of_associativity
[25Jul2026 23:47:25.495] [main/DEBUG] [oshi.util.FileUtil/]: Reading file /sys/devices/system/cpu/cpu11/cache/index0/ways_of_associativity
[25Jul2026 23:47:25.495] [main/DEBUG] [oshi.util.FileUtil/]: Reading file /sys/devices/system/cpu/cpu11/cache/index0/coherency_line_size
[25Jul2026 23:47:25.495] [main/DEBUG] [oshi.util.FileUtil/]: Reading file /sys/devices/system/cpu/cpu11/cache/index0/coherency_line_size
[25Jul2026 23:47:25.495] [main/DEBUG] [oshi.util.FileUtil/]: Reading file /sys/devices/system/cpu/cpu11/cache/index0/size
[25Jul2026 23:47:25.496] [main/DEBUG] [oshi.util.FileUtil/]: Reading file /sys/devices/system/cpu/cpu11/cache/index0/size
[25Jul2026 23:47:25.496] [main/DEBUG] [oshi.util.FileUtil/]: Reading file /sys/devices/system/cpu/cpu11/cache/index3/level
[25Jul2026 23:47:25.496] [main/DEBUG] [oshi.util.FileUtil/]: Reading file /sys/devices/system/cpu/cpu11/cache/index3/level
[25Jul2026 23:47:25.496] [main/DEBUG] [oshi.util.FileUtil/]: Reading file /sys/devices/system/cpu/cpu11/cache/index3/type
[25Jul2026 23:47:25.496] [main/DEBUG] [oshi.util.FileUtil/]: Reading file /sys/devices/system/cpu/cpu11/cache/index3/type
[25Jul2026 23:47:25.496] [main/DEBUG] [oshi.util.FileUtil/]: Reading file /sys/devices/system/cpu/cpu11/cache/index3/ways_of_associativity
[25Jul2026 23:47:25.496] [main/DEBUG] [oshi.util.FileUtil/]: Reading file /sys/devices/system/cpu/cpu11/cache/index3/ways_of_associativity
[25Jul2026 23:47:25.496] [main/DEBUG] [oshi.util.FileUtil/]: Reading file /sys/devices/system/cpu/cpu11/cache/index3/coherency_line_size
[25Jul2026 23:47:25.496] [main/DEBUG] [oshi.util.FileUtil/]: Reading file /sys/devices/system/cpu/cpu11/cache/index3/coherency_line_size
[25Jul2026 23:47:25.496] [main/DEBUG] [oshi.util.FileUtil/]: Reading file /sys/devices/system/cpu/cpu11/cache/index3/size
[25Jul2026 23:47:25.496] [main/DEBUG] [oshi.util.FileUtil/]: Reading file /sys/devices/system/cpu/cpu11/cache/index3/size
[25Jul2026 23:47:25.496] [main/DEBUG] [oshi.util.FileUtil/]: Reading file /sys/devices/system/cpu/cpu11/cache/index1/level
[25Jul2026 23:47:25.496] [main/DEBUG] [oshi.util.FileUtil/]: Reading file /sys/devices/system/cpu/cpu11/cache/index1/level
[25Jul2026 23:47:25.496] [main/DEBUG] [oshi.util.FileUtil/]: Reading file /sys/devices/system/cpu/cpu11/cache/index1/type
[25Jul2026 23:47:25.496] [main/DEBUG] [oshi.util.FileUtil/]: Reading file /sys/devices/system/cpu/cpu11/cache/index1/type
[25Jul2026 23:47:25.497] [main/DEBUG] [oshi.util.FileUtil/]: Reading file /sys/devices/system/cpu/cpu11/cache/index1/ways_of_associativity
[25Jul2026 23:47:25.497] [main/DEBUG] [oshi.util.FileUtil/]: Reading file /sys/devices/system/cpu/cpu11/cache/index1/ways_of_associativity
[25Jul2026 23:47:25.497] [main/DEBUG] [oshi.util.FileUtil/]: Reading file /sys/devices/system/cpu/cpu11/cache/index1/coherency_line_size
[25Jul2026 23:47:25.497] [main/DEBUG] [oshi.util.FileUtil/]: Reading file /sys/devices/system/cpu/cpu11/cache/index1/coherency_line_size
[25Jul2026 23:47:25.497] [main/DEBUG] [oshi.util.FileUtil/]: Reading file /sys/devices/system/cpu/cpu11/cache/index1/size
[25Jul2026 23:47:25.497] [main/DEBUG] [oshi.util.FileUtil/]: Reading file /sys/devices/system/cpu/cpu11/cache/index1/size
[25Jul2026 23:47:25.497] [main/DEBUG] [oshi.util.FileUtil/]: Reading file /sys/devices/system/cpu/cpu12/topology/core_id
[25Jul2026 23:47:25.497] [main/DEBUG] [oshi.util.FileUtil/]: Reading file /sys/devices/system/cpu/cpu12/topology/core_id
[25Jul2026 23:47:25.497] [main/DEBUG] [oshi.util.FileUtil/]: Reading file /sys/devices/system/cpu/cpu12/topology/physical_package_id
[25Jul2026 23:47:25.497] [main/DEBUG] [oshi.util.FileUtil/]: Reading file /sys/devices/system/cpu/cpu12/topology/physical_package_id
[25Jul2026 23:47:25.498] [main/DEBUG] [oshi.util.FileUtil/]: Reading file /sys/devices/system/cpu/cpu12/cpu_capacity
[25Jul2026 23:47:25.498] [main/DEBUG] [oshi.util.FileUtil/]: Reading file /sys/devices/system/cpu/cpu12/cpu_capacity
[25Jul2026 23:47:25.498] [main/DEBUG] [oshi.util.FileUtil/]: Reading file /sys/devices/system/cpu/cpu12/cache/index2/level
[25Jul2026 23:47:25.498] [main/DEBUG] [oshi.util.FileUtil/]: Reading file /sys/devices/system/cpu/cpu12/cache/index2/level
[25Jul2026 23:47:25.498] [main/DEBUG] [oshi.util.FileUtil/]: Reading file /sys/devices/system/cpu/cpu12/cache/index2/type
[25Jul2026 23:47:25.498] [main/DEBUG] [oshi.util.FileUtil/]: Reading file /sys/devices/system/cpu/cpu12/cache/index2/type
[25Jul2026 23:47:25.498] [main/DEBUG] [oshi.util.FileUtil/]: Reading file /sys/devices/system/cpu/cpu12/cache/index2/ways_of_associativity
[25Jul2026 23:47:25.498] [main/DEBUG] [oshi.util.FileUtil/]: Reading file /sys/devices/system/cpu/cpu12/cache/index2/ways_of_associativity
[25Jul2026 23:47:25.498] [main/DEBUG] [oshi.util.FileUtil/]: Reading file /sys/devices/system/cpu/cpu12/cache/index2/coherency_line_size
[25Jul2026 23:47:25.498] [main/DEBUG] [oshi.util.FileUtil/]: Reading file /sys/devices/system/cpu/cpu12/cache/index2/coherency_line_size
[25Jul2026 23:47:25.498] [main/DEBUG] [oshi.util.FileUtil/]: Reading file /sys/devices/system/cpu/cpu12/cache/index2/size
[25Jul2026 23:47:25.498] [main/DEBUG] [oshi.util.FileUtil/]: Reading file /sys/devices/system/cpu/cpu12/cache/index2/size
[25Jul2026 23:47:25.498] [main/DEBUG] [oshi.util.FileUtil/]: Reading file /sys/devices/system/cpu/cpu12/cache/index0/level
[25Jul2026 23:47:25.498] [main/DEBUG] [oshi.util.FileUtil/]: Reading file /sys/devices/system/cpu/cpu12/cache/index0/level
[25Jul2026 23:47:25.499] [main/DEBUG] [oshi.util.FileUtil/]: Reading file /sys/devices/system/cpu/cpu12/cache/index0/type
[25Jul2026 23:47:25.499] [main/DEBUG] [oshi.util.FileUtil/]: Reading file /sys/devices/system/cpu/cpu12/cache/index0/type
[25Jul2026 23:47:25.499] [main/DEBUG] [oshi.util.FileUtil/]: Reading file /sys/devices/system/cpu/cpu12/cache/index0/ways_of_associativity
[25Jul2026 23:47:25.499] [main/DEBUG] [oshi.util.FileUtil/]: Reading file /sys/devices/system/cpu/cpu12/cache/index0/ways_of_associativity
[25Jul2026 23:47:25.499] [main/DEBUG] [oshi.util.FileUtil/]: Reading file /sys/devices/system/cpu/cpu12/cache/index0/coherency_line_size
[25Jul2026 23:47:25.499] [main/DEBUG] [oshi.util.FileUtil/]: Reading file /sys/devices/system/cpu/cpu12/cache/index0/coherency_line_size
[25Jul2026 23:47:25.499] [main/DEBUG] [oshi.util.FileUtil/]: Reading file /sys/devices/system/cpu/cpu12/cache/index0/size
[25Jul2026 23:47:25.499] [main/DEBUG] [oshi.util.FileUtil/]: Reading file /sys/devices/system/cpu/cpu12/cache/index0/size
[25Jul2026 23:47:25.499] [main/DEBUG] [oshi.util.FileUtil/]: Reading file /sys/devices/system/cpu/cpu12/cache/index3/level
[25Jul2026 23:47:25.499] [main/DEBUG] [oshi.util.FileUtil/]: Reading file /sys/devices/system/cpu/cpu12/cache/index3/level
[25Jul2026 23:47:25.499] [main/DEBUG] [oshi.util.FileUtil/]: Reading file /sys/devices/system/cpu/cpu12/cache/index3/type
[25Jul2026 23:47:25.499] [main/DEBUG] [oshi.util.FileUtil/]: Reading file /sys/devices/system/cpu/cpu12/cache/index3/type
[25Jul2026 23:47:25.499] [main/DEBUG] [oshi.util.FileUtil/]: Reading file /sys/devices/system/cpu/cpu12/cache/index3/ways_of_associativity
[25Jul2026 23:47:25.499] [main/DEBUG] [oshi.util.FileUtil/]: Reading file /sys/devices/system/cpu/cpu12/cache/index3/ways_of_associativity
[25Jul2026 23:47:25.499] [main/DEBUG] [oshi.util.FileUtil/]: Reading file /sys/devices/system/cpu/cpu12/cache/index3/coherency_line_size
[25Jul2026 23:47:25.499] [main/DEBUG] [oshi.util.FileUtil/]: Reading file /sys/devices/system/cpu/cpu12/cache/index3/coherency_line_size
[25Jul2026 23:47:25.500] [main/DEBUG] [oshi.util.FileUtil/]: Reading file /sys/devices/system/cpu/cpu12/cache/index3/size
[25Jul2026 23:47:25.500] [main/DEBUG] [oshi.util.FileUtil/]: Reading file /sys/devices/system/cpu/cpu12/cache/index3/size
[25Jul2026 23:47:25.500] [main/DEBUG] [oshi.util.FileUtil/]: Reading file /sys/devices/system/cpu/cpu12/cache/index1/level
[25Jul2026 23:47:25.500] [main/DEBUG] [oshi.util.FileUtil/]: Reading file /sys/devices/system/cpu/cpu12/cache/index1/level
[25Jul2026 23:47:25.500] [main/DEBUG] [oshi.util.FileUtil/]: Reading file /sys/devices/system/cpu/cpu12/cache/index1/type
[25Jul2026 23:47:25.500] [main/DEBUG] [oshi.util.FileUtil/]: Reading file /sys/devices/system/cpu/cpu12/cache/index1/type
[25Jul2026 23:47:25.500] [main/DEBUG] [oshi.util.FileUtil/]: Reading file /sys/devices/system/cpu/cpu12/cache/index1/ways_of_associativity
[25Jul2026 23:47:25.500] [main/DEBUG] [oshi.util.FileUtil/]: Reading file /sys/devices/system/cpu/cpu12/cache/index1/ways_of_associativity
[25Jul2026 23:47:25.500] [main/DEBUG] [oshi.util.FileUtil/]: Reading file /sys/devices/system/cpu/cpu12/cache/index1/coherency_line_size
[25Jul2026 23:47:25.500] [main/DEBUG] [oshi.util.FileUtil/]: Reading file /sys/devices/system/cpu/cpu12/cache/index1/coherency_line_size
[25Jul2026 23:47:25.500] [main/DEBUG] [oshi.util.FileUtil/]: Reading file /sys/devices/system/cpu/cpu12/cache/index1/size
[25Jul2026 23:47:25.500] [main/DEBUG] [oshi.util.FileUtil/]: Reading file /sys/devices/system/cpu/cpu12/cache/index1/size
[25Jul2026 23:47:25.501] [main/DEBUG] [oshi.util.FileUtil/]: Reading file /sys/devices/system/cpu/cpu13/topology/core_id
[25Jul2026 23:47:25.501] [main/DEBUG] [oshi.util.FileUtil/]: Reading file /sys/devices/system/cpu/cpu13/topology/core_id
[25Jul2026 23:47:25.501] [main/DEBUG] [oshi.util.FileUtil/]: Reading file /sys/devices/system/cpu/cpu13/topology/physical_package_id
[25Jul2026 23:47:25.501] [main/DEBUG] [oshi.util.FileUtil/]: Reading file /sys/devices/system/cpu/cpu13/topology/physical_package_id
[25Jul2026 23:47:25.501] [main/DEBUG] [oshi.util.FileUtil/]: Reading file /sys/devices/system/cpu/cpu13/cpu_capacity
[25Jul2026 23:47:25.501] [main/DEBUG] [oshi.util.FileUtil/]: Reading file /sys/devices/system/cpu/cpu13/cpu_capacity
[25Jul2026 23:47:25.501] [main/DEBUG] [oshi.util.FileUtil/]: Reading file /sys/devices/system/cpu/cpu13/cache/index2/level
[25Jul2026 23:47:25.501] [main/DEBUG] [oshi.util.FileUtil/]: Reading file /sys/devices/system/cpu/cpu13/cache/index2/level
[25Jul2026 23:47:25.501] [main/DEBUG] [oshi.util.FileUtil/]: Reading file /sys/devices/system/cpu/cpu13/cache/index2/type
[25Jul2026 23:47:25.501] [main/DEBUG] [oshi.util.FileUtil/]: Reading file /sys/devices/system/cpu/cpu13/cache/index2/type
[25Jul2026 23:47:25.501] [main/DEBUG] [oshi.util.FileUtil/]: Reading file /sys/devices/system/cpu/cpu13/cache/index2/ways_of_associativity
[25Jul2026 23:47:25.501] [main/DEBUG] [oshi.util.FileUtil/]: Reading file /sys/devices/system/cpu/cpu13/cache/index2/ways_of_associativity
[25Jul2026 23:47:25.501] [main/DEBUG] [oshi.util.FileUtil/]: Reading file /sys/devices/system/cpu/cpu13/cache/index2/coherency_line_size
[25Jul2026 23:47:25.501] [main/DEBUG] [oshi.util.FileUtil/]: Reading file /sys/devices/system/cpu/cpu13/cache/index2/coherency_line_size
[25Jul2026 23:47:25.501] [main/DEBUG] [oshi.util.FileUtil/]: Reading file /sys/devices/system/cpu/cpu13/cache/index2/size
[25Jul2026 23:47:25.501] [main/DEBUG] [oshi.util.FileUtil/]: Reading file /sys/devices/system/cpu/cpu13/cache/index2/size
[25Jul2026 23:47:25.502] [main/DEBUG] [oshi.util.FileUtil/]: Reading file /sys/devices/system/cpu/cpu13/cache/index0/level
[25Jul2026 23:47:25.502] [main/DEBUG] [oshi.util.FileUtil/]: Reading file /sys/devices/system/cpu/cpu13/cache/index0/level
[25Jul2026 23:47:25.502] [main/DEBUG] [oshi.util.FileUtil/]: Reading file /sys/devices/system/cpu/cpu13/cache/index0/type
[25Jul2026 23:47:25.502] [main/DEBUG] [oshi.util.FileUtil/]: Reading file /sys/devices/system/cpu/cpu13/cache/index0/type
[25Jul2026 23:47:25.502] [main/DEBUG] [oshi.util.FileUtil/]: Reading file /sys/devices/system/cpu/cpu13/cache/index0/ways_of_associativity
[25Jul2026 23:47:25.502] [main/DEBUG] [oshi.util.FileUtil/]: Reading file /sys/devices/system/cpu/cpu13/cache/index0/ways_of_associativity
[25Jul2026 23:47:25.502] [main/DEBUG] [oshi.util.FileUtil/]: Reading file /sys/devices/system/cpu/cpu13/cache/index0/coherency_line_size
[25Jul2026 23:47:25.502] [main/DEBUG] [oshi.util.FileUtil/]: Reading file /sys/devices/system/cpu/cpu13/cache/index0/coherency_line_size
[25Jul2026 23:47:25.502] [main/DEBUG] [oshi.util.FileUtil/]: Reading file /sys/devices/system/cpu/cpu13/cache/index0/size
[25Jul2026 23:47:25.502] [main/DEBUG] [oshi.util.FileUtil/]: Reading file /sys/devices/system/cpu/cpu13/cache/index0/size
[25Jul2026 23:47:25.502] [main/DEBUG] [oshi.util.FileUtil/]: Reading file /sys/devices/system/cpu/cpu13/cache/index3/level
[25Jul2026 23:47:25.502] [main/DEBUG] [oshi.util.FileUtil/]: Reading file /sys/devices/system/cpu/cpu13/cache/index3/level
[25Jul2026 23:47:25.502] [main/DEBUG] [oshi.util.FileUtil/]: Reading file /sys/devices/system/cpu/cpu13/cache/index3/type
[25Jul2026 23:47:25.502] [main/DEBUG] [oshi.util.FileUtil/]: Reading file /sys/devices/system/cpu/cpu13/cache/index3/type
[25Jul2026 23:47:25.503] [main/DEBUG] [oshi.util.FileUtil/]: Reading file /sys/devices/system/cpu/cpu13/cache/index3/ways_of_associativity
[25Jul2026 23:47:25.503] [main/DEBUG] [oshi.util.FileUtil/]: Reading file /sys/devices/system/cpu/cpu13/cache/index3/ways_of_associativity
[25Jul2026 23:47:25.503] [main/DEBUG] [oshi.util.FileUtil/]: Reading file /sys/devices/system/cpu/cpu13/cache/index3/coherency_line_size
[25Jul2026 23:47:25.503] [main/DEBUG] [oshi.util.FileUtil/]: Reading file /sys/devices/system/cpu/cpu13/cache/index3/coherency_line_size
[25Jul2026 23:47:25.503] [main/DEBUG] [oshi.util.FileUtil/]: Reading file /sys/devices/system/cpu/cpu13/cache/index3/size
[25Jul2026 23:47:25.503] [main/DEBUG] [oshi.util.FileUtil/]: Reading file /sys/devices/system/cpu/cpu13/cache/index3/size
[25Jul2026 23:47:25.503] [main/DEBUG] [oshi.util.FileUtil/]: Reading file /sys/devices/system/cpu/cpu13/cache/index1/level
[25Jul2026 23:47:25.503] [main/DEBUG] [oshi.util.FileUtil/]: Reading file /sys/devices/system/cpu/cpu13/cache/index1/level
[25Jul2026 23:47:25.503] [main/DEBUG] [oshi.util.FileUtil/]: Reading file /sys/devices/system/cpu/cpu13/cache/index1/type
[25Jul2026 23:47:25.503] [main/DEBUG] [oshi.util.FileUtil/]: Reading file /sys/devices/system/cpu/cpu13/cache/index1/type
[25Jul2026 23:47:25.503] [main/DEBUG] [oshi.util.FileUtil/]: Reading file /sys/devices/system/cpu/cpu13/cache/index1/ways_of_associativity
[25Jul2026 23:47:25.503] [main/DEBUG] [oshi.util.FileUtil/]: Reading file /sys/devices/system/cpu/cpu13/cache/index1/ways_of_associativity
[25Jul2026 23:47:25.503] [main/DEBUG] [oshi.util.FileUtil/]: Reading file /sys/devices/system/cpu/cpu13/cache/index1/coherency_line_size
[25Jul2026 23:47:25.503] [main/DEBUG] [oshi.util.FileUtil/]: Reading file /sys/devices/system/cpu/cpu13/cache/index1/coherency_line_size
[25Jul2026 23:47:25.503] [main/DEBUG] [oshi.util.FileUtil/]: Reading file /sys/devices/system/cpu/cpu13/cache/index1/size
[25Jul2026 23:47:25.503] [main/DEBUG] [oshi.util.FileUtil/]: Reading file /sys/devices/system/cpu/cpu13/cache/index1/size
[25Jul2026 23:47:25.504] [main/DEBUG] [oshi.util.FileUtil/]: Reading file /sys/devices/system/cpu/cpu14/topology/core_id
[25Jul2026 23:47:25.504] [main/DEBUG] [oshi.util.FileUtil/]: Reading file /sys/devices/system/cpu/cpu14/topology/core_id
[25Jul2026 23:47:25.504] [main/DEBUG] [oshi.util.FileUtil/]: Reading file /sys/devices/system/cpu/cpu14/topology/physical_package_id
[25Jul2026 23:47:25.504] [main/DEBUG] [oshi.util.FileUtil/]: Reading file /sys/devices/system/cpu/cpu14/topology/physical_package_id
[25Jul2026 23:47:25.504] [main/DEBUG] [oshi.util.FileUtil/]: Reading file /sys/devices/system/cpu/cpu14/cpu_capacity
[25Jul2026 23:47:25.504] [main/DEBUG] [oshi.util.FileUtil/]: Reading file /sys/devices/system/cpu/cpu14/cpu_capacity
[25Jul2026 23:47:25.504] [main/DEBUG] [oshi.util.FileUtil/]: Reading file /sys/devices/system/cpu/cpu14/cache/index2/level
[25Jul2026 23:47:25.504] [main/DEBUG] [oshi.util.FileUtil/]: Reading file /sys/devices/system/cpu/cpu14/cache/index2/level
[25Jul2026 23:47:25.504] [main/DEBUG] [oshi.util.FileUtil/]: Reading file /sys/devices/system/cpu/cpu14/cache/index2/type
[25Jul2026 23:47:25.504] [main/DEBUG] [oshi.util.FileUtil/]: Reading file /sys/devices/system/cpu/cpu14/cache/index2/type
[25Jul2026 23:47:25.504] [main/DEBUG] [oshi.util.FileUtil/]: Reading file /sys/devices/system/cpu/cpu14/cache/index2/ways_of_associativity
[25Jul2026 23:47:25.504] [main/DEBUG] [oshi.util.FileUtil/]: Reading file /sys/devices/system/cpu/cpu14/cache/index2/ways_of_associativity
[25Jul2026 23:47:25.504] [main/DEBUG] [oshi.util.FileUtil/]: Reading file /sys/devices/system/cpu/cpu14/cache/index2/coherency_line_size
[25Jul2026 23:47:25.504] [main/DEBUG] [oshi.util.FileUtil/]: Reading file /sys/devices/system/cpu/cpu14/cache/index2/coherency_line_size
[25Jul2026 23:47:25.504] [main/DEBUG] [oshi.util.FileUtil/]: Reading file /sys/devices/system/cpu/cpu14/cache/index2/size
[25Jul2026 23:47:25.504] [main/DEBUG] [oshi.util.FileUtil/]: Reading file /sys/devices/system/cpu/cpu14/cache/index2/size
[25Jul2026 23:47:25.505] [main/DEBUG] [oshi.util.FileUtil/]: Reading file /sys/devices/system/cpu/cpu14/cache/index0/level
[25Jul2026 23:47:25.505] [main/DEBUG] [oshi.util.FileUtil/]: Reading file /sys/devices/system/cpu/cpu14/cache/index0/level
[25Jul2026 23:47:25.505] [main/DEBUG] [oshi.util.FileUtil/]: Reading file /sys/devices/system/cpu/cpu14/cache/index0/type
[25Jul2026 23:47:25.505] [main/DEBUG] [oshi.util.FileUtil/]: Reading file /sys/devices/system/cpu/cpu14/cache/index0/type
[25Jul2026 23:47:25.505] [main/DEBUG] [oshi.util.FileUtil/]: Reading file /sys/devices/system/cpu/cpu14/cache/index0/ways_of_associativity
[25Jul2026 23:47:25.505] [main/DEBUG] [oshi.util.FileUtil/]: Reading file /sys/devices/system/cpu/cpu14/cache/index0/ways_of_associativity
[25Jul2026 23:47:25.505] [main/DEBUG] [oshi.util.FileUtil/]: Reading file /sys/devices/system/cpu/cpu14/cache/index0/coherency_line_size
[25Jul2026 23:47:25.505] [main/DEBUG] [oshi.util.FileUtil/]: Reading file /sys/devices/system/cpu/cpu14/cache/index0/coherency_line_size
[25Jul2026 23:47:25.505] [main/DEBUG] [oshi.util.FileUtil/]: Reading file /sys/devices/system/cpu/cpu14/cache/index0/size
[25Jul2026 23:47:25.505] [main/DEBUG] [oshi.util.FileUtil/]: Reading file /sys/devices/system/cpu/cpu14/cache/index0/size
[25Jul2026 23:47:25.505] [main/DEBUG] [oshi.util.FileUtil/]: Reading file /sys/devices/system/cpu/cpu14/cache/index3/level
[25Jul2026 23:47:25.505] [main/DEBUG] [oshi.util.FileUtil/]: Reading file /sys/devices/system/cpu/cpu14/cache/index3/level
[25Jul2026 23:47:25.505] [main/DEBUG] [oshi.util.FileUtil/]: Reading file /sys/devices/system/cpu/cpu14/cache/index3/type
[25Jul2026 23:47:25.505] [main/DEBUG] [oshi.util.FileUtil/]: Reading file /sys/devices/system/cpu/cpu14/cache/index3/type
[25Jul2026 23:47:25.505] [main/DEBUG] [oshi.util.FileUtil/]: Reading file /sys/devices/system/cpu/cpu14/cache/index3/ways_of_associativity
[25Jul2026 23:47:25.505] [main/DEBUG] [oshi.util.FileUtil/]: Reading file /sys/devices/system/cpu/cpu14/cache/index3/ways_of_associativity
[25Jul2026 23:47:25.505] [main/DEBUG] [oshi.util.FileUtil/]: Reading file /sys/devices/system/cpu/cpu14/cache/index3/coherency_line_size
[25Jul2026 23:47:25.505] [main/DEBUG] [oshi.util.FileUtil/]: Reading file /sys/devices/system/cpu/cpu14/cache/index3/coherency_line_size
[25Jul2026 23:47:25.505] [main/DEBUG] [oshi.util.FileUtil/]: Reading file /sys/devices/system/cpu/cpu14/cache/index3/size
[25Jul2026 23:47:25.505] [main/DEBUG] [oshi.util.FileUtil/]: Reading file /sys/devices/system/cpu/cpu14/cache/index3/size
[25Jul2026 23:47:25.506] [main/DEBUG] [oshi.util.FileUtil/]: Reading file /sys/devices/system/cpu/cpu14/cache/index1/level
[25Jul2026 23:47:25.506] [main/DEBUG] [oshi.util.FileUtil/]: Reading file /sys/devices/system/cpu/cpu14/cache/index1/level
[25Jul2026 23:47:25.506] [main/DEBUG] [oshi.util.FileUtil/]: Reading file /sys/devices/system/cpu/cpu14/cache/index1/type
[25Jul2026 23:47:25.506] [main/DEBUG] [oshi.util.FileUtil/]: Reading file /sys/devices/system/cpu/cpu14/cache/index1/type
[25Jul2026 23:47:25.506] [main/DEBUG] [oshi.util.FileUtil/]: Reading file /sys/devices/system/cpu/cpu14/cache/index1/ways_of_associativity
[25Jul2026 23:47:25.506] [main/DEBUG] [oshi.util.FileUtil/]: Reading file /sys/devices/system/cpu/cpu14/cache/index1/ways_of_associativity
[25Jul2026 23:47:25.506] [main/DEBUG] [oshi.util.FileUtil/]: Reading file /sys/devices/system/cpu/cpu14/cache/index1/coherency_line_size
[25Jul2026 23:47:25.506] [main/DEBUG] [oshi.util.FileUtil/]: Reading file /sys/devices/system/cpu/cpu14/cache/index1/coherency_line_size
[25Jul2026 23:47:25.506] [main/DEBUG] [oshi.util.FileUtil/]: Reading file /sys/devices/system/cpu/cpu14/cache/index1/size
[25Jul2026 23:47:25.506] [main/DEBUG] [oshi.util.FileUtil/]: Reading file /sys/devices/system/cpu/cpu14/cache/index1/size
[25Jul2026 23:47:25.506] [main/DEBUG] [oshi.util.FileUtil/]: Reading file /sys/devices/system/cpu/cpu15/topology/core_id
[25Jul2026 23:47:25.506] [main/DEBUG] [oshi.util.FileUtil/]: Reading file /sys/devices/system/cpu/cpu15/topology/core_id
[25Jul2026 23:47:25.506] [main/DEBUG] [oshi.util.FileUtil/]: Reading file /sys/devices/system/cpu/cpu15/topology/physical_package_id
[25Jul2026 23:47:25.506] [main/DEBUG] [oshi.util.FileUtil/]: Reading file /sys/devices/system/cpu/cpu15/topology/physical_package_id
[25Jul2026 23:47:25.507] [main/DEBUG] [oshi.util.FileUtil/]: Reading file /sys/devices/system/cpu/cpu15/cpu_capacity
[25Jul2026 23:47:25.507] [main/DEBUG] [oshi.util.FileUtil/]: Reading file /sys/devices/system/cpu/cpu15/cpu_capacity
[25Jul2026 23:47:25.507] [main/DEBUG] [oshi.util.FileUtil/]: Reading file /sys/devices/system/cpu/cpu15/cache/index2/level
[25Jul2026 23:47:25.507] [main/DEBUG] [oshi.util.FileUtil/]: Reading file /sys/devices/system/cpu/cpu15/cache/index2/level
[25Jul2026 23:47:25.507] [main/DEBUG] [oshi.util.FileUtil/]: Reading file /sys/devices/system/cpu/cpu15/cache/index2/type
[25Jul2026 23:47:25.507] [main/DEBUG] [oshi.util.FileUtil/]: Reading file /sys/devices/system/cpu/cpu15/cache/index2/type
[25Jul2026 23:47:25.507] [main/DEBUG] [oshi.util.FileUtil/]: Reading file /sys/devices/system/cpu/cpu15/cache/index2/ways_of_associativity
[25Jul2026 23:47:25.507] [main/DEBUG] [oshi.util.FileUtil/]: Reading file /sys/devices/system/cpu/cpu15/cache/index2/ways_of_associativity
[25Jul2026 23:47:25.507] [main/DEBUG] [oshi.util.FileUtil/]: Reading file /sys/devices/system/cpu/cpu15/cache/index2/coherency_line_size
[25Jul2026 23:47:25.507] [main/DEBUG] [oshi.util.FileUtil/]: Reading file /sys/devices/system/cpu/cpu15/cache/index2/coherency_line_size
[25Jul2026 23:47:25.507] [main/DEBUG] [oshi.util.FileUtil/]: Reading file /sys/devices/system/cpu/cpu15/cache/index2/size
[25Jul2026 23:47:25.507] [main/DEBUG] [oshi.util.FileUtil/]: Reading file /sys/devices/system/cpu/cpu15/cache/index2/size
[25Jul2026 23:47:25.507] [main/DEBUG] [oshi.util.FileUtil/]: Reading file /sys/devices/system/cpu/cpu15/cache/index0/level
[25Jul2026 23:47:25.507] [main/DEBUG] [oshi.util.FileUtil/]: Reading file /sys/devices/system/cpu/cpu15/cache/index0/level
[25Jul2026 23:47:25.507] [main/DEBUG] [oshi.util.FileUtil/]: Reading file /sys/devices/system/cpu/cpu15/cache/index0/type
[25Jul2026 23:47:25.507] [main/DEBUG] [oshi.util.FileUtil/]: Reading file /sys/devices/system/cpu/cpu15/cache/index0/type
[25Jul2026 23:47:25.507] [main/DEBUG] [oshi.util.FileUtil/]: Reading file /sys/devices/system/cpu/cpu15/cache/index0/ways_of_associativity
[25Jul2026 23:47:25.507] [main/DEBUG] [oshi.util.FileUtil/]: Reading file /sys/devices/system/cpu/cpu15/cache/index0/ways_of_associativity
[25Jul2026 23:47:25.507] [main/DEBUG] [oshi.util.FileUtil/]: Reading file /sys/devices/system/cpu/cpu15/cache/index0/coherency_line_size
[25Jul2026 23:47:25.507] [main/DEBUG] [oshi.util.FileUtil/]: Reading file /sys/devices/system/cpu/cpu15/cache/index0/coherency_line_size
[25Jul2026 23:47:25.508] [main/DEBUG] [oshi.util.FileUtil/]: Reading file /sys/devices/system/cpu/cpu15/cache/index0/size
[25Jul2026 23:47:25.508] [main/DEBUG] [oshi.util.FileUtil/]: Reading file /sys/devices/system/cpu/cpu15/cache/index0/size
[25Jul2026 23:47:25.508] [main/DEBUG] [oshi.util.FileUtil/]: Reading file /sys/devices/system/cpu/cpu15/cache/index3/level
[25Jul2026 23:47:25.508] [main/DEBUG] [oshi.util.FileUtil/]: Reading file /sys/devices/system/cpu/cpu15/cache/index3/level
[25Jul2026 23:47:25.508] [main/DEBUG] [oshi.util.FileUtil/]: Reading file /sys/devices/system/cpu/cpu15/cache/index3/type
[25Jul2026 23:47:25.508] [main/DEBUG] [oshi.util.FileUtil/]: Reading file /sys/devices/system/cpu/cpu15/cache/index3/type
[25Jul2026 23:47:25.508] [main/DEBUG] [oshi.util.FileUtil/]: Reading file /sys/devices/system/cpu/cpu15/cache/index3/ways_of_associativity
[25Jul2026 23:47:25.508] [main/DEBUG] [oshi.util.FileUtil/]: Reading file /sys/devices/system/cpu/cpu15/cache/index3/ways_of_associativity
[25Jul2026 23:47:25.508] [main/DEBUG] [oshi.util.FileUtil/]: Reading file /sys/devices/system/cpu/cpu15/cache/index3/coherency_line_size
[25Jul2026 23:47:25.508] [main/DEBUG] [oshi.util.FileUtil/]: Reading file /sys/devices/system/cpu/cpu15/cache/index3/coherency_line_size
[25Jul2026 23:47:25.508] [main/DEBUG] [oshi.util.FileUtil/]: Reading file /sys/devices/system/cpu/cpu15/cache/index3/size
[25Jul2026 23:47:25.508] [main/DEBUG] [oshi.util.FileUtil/]: Reading file /sys/devices/system/cpu/cpu15/cache/index3/size
[25Jul2026 23:47:25.508] [main/DEBUG] [oshi.util.FileUtil/]: Reading file /sys/devices/system/cpu/cpu15/cache/index1/level
[25Jul2026 23:47:25.508] [main/DEBUG] [oshi.util.FileUtil/]: Reading file /sys/devices/system/cpu/cpu15/cache/index1/level
[25Jul2026 23:47:25.508] [main/DEBUG] [oshi.util.FileUtil/]: Reading file /sys/devices/system/cpu/cpu15/cache/index1/type
[25Jul2026 23:47:25.508] [main/DEBUG] [oshi.util.FileUtil/]: Reading file /sys/devices/system/cpu/cpu15/cache/index1/type
[25Jul2026 23:47:25.508] [main/DEBUG] [oshi.util.FileUtil/]: Reading file /sys/devices/system/cpu/cpu15/cache/index1/ways_of_associativity
[25Jul2026 23:47:25.508] [main/DEBUG] [oshi.util.FileUtil/]: Reading file /sys/devices/system/cpu/cpu15/cache/index1/ways_of_associativity
[25Jul2026 23:47:25.508] [main/DEBUG] [oshi.util.FileUtil/]: Reading file /sys/devices/system/cpu/cpu15/cache/index1/coherency_line_size
[25Jul2026 23:47:25.508] [main/DEBUG] [oshi.util.FileUtil/]: Reading file /sys/devices/system/cpu/cpu15/cache/index1/coherency_line_size
[25Jul2026 23:47:25.508] [main/DEBUG] [oshi.util.FileUtil/]: Reading file /sys/devices/system/cpu/cpu15/cache/index1/size
[25Jul2026 23:47:25.508] [main/DEBUG] [oshi.util.FileUtil/]: Reading file /sys/devices/system/cpu/cpu15/cache/index1/size
[25Jul2026 23:47:25.509] [main/DEBUG] [oshi.util.FileUtil/]: Reading file /sys/devices/system/cpu/cpu16/topology/core_id
[25Jul2026 23:47:25.509] [main/DEBUG] [oshi.util.FileUtil/]: Reading file /sys/devices/system/cpu/cpu16/topology/core_id
[25Jul2026 23:47:25.509] [main/DEBUG] [oshi.util.FileUtil/]: Reading file /sys/devices/system/cpu/cpu16/topology/physical_package_id
[25Jul2026 23:47:25.509] [main/DEBUG] [oshi.util.FileUtil/]: Reading file /sys/devices/system/cpu/cpu16/topology/physical_package_id
[25Jul2026 23:47:25.509] [main/DEBUG] [oshi.util.FileUtil/]: Reading file /sys/devices/system/cpu/cpu16/cpu_capacity
[25Jul2026 23:47:25.509] [main/DEBUG] [oshi.util.FileUtil/]: Reading file /sys/devices/system/cpu/cpu16/cpu_capacity
[25Jul2026 23:47:25.509] [main/DEBUG] [oshi.util.FileUtil/]: Reading file /sys/devices/system/cpu/cpu16/cache/index2/level
[25Jul2026 23:47:25.509] [main/DEBUG] [oshi.util.FileUtil/]: Reading file /sys/devices/system/cpu/cpu16/cache/index2/level
[25Jul2026 23:47:25.509] [main/DEBUG] [oshi.util.FileUtil/]: Reading file /sys/devices/system/cpu/cpu16/cache/index2/type
[25Jul2026 23:47:25.509] [main/DEBUG] [oshi.util.FileUtil/]: Reading file /sys/devices/system/cpu/cpu16/cache/index2/type
[25Jul2026 23:47:25.509] [main/DEBUG] [oshi.util.FileUtil/]: Reading file /sys/devices/system/cpu/cpu16/cache/index2/ways_of_associativity
[25Jul2026 23:47:25.509] [main/DEBUG] [oshi.util.FileUtil/]: Reading file /sys/devices/system/cpu/cpu16/cache/index2/ways_of_associativity
[25Jul2026 23:47:25.509] [main/DEBUG] [oshi.util.FileUtil/]: Reading file /sys/devices/system/cpu/cpu16/cache/index2/coherency_line_size
[25Jul2026 23:47:25.509] [main/DEBUG] [oshi.util.FileUtil/]: Reading file /sys/devices/system/cpu/cpu16/cache/index2/coherency_line_size
[25Jul2026 23:47:25.510] [main/DEBUG] [oshi.util.FileUtil/]: Reading file /sys/devices/system/cpu/cpu16/cache/index2/size
[25Jul2026 23:47:25.510] [main/DEBUG] [oshi.util.FileUtil/]: Reading file /sys/devices/system/cpu/cpu16/cache/index2/size
[25Jul2026 23:47:25.510] [main/DEBUG] [oshi.util.FileUtil/]: Reading file /sys/devices/system/cpu/cpu16/cache/index0/level
[25Jul2026 23:47:25.510] [main/DEBUG] [oshi.util.FileUtil/]: Reading file /sys/devices/system/cpu/cpu16/cache/index0/level
[25Jul2026 23:47:25.510] [main/DEBUG] [oshi.util.FileUtil/]: Reading file /sys/devices/system/cpu/cpu16/cache/index0/type
[25Jul2026 23:47:25.510] [main/DEBUG] [oshi.util.FileUtil/]: Reading file /sys/devices/system/cpu/cpu16/cache/index0/type
[25Jul2026 23:47:25.510] [main/DEBUG] [oshi.util.FileUtil/]: Reading file /sys/devices/system/cpu/cpu16/cache/index0/ways_of_associativity
[25Jul2026 23:47:25.510] [main/DEBUG] [oshi.util.FileUtil/]: Reading file /sys/devices/system/cpu/cpu16/cache/index0/ways_of_associativity
[25Jul2026 23:47:25.510] [main/DEBUG] [oshi.util.FileUtil/]: Reading file /sys/devices/system/cpu/cpu16/cache/index0/coherency_line_size
[25Jul2026 23:47:25.510] [main/DEBUG] [oshi.util.FileUtil/]: Reading file /sys/devices/system/cpu/cpu16/cache/index0/coherency_line_size
[25Jul2026 23:47:25.510] [main/DEBUG] [oshi.util.FileUtil/]: Reading file /sys/devices/system/cpu/cpu16/cache/index0/size
[25Jul2026 23:47:25.510] [main/DEBUG] [oshi.util.FileUtil/]: Reading file /sys/devices/system/cpu/cpu16/cache/index0/size
[25Jul2026 23:47:25.510] [main/DEBUG] [oshi.util.FileUtil/]: Reading file /sys/devices/system/cpu/cpu16/cache/index3/level
[25Jul2026 23:47:25.510] [main/DEBUG] [oshi.util.FileUtil/]: Reading file /sys/devices/system/cpu/cpu16/cache/index3/level
[25Jul2026 23:47:25.510] [main/DEBUG] [oshi.util.FileUtil/]: Reading file /sys/devices/system/cpu/cpu16/cache/index3/type
[25Jul2026 23:47:25.510] [main/DEBUG] [oshi.util.FileUtil/]: Reading file /sys/devices/system/cpu/cpu16/cache/index3/type
[25Jul2026 23:47:25.510] [main/DEBUG] [oshi.util.FileUtil/]: Reading file /sys/devices/system/cpu/cpu16/cache/index3/ways_of_associativity
[25Jul2026 23:47:25.510] [main/DEBUG] [oshi.util.FileUtil/]: Reading file /sys/devices/system/cpu/cpu16/cache/index3/ways_of_associativity
[25Jul2026 23:47:25.510] [main/DEBUG] [oshi.util.FileUtil/]: Reading file /sys/devices/system/cpu/cpu16/cache/index3/coherency_line_size
[25Jul2026 23:47:25.510] [main/DEBUG] [oshi.util.FileUtil/]: Reading file /sys/devices/system/cpu/cpu16/cache/index3/coherency_line_size
[25Jul2026 23:47:25.510] [main/DEBUG] [oshi.util.FileUtil/]: Reading file /sys/devices/system/cpu/cpu16/cache/index3/size
[25Jul2026 23:47:25.510] [main/DEBUG] [oshi.util.FileUtil/]: Reading file /sys/devices/system/cpu/cpu16/cache/index3/size
[25Jul2026 23:47:25.511] [main/DEBUG] [oshi.util.FileUtil/]: Reading file /sys/devices/system/cpu/cpu16/cache/index1/level
[25Jul2026 23:47:25.511] [main/DEBUG] [oshi.util.FileUtil/]: Reading file /sys/devices/system/cpu/cpu16/cache/index1/level
[25Jul2026 23:47:25.511] [main/DEBUG] [oshi.util.FileUtil/]: Reading file /sys/devices/system/cpu/cpu16/cache/index1/type
[25Jul2026 23:47:25.511] [main/DEBUG] [oshi.util.FileUtil/]: Reading file /sys/devices/system/cpu/cpu16/cache/index1/type
[25Jul2026 23:47:25.511] [main/DEBUG] [oshi.util.FileUtil/]: Reading file /sys/devices/system/cpu/cpu16/cache/index1/ways_of_associativity
[25Jul2026 23:47:25.511] [main/DEBUG] [oshi.util.FileUtil/]: Reading file /sys/devices/system/cpu/cpu16/cache/index1/ways_of_associativity
[25Jul2026 23:47:25.511] [main/DEBUG] [oshi.util.FileUtil/]: Reading file /sys/devices/system/cpu/cpu16/cache/index1/coherency_line_size
[25Jul2026 23:47:25.511] [main/DEBUG] [oshi.util.FileUtil/]: Reading file /sys/devices/system/cpu/cpu16/cache/index1/coherency_line_size
[25Jul2026 23:47:25.511] [main/DEBUG] [oshi.util.FileUtil/]: Reading file /sys/devices/system/cpu/cpu16/cache/index1/size
[25Jul2026 23:47:25.511] [main/DEBUG] [oshi.util.FileUtil/]: Reading file /sys/devices/system/cpu/cpu16/cache/index1/size
[25Jul2026 23:47:25.511] [main/DEBUG] [oshi.util.FileUtil/]: Reading file /sys/devices/system/cpu/cpu17/topology/core_id
[25Jul2026 23:47:25.511] [main/DEBUG] [oshi.util.FileUtil/]: Reading file /sys/devices/system/cpu/cpu17/topology/core_id
[25Jul2026 23:47:25.511] [main/DEBUG] [oshi.util.FileUtil/]: Reading file /sys/devices/system/cpu/cpu17/topology/physical_package_id
[25Jul2026 23:47:25.511] [main/DEBUG] [oshi.util.FileUtil/]: Reading file /sys/devices/system/cpu/cpu17/topology/physical_package_id
[25Jul2026 23:47:25.511] [main/DEBUG] [oshi.util.FileUtil/]: Reading file /sys/devices/system/cpu/cpu17/cpu_capacity
[25Jul2026 23:47:25.511] [main/DEBUG] [oshi.util.FileUtil/]: Reading file /sys/devices/system/cpu/cpu17/cpu_capacity
[25Jul2026 23:47:25.511] [main/DEBUG] [oshi.util.FileUtil/]: Reading file /sys/devices/system/cpu/cpu17/cache/index2/level
[25Jul2026 23:47:25.511] [main/DEBUG] [oshi.util.FileUtil/]: Reading file /sys/devices/system/cpu/cpu17/cache/index2/level
[25Jul2026 23:47:25.512] [main/DEBUG] [oshi.util.FileUtil/]: Reading file /sys/devices/system/cpu/cpu17/cache/index2/type
[25Jul2026 23:47:25.512] [main/DEBUG] [oshi.util.FileUtil/]: Reading file /sys/devices/system/cpu/cpu17/cache/index2/type
[25Jul2026 23:47:25.512] [main/DEBUG] [oshi.util.FileUtil/]: Reading file /sys/devices/system/cpu/cpu17/cache/index2/ways_of_associativity
[25Jul2026 23:47:25.512] [main/DEBUG] [oshi.util.FileUtil/]: Reading file /sys/devices/system/cpu/cpu17/cache/index2/ways_of_associativity
[25Jul2026 23:47:25.512] [main/DEBUG] [oshi.util.FileUtil/]: Reading file /sys/devices/system/cpu/cpu17/cache/index2/coherency_line_size
[25Jul2026 23:47:25.512] [main/DEBUG] [oshi.util.FileUtil/]: Reading file /sys/devices/system/cpu/cpu17/cache/index2/coherency_line_size
[25Jul2026 23:47:25.512] [main/DEBUG] [oshi.util.FileUtil/]: Reading file /sys/devices/system/cpu/cpu17/cache/index2/size
[25Jul2026 23:47:25.512] [main/DEBUG] [oshi.util.FileUtil/]: Reading file /sys/devices/system/cpu/cpu17/cache/index2/size
[25Jul2026 23:47:25.512] [main/DEBUG] [oshi.util.FileUtil/]: Reading file /sys/devices/system/cpu/cpu17/cache/index0/level
[25Jul2026 23:47:25.512] [main/DEBUG] [oshi.util.FileUtil/]: Reading file /sys/devices/system/cpu/cpu17/cache/index0/level
[25Jul2026 23:47:25.512] [main/DEBUG] [oshi.util.FileUtil/]: Reading file /sys/devices/system/cpu/cpu17/cache/index0/type
[25Jul2026 23:47:25.512] [main/DEBUG] [oshi.util.FileUtil/]: Reading file /sys/devices/system/cpu/cpu17/cache/index0/type
[25Jul2026 23:47:25.512] [main/DEBUG] [oshi.util.FileUtil/]: Reading file /sys/devices/system/cpu/cpu17/cache/index0/ways_of_associativity
[25Jul2026 23:47:25.512] [main/DEBUG] [oshi.util.FileUtil/]: Reading file /sys/devices/system/cpu/cpu17/cache/index0/ways_of_associativity
[25Jul2026 23:47:25.512] [main/DEBUG] [oshi.util.FileUtil/]: Reading file /sys/devices/system/cpu/cpu17/cache/index0/coherency_line_size
[25Jul2026 23:47:25.512] [main/DEBUG] [oshi.util.FileUtil/]: Reading file /sys/devices/system/cpu/cpu17/cache/index0/coherency_line_size
[25Jul2026 23:47:25.512] [main/DEBUG] [oshi.util.FileUtil/]: Reading file /sys/devices/system/cpu/cpu17/cache/index0/size
[25Jul2026 23:47:25.512] [main/DEBUG] [oshi.util.FileUtil/]: Reading file /sys/devices/system/cpu/cpu17/cache/index0/size
[25Jul2026 23:47:25.512] [main/DEBUG] [oshi.util.FileUtil/]: Reading file /sys/devices/system/cpu/cpu17/cache/index3/level
[25Jul2026 23:47:25.512] [main/DEBUG] [oshi.util.FileUtil/]: Reading file /sys/devices/system/cpu/cpu17/cache/index3/level
[25Jul2026 23:47:25.512] [main/DEBUG] [oshi.util.FileUtil/]: Reading file /sys/devices/system/cpu/cpu17/cache/index3/type
[25Jul2026 23:47:25.512] [main/DEBUG] [oshi.util.FileUtil/]: Reading file /sys/devices/system/cpu/cpu17/cache/index3/type
[25Jul2026 23:47:25.512] [main/DEBUG] [oshi.util.FileUtil/]: Reading file /sys/devices/system/cpu/cpu17/cache/index3/ways_of_associativity
[25Jul2026 23:47:25.513] [main/DEBUG] [oshi.util.FileUtil/]: Reading file /sys/devices/system/cpu/cpu17/cache/index3/ways_of_associativity
[25Jul2026 23:47:25.513] [main/DEBUG] [oshi.util.FileUtil/]: Reading file /sys/devices/system/cpu/cpu17/cache/index3/coherency_line_size
[25Jul2026 23:47:25.513] [main/DEBUG] [oshi.util.FileUtil/]: Reading file /sys/devices/system/cpu/cpu17/cache/index3/coherency_line_size
[25Jul2026 23:47:25.513] [main/DEBUG] [oshi.util.FileUtil/]: Reading file /sys/devices/system/cpu/cpu17/cache/index3/size
[25Jul2026 23:47:25.513] [main/DEBUG] [oshi.util.FileUtil/]: Reading file /sys/devices/system/cpu/cpu17/cache/index3/size
[25Jul2026 23:47:25.513] [main/DEBUG] [oshi.util.FileUtil/]: Reading file /sys/devices/system/cpu/cpu17/cache/index1/level
[25Jul2026 23:47:25.513] [main/DEBUG] [oshi.util.FileUtil/]: Reading file /sys/devices/system/cpu/cpu17/cache/index1/level
[25Jul2026 23:47:25.513] [main/DEBUG] [oshi.util.FileUtil/]: Reading file /sys/devices/system/cpu/cpu17/cache/index1/type
[25Jul2026 23:47:25.513] [main/DEBUG] [oshi.util.FileUtil/]: Reading file /sys/devices/system/cpu/cpu17/cache/index1/type
[25Jul2026 23:47:25.513] [main/DEBUG] [oshi.util.FileUtil/]: Reading file /sys/devices/system/cpu/cpu17/cache/index1/ways_of_associativity
[25Jul2026 23:47:25.513] [main/DEBUG] [oshi.util.FileUtil/]: Reading file /sys/devices/system/cpu/cpu17/cache/index1/ways_of_associativity
[25Jul2026 23:47:25.513] [main/DEBUG] [oshi.util.FileUtil/]: Reading file /sys/devices/system/cpu/cpu17/cache/index1/coherency_line_size
[25Jul2026 23:47:25.513] [main/DEBUG] [oshi.util.FileUtil/]: Reading file /sys/devices/system/cpu/cpu17/cache/index1/coherency_line_size
[25Jul2026 23:47:25.513] [main/DEBUG] [oshi.util.FileUtil/]: Reading file /sys/devices/system/cpu/cpu17/cache/index1/size
[25Jul2026 23:47:25.513] [main/DEBUG] [oshi.util.FileUtil/]: Reading file /sys/devices/system/cpu/cpu17/cache/index1/size
[25Jul2026 23:47:25.513] [main/DEBUG] [oshi.util.FileUtil/]: Reading file /sys/devices/system/cpu/cpu18/topology/core_id
[25Jul2026 23:47:25.513] [main/DEBUG] [oshi.util.FileUtil/]: Reading file /sys/devices/system/cpu/cpu18/topology/core_id
[25Jul2026 23:47:25.514] [main/DEBUG] [oshi.util.FileUtil/]: Reading file /sys/devices/system/cpu/cpu18/topology/physical_package_id
[25Jul2026 23:47:25.514] [main/DEBUG] [oshi.util.FileUtil/]: Reading file /sys/devices/system/cpu/cpu18/topology/physical_package_id
[25Jul2026 23:47:25.514] [main/DEBUG] [oshi.util.FileUtil/]: Reading file /sys/devices/system/cpu/cpu18/cpu_capacity
[25Jul2026 23:47:25.514] [main/DEBUG] [oshi.util.FileUtil/]: Reading file /sys/devices/system/cpu/cpu18/cpu_capacity
[25Jul2026 23:47:25.514] [main/DEBUG] [oshi.util.FileUtil/]: Reading file /sys/devices/system/cpu/cpu18/cache/index2/level
[25Jul2026 23:47:25.514] [main/DEBUG] [oshi.util.FileUtil/]: Reading file /sys/devices/system/cpu/cpu18/cache/index2/level
[25Jul2026 23:47:25.514] [main/DEBUG] [oshi.util.FileUtil/]: Reading file /sys/devices/system/cpu/cpu18/cache/index2/type
[25Jul2026 23:47:25.514] [main/DEBUG] [oshi.util.FileUtil/]: Reading file /sys/devices/system/cpu/cpu18/cache/index2/type
[25Jul2026 23:47:25.514] [main/DEBUG] [oshi.util.FileUtil/]: Reading file /sys/devices/system/cpu/cpu18/cache/index2/ways_of_associativity
[25Jul2026 23:47:25.514] [main/DEBUG] [oshi.util.FileUtil/]: Reading file /sys/devices/system/cpu/cpu18/cache/index2/ways_of_associativity
[25Jul2026 23:47:25.514] [main/DEBUG] [oshi.util.FileUtil/]: Reading file /sys/devices/system/cpu/cpu18/cache/index2/coherency_line_size
[25Jul2026 23:47:25.514] [main/DEBUG] [oshi.util.FileUtil/]: Reading file /sys/devices/system/cpu/cpu18/cache/index2/coherency_line_size
[25Jul2026 23:47:25.514] [main/DEBUG] [oshi.util.FileUtil/]: Reading file /sys/devices/system/cpu/cpu18/cache/index2/size
[25Jul2026 23:47:25.514] [main/DEBUG] [oshi.util.FileUtil/]: Reading file /sys/devices/system/cpu/cpu18/cache/index2/size
[25Jul2026 23:47:25.514] [main/DEBUG] [oshi.util.FileUtil/]: Reading file /sys/devices/system/cpu/cpu18/cache/index0/level
[25Jul2026 23:47:25.514] [main/DEBUG] [oshi.util.FileUtil/]: Reading file /sys/devices/system/cpu/cpu18/cache/index0/level
[25Jul2026 23:47:25.514] [main/DEBUG] [oshi.util.FileUtil/]: Reading file /sys/devices/system/cpu/cpu18/cache/index0/type
[25Jul2026 23:47:25.514] [main/DEBUG] [oshi.util.FileUtil/]: Reading file /sys/devices/system/cpu/cpu18/cache/index0/type
[25Jul2026 23:47:25.514] [main/DEBUG] [oshi.util.FileUtil/]: Reading file /sys/devices/system/cpu/cpu18/cache/index0/ways_of_associativity
[25Jul2026 23:47:25.514] [main/DEBUG] [oshi.util.FileUtil/]: Reading file /sys/devices/system/cpu/cpu18/cache/index0/ways_of_associativity
[25Jul2026 23:47:25.514] [main/DEBUG] [oshi.util.FileUtil/]: Reading file /sys/devices/system/cpu/cpu18/cache/index0/coherency_line_size
[25Jul2026 23:47:25.514] [main/DEBUG] [oshi.util.FileUtil/]: Reading file /sys/devices/system/cpu/cpu18/cache/index0/coherency_line_size
[25Jul2026 23:47:25.515] [main/DEBUG] [oshi.util.FileUtil/]: Reading file /sys/devices/system/cpu/cpu18/cache/index0/size
[25Jul2026 23:47:25.515] [main/DEBUG] [oshi.util.FileUtil/]: Reading file /sys/devices/system/cpu/cpu18/cache/index0/size
[25Jul2026 23:47:25.515] [main/DEBUG] [oshi.util.FileUtil/]: Reading file /sys/devices/system/cpu/cpu18/cache/index3/level
[25Jul2026 23:47:25.515] [main/DEBUG] [oshi.util.FileUtil/]: Reading file /sys/devices/system/cpu/cpu18/cache/index3/level
[25Jul2026 23:47:25.515] [main/DEBUG] [oshi.util.FileUtil/]: Reading file /sys/devices/system/cpu/cpu18/cache/index3/type
[25Jul2026 23:47:25.515] [main/DEBUG] [oshi.util.FileUtil/]: Reading file /sys/devices/system/cpu/cpu18/cache/index3/type
[25Jul2026 23:47:25.515] [main/DEBUG] [oshi.util.FileUtil/]: Reading file /sys/devices/system/cpu/cpu18/cache/index3/ways_of_associativity
[25Jul2026 23:47:25.515] [main/DEBUG] [oshi.util.FileUtil/]: Reading file /sys/devices/system/cpu/cpu18/cache/index3/ways_of_associativity
[25Jul2026 23:47:25.515] [main/DEBUG] [oshi.util.FileUtil/]: Reading file /sys/devices/system/cpu/cpu18/cache/index3/coherency_line_size
[25Jul2026 23:47:25.515] [main/DEBUG] [oshi.util.FileUtil/]: Reading file /sys/devices/system/cpu/cpu18/cache/index3/coherency_line_size
[25Jul2026 23:47:25.515] [main/DEBUG] [oshi.util.FileUtil/]: Reading file /sys/devices/system/cpu/cpu18/cache/index3/size
[25Jul2026 23:47:25.515] [main/DEBUG] [oshi.util.FileUtil/]: Reading file /sys/devices/system/cpu/cpu18/cache/index3/size
[25Jul2026 23:47:25.515] [main/DEBUG] [oshi.util.FileUtil/]: Reading file /sys/devices/system/cpu/cpu18/cache/index1/level
[25Jul2026 23:47:25.515] [main/DEBUG] [oshi.util.FileUtil/]: Reading file /sys/devices/system/cpu/cpu18/cache/index1/level
[25Jul2026 23:47:25.515] [main/DEBUG] [oshi.util.FileUtil/]: Reading file /sys/devices/system/cpu/cpu18/cache/index1/type
[25Jul2026 23:47:25.515] [main/DEBUG] [oshi.util.FileUtil/]: Reading file /sys/devices/system/cpu/cpu18/cache/index1/type
[25Jul2026 23:47:25.515] [main/DEBUG] [oshi.util.FileUtil/]: Reading file /sys/devices/system/cpu/cpu18/cache/index1/ways_of_associativity
[25Jul2026 23:47:25.515] [main/DEBUG] [oshi.util.FileUtil/]: Reading file /sys/devices/system/cpu/cpu18/cache/index1/ways_of_associativity
[25Jul2026 23:47:25.515] [main/DEBUG] [oshi.util.FileUtil/]: Reading file /sys/devices/system/cpu/cpu18/cache/index1/coherency_line_size
[25Jul2026 23:47:25.515] [main/DEBUG] [oshi.util.FileUtil/]: Reading file /sys/devices/system/cpu/cpu18/cache/index1/coherency_line_size
[25Jul2026 23:47:25.515] [main/DEBUG] [oshi.util.FileUtil/]: Reading file /sys/devices/system/cpu/cpu18/cache/index1/size
[25Jul2026 23:47:25.516] [main/DEBUG] [oshi.util.FileUtil/]: Reading file /sys/devices/system/cpu/cpu18/cache/index1/size
[25Jul2026 23:47:25.516] [main/DEBUG] [oshi.util.FileUtil/]: Reading file /sys/devices/system/cpu/cpu19/topology/core_id
[25Jul2026 23:47:25.516] [main/DEBUG] [oshi.util.FileUtil/]: Reading file /sys/devices/system/cpu/cpu19/topology/core_id
[25Jul2026 23:47:25.516] [main/DEBUG] [oshi.util.FileUtil/]: Reading file /sys/devices/system/cpu/cpu19/topology/physical_package_id
[25Jul2026 23:47:25.516] [main/DEBUG] [oshi.util.FileUtil/]: Reading file /sys/devices/system/cpu/cpu19/topology/physical_package_id
[25Jul2026 23:47:25.516] [main/DEBUG] [oshi.util.FileUtil/]: Reading file /sys/devices/system/cpu/cpu19/cpu_capacity
[25Jul2026 23:47:25.516] [main/DEBUG] [oshi.util.FileUtil/]: Reading file /sys/devices/system/cpu/cpu19/cpu_capacity
[25Jul2026 23:47:25.516] [main/DEBUG] [oshi.util.FileUtil/]: Reading file /sys/devices/system/cpu/cpu19/cache/index2/level
[25Jul2026 23:47:25.516] [main/DEBUG] [oshi.util.FileUtil/]: Reading file /sys/devices/system/cpu/cpu19/cache/index2/level
[25Jul2026 23:47:25.517] [main/DEBUG] [oshi.util.FileUtil/]: Reading file /sys/devices/system/cpu/cpu19/cache/index2/type
[25Jul2026 23:47:25.517] [main/DEBUG] [oshi.util.FileUtil/]: Reading file /sys/devices/system/cpu/cpu19/cache/index2/type
[25Jul2026 23:47:25.517] [main/DEBUG] [oshi.util.FileUtil/]: Reading file /sys/devices/system/cpu/cpu19/cache/index2/ways_of_associativity
[25Jul2026 23:47:25.517] [main/DEBUG] [oshi.util.FileUtil/]: Reading file /sys/devices/system/cpu/cpu19/cache/index2/ways_of_associativity
[25Jul2026 23:47:25.517] [main/DEBUG] [oshi.util.FileUtil/]: Reading file /sys/devices/system/cpu/cpu19/cache/index2/coherency_line_size
[25Jul2026 23:47:25.517] [main/DEBUG] [oshi.util.FileUtil/]: Reading file /sys/devices/system/cpu/cpu19/cache/index2/coherency_line_size
[25Jul2026 23:47:25.517] [main/DEBUG] [oshi.util.FileUtil/]: Reading file /sys/devices/system/cpu/cpu19/cache/index2/size
[25Jul2026 23:47:25.517] [main/DEBUG] [oshi.util.FileUtil/]: Reading file /sys/devices/system/cpu/cpu19/cache/index2/size
[25Jul2026 23:47:25.517] [main/DEBUG] [oshi.util.FileUtil/]: Reading file /sys/devices/system/cpu/cpu19/cache/index0/level
[25Jul2026 23:47:25.517] [main/DEBUG] [oshi.util.FileUtil/]: Reading file /sys/devices/system/cpu/cpu19/cache/index0/level
[25Jul2026 23:47:25.517] [main/DEBUG] [oshi.util.FileUtil/]: Reading file /sys/devices/system/cpu/cpu19/cache/index0/type
[25Jul2026 23:47:25.517] [main/DEBUG] [oshi.util.FileUtil/]: Reading file /sys/devices/system/cpu/cpu19/cache/index0/type
[25Jul2026 23:47:25.517] [main/DEBUG] [oshi.util.FileUtil/]: Reading file /sys/devices/system/cpu/cpu19/cache/index0/ways_of_associativity
[25Jul2026 23:47:25.517] [main/DEBUG] [oshi.util.FileUtil/]: Reading file /sys/devices/system/cpu/cpu19/cache/index0/ways_of_associativity
[25Jul2026 23:47:25.517] [main/DEBUG] [oshi.util.FileUtil/]: Reading file /sys/devices/system/cpu/cpu19/cache/index0/coherency_line_size
[25Jul2026 23:47:25.517] [main/DEBUG] [oshi.util.FileUtil/]: Reading file /sys/devices/system/cpu/cpu19/cache/index0/coherency_line_size
[25Jul2026 23:47:25.517] [main/DEBUG] [oshi.util.FileUtil/]: Reading file /sys/devices/system/cpu/cpu19/cache/index0/size
[25Jul2026 23:47:25.517] [main/DEBUG] [oshi.util.FileUtil/]: Reading file /sys/devices/system/cpu/cpu19/cache/index0/size
[25Jul2026 23:47:25.517] [main/DEBUG] [oshi.util.FileUtil/]: Reading file /sys/devices/system/cpu/cpu19/cache/index3/level
[25Jul2026 23:47:25.517] [main/DEBUG] [oshi.util.FileUtil/]: Reading file /sys/devices/system/cpu/cpu19/cache/index3/level
[25Jul2026 23:47:25.517] [main/DEBUG] [oshi.util.FileUtil/]: Reading file /sys/devices/system/cpu/cpu19/cache/index3/type
[25Jul2026 23:47:25.517] [main/DEBUG] [oshi.util.FileUtil/]: Reading file /sys/devices/system/cpu/cpu19/cache/index3/type
[25Jul2026 23:47:25.518] [main/DEBUG] [oshi.util.FileUtil/]: Reading file /sys/devices/system/cpu/cpu19/cache/index3/ways_of_associativity
[25Jul2026 23:47:25.518] [main/DEBUG] [oshi.util.FileUtil/]: Reading file /sys/devices/system/cpu/cpu19/cache/index3/ways_of_associativity
[25Jul2026 23:47:25.518] [main/DEBUG] [oshi.util.FileUtil/]: Reading file /sys/devices/system/cpu/cpu19/cache/index3/coherency_line_size
[25Jul2026 23:47:25.518] [main/DEBUG] [oshi.util.FileUtil/]: Reading file /sys/devices/system/cpu/cpu19/cache/index3/coherency_line_size
[25Jul2026 23:47:25.518] [main/DEBUG] [oshi.util.FileUtil/]: Reading file /sys/devices/system/cpu/cpu19/cache/index3/size
[25Jul2026 23:47:25.518] [main/DEBUG] [oshi.util.FileUtil/]: Reading file /sys/devices/system/cpu/cpu19/cache/index3/size
[25Jul2026 23:47:25.518] [main/DEBUG] [oshi.util.FileUtil/]: Reading file /sys/devices/system/cpu/cpu19/cache/index1/level
[25Jul2026 23:47:25.518] [main/DEBUG] [oshi.util.FileUtil/]: Reading file /sys/devices/system/cpu/cpu19/cache/index1/level
[25Jul2026 23:47:25.518] [main/DEBUG] [oshi.util.FileUtil/]: Reading file /sys/devices/system/cpu/cpu19/cache/index1/type
[25Jul2026 23:47:25.518] [main/DEBUG] [oshi.util.FileUtil/]: Reading file /sys/devices/system/cpu/cpu19/cache/index1/type
[25Jul2026 23:47:25.518] [main/DEBUG] [oshi.util.FileUtil/]: Reading file /sys/devices/system/cpu/cpu19/cache/index1/ways_of_associativity
[25Jul2026 23:47:25.518] [main/DEBUG] [oshi.util.FileUtil/]: Reading file /sys/devices/system/cpu/cpu19/cache/index1/ways_of_associativity
[25Jul2026 23:47:25.518] [main/DEBUG] [oshi.util.FileUtil/]: Reading file /sys/devices/system/cpu/cpu19/cache/index1/coherency_line_size
[25Jul2026 23:47:25.518] [main/DEBUG] [oshi.util.FileUtil/]: Reading file /sys/devices/system/cpu/cpu19/cache/index1/coherency_line_size
[25Jul2026 23:47:25.518] [main/DEBUG] [oshi.util.FileUtil/]: Reading file /sys/devices/system/cpu/cpu19/cache/index1/size
[25Jul2026 23:47:25.518] [main/DEBUG] [oshi.util.FileUtil/]: Reading file /sys/devices/system/cpu/cpu19/cache/index1/size
[25Jul2026 23:47:25.518] [main/DEBUG] [oshi.util.FileUtil/]: Reading file /sys/devices/system/cpu/cpu2/topology/core_id
[25Jul2026 23:47:25.518] [main/DEBUG] [oshi.util.FileUtil/]: Reading file /sys/devices/system/cpu/cpu2/topology/core_id
[25Jul2026 23:47:25.518] [main/DEBUG] [oshi.util.FileUtil/]: Reading file /sys/devices/system/cpu/cpu2/topology/physical_package_id
[25Jul2026 23:47:25.518] [main/DEBUG] [oshi.util.FileUtil/]: Reading file /sys/devices/system/cpu/cpu2/topology/physical_package_id
[25Jul2026 23:47:25.519] [main/DEBUG] [oshi.util.FileUtil/]: Reading file /sys/devices/system/cpu/cpu2/cpu_capacity
[25Jul2026 23:47:25.519] [main/DEBUG] [oshi.util.FileUtil/]: Reading file /sys/devices/system/cpu/cpu2/cpu_capacity
[25Jul2026 23:47:25.519] [main/DEBUG] [oshi.util.FileUtil/]: Reading file /sys/devices/system/cpu/cpu2/cache/index2/level
[25Jul2026 23:47:25.519] [main/DEBUG] [oshi.util.FileUtil/]: Reading file /sys/devices/system/cpu/cpu2/cache/index2/level
[25Jul2026 23:47:25.519] [main/DEBUG] [oshi.util.FileUtil/]: Reading file /sys/devices/system/cpu/cpu2/cache/index2/type
[25Jul2026 23:47:25.519] [main/DEBUG] [oshi.util.FileUtil/]: Reading file /sys/devices/system/cpu/cpu2/cache/index2/type
[25Jul2026 23:47:25.519] [main/DEBUG] [oshi.util.FileUtil/]: Reading file /sys/devices/system/cpu/cpu2/cache/index2/ways_of_associativity
[25Jul2026 23:47:25.519] [main/DEBUG] [oshi.util.FileUtil/]: Reading file /sys/devices/system/cpu/cpu2/cache/index2/ways_of_associativity
[25Jul2026 23:47:25.519] [main/DEBUG] [oshi.util.FileUtil/]: Reading file /sys/devices/system/cpu/cpu2/cache/index2/coherency_line_size
[25Jul2026 23:47:25.519] [main/DEBUG] [oshi.util.FileUtil/]: Reading file /sys/devices/system/cpu/cpu2/cache/index2/coherency_line_size
[25Jul2026 23:47:25.519] [main/DEBUG] [oshi.util.FileUtil/]: Reading file /sys/devices/system/cpu/cpu2/cache/index2/size
[25Jul2026 23:47:25.519] [main/DEBUG] [oshi.util.FileUtil/]: Reading file /sys/devices/system/cpu/cpu2/cache/index2/size
[25Jul2026 23:47:25.519] [main/DEBUG] [oshi.util.FileUtil/]: Reading file /sys/devices/system/cpu/cpu2/cache/index0/level
[25Jul2026 23:47:25.519] [main/DEBUG] [oshi.util.FileUtil/]: Reading file /sys/devices/system/cpu/cpu2/cache/index0/level
[25Jul2026 23:47:25.519] [main/DEBUG] [oshi.util.FileUtil/]: Reading file /sys/devices/system/cpu/cpu2/cache/index0/type
[25Jul2026 23:47:25.519] [main/DEBUG] [oshi.util.FileUtil/]: Reading file /sys/devices/system/cpu/cpu2/cache/index0/type
[25Jul2026 23:47:25.519] [main/DEBUG] [oshi.util.FileUtil/]: Reading file /sys/devices/system/cpu/cpu2/cache/index0/ways_of_associativity
[25Jul2026 23:47:25.519] [main/DEBUG] [oshi.util.FileUtil/]: Reading file /sys/devices/system/cpu/cpu2/cache/index0/ways_of_associativity
[25Jul2026 23:47:25.519] [main/DEBUG] [oshi.util.FileUtil/]: Reading file /sys/devices/system/cpu/cpu2/cache/index0/coherency_line_size
[25Jul2026 23:47:25.519] [main/DEBUG] [oshi.util.FileUtil/]: Reading file /sys/devices/system/cpu/cpu2/cache/index0/coherency_line_size
[25Jul2026 23:47:25.519] [main/DEBUG] [oshi.util.FileUtil/]: Reading file /sys/devices/system/cpu/cpu2/cache/index0/size
[25Jul2026 23:47:25.519] [main/DEBUG] [oshi.util.FileUtil/]: Reading file /sys/devices/system/cpu/cpu2/cache/index0/size
[25Jul2026 23:47:25.520] [main/DEBUG] [oshi.util.FileUtil/]: Reading file /sys/devices/system/cpu/cpu2/cache/index3/level
[25Jul2026 23:47:25.520] [main/DEBUG] [oshi.util.FileUtil/]: Reading file /sys/devices/system/cpu/cpu2/cache/index3/level
[25Jul2026 23:47:25.520] [main/DEBUG] [oshi.util.FileUtil/]: Reading file /sys/devices/system/cpu/cpu2/cache/index3/type
[25Jul2026 23:47:25.520] [main/DEBUG] [oshi.util.FileUtil/]: Reading file /sys/devices/system/cpu/cpu2/cache/index3/type
[25Jul2026 23:47:25.520] [main/DEBUG] [oshi.util.FileUtil/]: Reading file /sys/devices/system/cpu/cpu2/cache/index3/ways_of_associativity
[25Jul2026 23:47:25.520] [main/DEBUG] [oshi.util.FileUtil/]: Reading file /sys/devices/system/cpu/cpu2/cache/index3/ways_of_associativity
[25Jul2026 23:47:25.520] [main/DEBUG] [oshi.util.FileUtil/]: Reading file /sys/devices/system/cpu/cpu2/cache/index3/coherency_line_size
[25Jul2026 23:47:25.520] [main/DEBUG] [oshi.util.FileUtil/]: Reading file /sys/devices/system/cpu/cpu2/cache/index3/coherency_line_size
[25Jul2026 23:47:25.520] [main/DEBUG] [oshi.util.FileUtil/]: Reading file /sys/devices/system/cpu/cpu2/cache/index3/size
[25Jul2026 23:47:25.520] [main/DEBUG] [oshi.util.FileUtil/]: Reading file /sys/devices/system/cpu/cpu2/cache/index3/size
[25Jul2026 23:47:25.520] [main/DEBUG] [oshi.util.FileUtil/]: Reading file /sys/devices/system/cpu/cpu2/cache/index1/level
[25Jul2026 23:47:25.520] [main/DEBUG] [oshi.util.FileUtil/]: Reading file /sys/devices/system/cpu/cpu2/cache/index1/level
[25Jul2026 23:47:25.520] [main/DEBUG] [oshi.util.FileUtil/]: Reading file /sys/devices/system/cpu/cpu2/cache/index1/type
[25Jul2026 23:47:25.520] [main/DEBUG] [oshi.util.FileUtil/]: Reading file /sys/devices/system/cpu/cpu2/cache/index1/type
[25Jul2026 23:47:25.520] [main/DEBUG] [oshi.util.FileUtil/]: Reading file /sys/devices/system/cpu/cpu2/cache/index1/ways_of_associativity
[25Jul2026 23:47:25.520] [main/DEBUG] [oshi.util.FileUtil/]: Reading file /sys/devices/system/cpu/cpu2/cache/index1/ways_of_associativity
[25Jul2026 23:47:25.520] [main/DEBUG] [oshi.util.FileUtil/]: Reading file /sys/devices/system/cpu/cpu2/cache/index1/coherency_line_size
[25Jul2026 23:47:25.520] [main/DEBUG] [oshi.util.FileUtil/]: Reading file /sys/devices/system/cpu/cpu2/cache/index1/coherency_line_size
[25Jul2026 23:47:25.520] [main/DEBUG] [oshi.util.FileUtil/]: Reading file /sys/devices/system/cpu/cpu2/cache/index1/size
[25Jul2026 23:47:25.520] [main/DEBUG] [oshi.util.FileUtil/]: Reading file /sys/devices/system/cpu/cpu2/cache/index1/size
[25Jul2026 23:47:25.520] [main/DEBUG] [oshi.util.FileUtil/]: Reading file /sys/devices/system/cpu/cpu20/topology/core_id
[25Jul2026 23:47:25.521] [main/DEBUG] [oshi.util.FileUtil/]: Reading file /sys/devices/system/cpu/cpu20/topology/core_id
[25Jul2026 23:47:25.521] [main/DEBUG] [oshi.util.FileUtil/]: Reading file /sys/devices/system/cpu/cpu20/topology/physical_package_id
[25Jul2026 23:47:25.521] [main/DEBUG] [oshi.util.FileUtil/]: Reading file /sys/devices/system/cpu/cpu20/topology/physical_package_id
[25Jul2026 23:47:25.521] [main/DEBUG] [oshi.util.FileUtil/]: Reading file /sys/devices/system/cpu/cpu20/cpu_capacity
[25Jul2026 23:47:25.521] [main/DEBUG] [oshi.util.FileUtil/]: Reading file /sys/devices/system/cpu/cpu20/cpu_capacity
[25Jul2026 23:47:25.521] [main/DEBUG] [oshi.util.FileUtil/]: Reading file /sys/devices/system/cpu/cpu20/cache/index2/level
[25Jul2026 23:47:25.521] [main/DEBUG] [oshi.util.FileUtil/]: Reading file /sys/devices/system/cpu/cpu20/cache/index2/level
[25Jul2026 23:47:25.521] [main/DEBUG] [oshi.util.FileUtil/]: Reading file /sys/devices/system/cpu/cpu20/cache/index2/type
[25Jul2026 23:47:25.521] [main/DEBUG] [oshi.util.FileUtil/]: Reading file /sys/devices/system/cpu/cpu20/cache/index2/type
[25Jul2026 23:47:25.521] [main/DEBUG] [oshi.util.FileUtil/]: Reading file /sys/devices/system/cpu/cpu20/cache/index2/ways_of_associativity
[25Jul2026 23:47:25.521] [main/DEBUG] [oshi.util.FileUtil/]: Reading file /sys/devices/system/cpu/cpu20/cache/index2/ways_of_associativity
[25Jul2026 23:47:25.521] [main/DEBUG] [oshi.util.FileUtil/]: Reading file /sys/devices/system/cpu/cpu20/cache/index2/coherency_line_size
[25Jul2026 23:47:25.521] [main/DEBUG] [oshi.util.FileUtil/]: Reading file /sys/devices/system/cpu/cpu20/cache/index2/coherency_line_size
[25Jul2026 23:47:25.521] [main/DEBUG] [oshi.util.FileUtil/]: Reading file /sys/devices/system/cpu/cpu20/cache/index2/size
[25Jul2026 23:47:25.521] [main/DEBUG] [oshi.util.FileUtil/]: Reading file /sys/devices/system/cpu/cpu20/cache/index2/size
[25Jul2026 23:47:25.521] [main/DEBUG] [oshi.util.FileUtil/]: Reading file /sys/devices/system/cpu/cpu20/cache/index0/level
[25Jul2026 23:47:25.521] [main/DEBUG] [oshi.util.FileUtil/]: Reading file /sys/devices/system/cpu/cpu20/cache/index0/level
[25Jul2026 23:47:25.521] [main/DEBUG] [oshi.util.FileUtil/]: Reading file /sys/devices/system/cpu/cpu20/cache/index0/type
[25Jul2026 23:47:25.521] [main/DEBUG] [oshi.util.FileUtil/]: Reading file /sys/devices/system/cpu/cpu20/cache/index0/type
[25Jul2026 23:47:25.521] [main/DEBUG] [oshi.util.FileUtil/]: Reading file /sys/devices/system/cpu/cpu20/cache/index0/ways_of_associativity
[25Jul2026 23:47:25.521] [main/DEBUG] [oshi.util.FileUtil/]: Reading file /sys/devices/system/cpu/cpu20/cache/index0/ways_of_associativity
[25Jul2026 23:47:25.521] [main/DEBUG] [oshi.util.FileUtil/]: Reading file /sys/devices/system/cpu/cpu20/cache/index0/coherency_line_size
[25Jul2026 23:47:25.522] [main/DEBUG] [oshi.util.FileUtil/]: Reading file /sys/devices/system/cpu/cpu20/cache/index0/coherency_line_size
[25Jul2026 23:47:25.522] [main/DEBUG] [oshi.util.FileUtil/]: Reading file /sys/devices/system/cpu/cpu20/cache/index0/size
[25Jul2026 23:47:25.522] [main/DEBUG] [oshi.util.FileUtil/]: Reading file /sys/devices/system/cpu/cpu20/cache/index0/size
[25Jul2026 23:47:25.522] [main/DEBUG] [oshi.util.FileUtil/]: Reading file /sys/devices/system/cpu/cpu20/cache/index3/level
[25Jul2026 23:47:25.522] [main/DEBUG] [oshi.util.FileUtil/]: Reading file /sys/devices/system/cpu/cpu20/cache/index3/level
[25Jul2026 23:47:25.522] [main/DEBUG] [oshi.util.FileUtil/]: Reading file /sys/devices/system/cpu/cpu20/cache/index3/type
[25Jul2026 23:47:25.522] [main/DEBUG] [oshi.util.FileUtil/]: Reading file /sys/devices/system/cpu/cpu20/cache/index3/type
[25Jul2026 23:47:25.522] [main/DEBUG] [oshi.util.FileUtil/]: Reading file /sys/devices/system/cpu/cpu20/cache/index3/ways_of_associativity
[25Jul2026 23:47:25.522] [main/DEBUG] [oshi.util.FileUtil/]: Reading file /sys/devices/system/cpu/cpu20/cache/index3/ways_of_associativity
[25Jul2026 23:47:25.522] [main/DEBUG] [oshi.util.FileUtil/]: Reading file /sys/devices/system/cpu/cpu20/cache/index3/coherency_line_size
[25Jul2026 23:47:25.522] [main/DEBUG] [oshi.util.FileUtil/]: Reading file /sys/devices/system/cpu/cpu20/cache/index3/coherency_line_size
[25Jul2026 23:47:25.522] [main/DEBUG] [oshi.util.FileUtil/]: Reading file /sys/devices/system/cpu/cpu20/cache/index3/size
[25Jul2026 23:47:25.522] [main/DEBUG] [oshi.util.FileUtil/]: Reading file /sys/devices/system/cpu/cpu20/cache/index3/size
[25Jul2026 23:47:25.522] [main/DEBUG] [oshi.util.FileUtil/]: Reading file /sys/devices/system/cpu/cpu20/cache/index1/level
[25Jul2026 23:47:25.522] [main/DEBUG] [oshi.util.FileUtil/]: Reading file /sys/devices/system/cpu/cpu20/cache/index1/level
[25Jul2026 23:47:25.522] [main/DEBUG] [oshi.util.FileUtil/]: Reading file /sys/devices/system/cpu/cpu20/cache/index1/type
[25Jul2026 23:47:25.522] [main/DEBUG] [oshi.util.FileUtil/]: Reading file /sys/devices/system/cpu/cpu20/cache/index1/type
[25Jul2026 23:47:25.522] [main/DEBUG] [oshi.util.FileUtil/]: Reading file /sys/devices/system/cpu/cpu20/cache/index1/ways_of_associativity
[25Jul2026 23:47:25.522] [main/DEBUG] [oshi.util.FileUtil/]: Reading file /sys/devices/system/cpu/cpu20/cache/index1/ways_of_associativity
[25Jul2026 23:47:25.522] [main/DEBUG] [oshi.util.FileUtil/]: Reading file /sys/devices/system/cpu/cpu20/cache/index1/coherency_line_size
[25Jul2026 23:47:25.522] [main/DEBUG] [oshi.util.FileUtil/]: Reading file /sys/devices/system/cpu/cpu20/cache/index1/coherency_line_size
[25Jul2026 23:47:25.522] [main/DEBUG] [oshi.util.FileUtil/]: Reading file /sys/devices/system/cpu/cpu20/cache/index1/size
[25Jul2026 23:47:25.522] [main/DEBUG] [oshi.util.FileUtil/]: Reading file /sys/devices/system/cpu/cpu20/cache/index1/size
[25Jul2026 23:47:25.523] [main/DEBUG] [oshi.util.FileUtil/]: Reading file /sys/devices/system/cpu/cpu21/topology/core_id
[25Jul2026 23:47:25.523] [main/DEBUG] [oshi.util.FileUtil/]: Reading file /sys/devices/system/cpu/cpu21/topology/core_id
[25Jul2026 23:47:25.523] [main/DEBUG] [oshi.util.FileUtil/]: Reading file /sys/devices/system/cpu/cpu21/topology/physical_package_id
[25Jul2026 23:47:25.523] [main/DEBUG] [oshi.util.FileUtil/]: Reading file /sys/devices/system/cpu/cpu21/topology/physical_package_id
[25Jul2026 23:47:25.523] [main/DEBUG] [oshi.util.FileUtil/]: Reading file /sys/devices/system/cpu/cpu21/cpu_capacity
[25Jul2026 23:47:25.523] [main/DEBUG] [oshi.util.FileUtil/]: Reading file /sys/devices/system/cpu/cpu21/cpu_capacity
[25Jul2026 23:47:25.523] [main/DEBUG] [oshi.util.FileUtil/]: Reading file /sys/devices/system/cpu/cpu21/cache/index2/level
[25Jul2026 23:47:25.523] [main/DEBUG] [oshi.util.FileUtil/]: Reading file /sys/devices/system/cpu/cpu21/cache/index2/level
[25Jul2026 23:47:25.523] [main/DEBUG] [oshi.util.FileUtil/]: Reading file /sys/devices/system/cpu/cpu21/cache/index2/type
[25Jul2026 23:47:25.523] [main/DEBUG] [oshi.util.FileUtil/]: Reading file /sys/devices/system/cpu/cpu21/cache/index2/type
[25Jul2026 23:47:25.523] [main/DEBUG] [oshi.util.FileUtil/]: Reading file /sys/devices/system/cpu/cpu21/cache/index2/ways_of_associativity
[25Jul2026 23:47:25.523] [main/DEBUG] [oshi.util.FileUtil/]: Reading file /sys/devices/system/cpu/cpu21/cache/index2/ways_of_associativity
[25Jul2026 23:47:25.523] [main/DEBUG] [oshi.util.FileUtil/]: Reading file /sys/devices/system/cpu/cpu21/cache/index2/coherency_line_size
[25Jul2026 23:47:25.523] [main/DEBUG] [oshi.util.FileUtil/]: Reading file /sys/devices/system/cpu/cpu21/cache/index2/coherency_line_size
[25Jul2026 23:47:25.523] [main/DEBUG] [oshi.util.FileUtil/]: Reading file /sys/devices/system/cpu/cpu21/cache/index2/size
[25Jul2026 23:47:25.523] [main/DEBUG] [oshi.util.FileUtil/]: Reading file /sys/devices/system/cpu/cpu21/cache/index2/size
[25Jul2026 23:47:25.523] [main/DEBUG] [oshi.util.FileUtil/]: Reading file /sys/devices/system/cpu/cpu21/cache/index0/level
[25Jul2026 23:47:25.523] [main/DEBUG] [oshi.util.FileUtil/]: Reading file /sys/devices/system/cpu/cpu21/cache/index0/level
[25Jul2026 23:47:25.523] [main/DEBUG] [oshi.util.FileUtil/]: Reading file /sys/devices/system/cpu/cpu21/cache/index0/type
[25Jul2026 23:47:25.524] [main/DEBUG] [oshi.util.FileUtil/]: Reading file /sys/devices/system/cpu/cpu21/cache/index0/type
[25Jul2026 23:47:25.524] [main/DEBUG] [oshi.util.FileUtil/]: Reading file /sys/devices/system/cpu/cpu21/cache/index0/ways_of_associativity
[25Jul2026 23:47:25.524] [main/DEBUG] [oshi.util.FileUtil/]: Reading file /sys/devices/system/cpu/cpu21/cache/index0/ways_of_associativity
[25Jul2026 23:47:25.524] [main/DEBUG] [oshi.util.FileUtil/]: Reading file /sys/devices/system/cpu/cpu21/cache/index0/coherency_line_size
[25Jul2026 23:47:25.524] [main/DEBUG] [oshi.util.FileUtil/]: Reading file /sys/devices/system/cpu/cpu21/cache/index0/coherency_line_size
[25Jul2026 23:47:25.524] [main/DEBUG] [oshi.util.FileUtil/]: Reading file /sys/devices/system/cpu/cpu21/cache/index0/size
[25Jul2026 23:47:25.524] [main/DEBUG] [oshi.util.FileUtil/]: Reading file /sys/devices/system/cpu/cpu21/cache/index0/size
[25Jul2026 23:47:25.524] [main/DEBUG] [oshi.util.FileUtil/]: Reading file /sys/devices/system/cpu/cpu21/cache/index3/level
[25Jul2026 23:47:25.524] [main/DEBUG] [oshi.util.FileUtil/]: Reading file /sys/devices/system/cpu/cpu21/cache/index3/level
[25Jul2026 23:47:25.524] [main/DEBUG] [oshi.util.FileUtil/]: Reading file /sys/devices/system/cpu/cpu21/cache/index3/type
[25Jul2026 23:47:25.524] [main/DEBUG] [oshi.util.FileUtil/]: Reading file /sys/devices/system/cpu/cpu21/cache/index3/type
[25Jul2026 23:47:25.524] [main/DEBUG] [oshi.util.FileUtil/]: Reading file /sys/devices/system/cpu/cpu21/cache/index3/ways_of_associativity
[25Jul2026 23:47:25.524] [main/DEBUG] [oshi.util.FileUtil/]: Reading file /sys/devices/system/cpu/cpu21/cache/index3/ways_of_associativity
[25Jul2026 23:47:25.524] [main/DEBUG] [oshi.util.FileUtil/]: Reading file /sys/devices/system/cpu/cpu21/cache/index3/coherency_line_size
[25Jul2026 23:47:25.524] [main/DEBUG] [oshi.util.FileUtil/]: Reading file /sys/devices/system/cpu/cpu21/cache/index3/coherency_line_size
[25Jul2026 23:47:25.524] [main/DEBUG] [oshi.util.FileUtil/]: Reading file /sys/devices/system/cpu/cpu21/cache/index3/size
[25Jul2026 23:47:25.524] [main/DEBUG] [oshi.util.FileUtil/]: Reading file /sys/devices/system/cpu/cpu21/cache/index3/size
[25Jul2026 23:47:25.524] [main/DEBUG] [oshi.util.FileUtil/]: Reading file /sys/devices/system/cpu/cpu21/cache/index1/level
[25Jul2026 23:47:25.524] [main/DEBUG] [oshi.util.FileUtil/]: Reading file /sys/devices/system/cpu/cpu21/cache/index1/level
[25Jul2026 23:47:25.524] [main/DEBUG] [oshi.util.FileUtil/]: Reading file /sys/devices/system/cpu/cpu21/cache/index1/type
[25Jul2026 23:47:25.524] [main/DEBUG] [oshi.util.FileUtil/]: Reading file /sys/devices/system/cpu/cpu21/cache/index1/type
[25Jul2026 23:47:25.524] [main/DEBUG] [oshi.util.FileUtil/]: Reading file /sys/devices/system/cpu/cpu21/cache/index1/ways_of_associativity
[25Jul2026 23:47:25.525] [main/DEBUG] [oshi.util.FileUtil/]: Reading file /sys/devices/system/cpu/cpu21/cache/index1/ways_of_associativity
[25Jul2026 23:47:25.525] [main/DEBUG] [oshi.util.FileUtil/]: Reading file /sys/devices/system/cpu/cpu21/cache/index1/coherency_line_size
[25Jul2026 23:47:25.525] [main/DEBUG] [oshi.util.FileUtil/]: Reading file /sys/devices/system/cpu/cpu21/cache/index1/coherency_line_size
[25Jul2026 23:47:25.525] [main/DEBUG] [oshi.util.FileUtil/]: Reading file /sys/devices/system/cpu/cpu21/cache/index1/size
[25Jul2026 23:47:25.525] [main/DEBUG] [oshi.util.FileUtil/]: Reading file /sys/devices/system/cpu/cpu21/cache/index1/size
[25Jul2026 23:47:25.525] [main/DEBUG] [oshi.util.FileUtil/]: Reading file /sys/devices/system/cpu/cpu22/topology/core_id
[25Jul2026 23:47:25.525] [main/DEBUG] [oshi.util.FileUtil/]: Reading file /sys/devices/system/cpu/cpu22/topology/core_id
[25Jul2026 23:47:25.525] [main/DEBUG] [oshi.util.FileUtil/]: Reading file /sys/devices/system/cpu/cpu22/topology/physical_package_id
[25Jul2026 23:47:25.525] [main/DEBUG] [oshi.util.FileUtil/]: Reading file /sys/devices/system/cpu/cpu22/topology/physical_package_id
[25Jul2026 23:47:25.525] [main/DEBUG] [oshi.util.FileUtil/]: Reading file /sys/devices/system/cpu/cpu22/cpu_capacity
[25Jul2026 23:47:25.525] [main/DEBUG] [oshi.util.FileUtil/]: Reading file /sys/devices/system/cpu/cpu22/cpu_capacity
[25Jul2026 23:47:25.526] [main/DEBUG] [oshi.util.FileUtil/]: Reading file /sys/devices/system/cpu/cpu22/cache/index2/level
[25Jul2026 23:47:25.526] [main/DEBUG] [oshi.util.FileUtil/]: Reading file /sys/devices/system/cpu/cpu22/cache/index2/level
[25Jul2026 23:47:25.526] [main/DEBUG] [oshi.util.FileUtil/]: Reading file /sys/devices/system/cpu/cpu22/cache/index2/type
[25Jul2026 23:47:25.526] [main/DEBUG] [oshi.util.FileUtil/]: Reading file /sys/devices/system/cpu/cpu22/cache/index2/type
[25Jul2026 23:47:25.526] [main/DEBUG] [oshi.util.FileUtil/]: Reading file /sys/devices/system/cpu/cpu22/cache/index2/ways_of_associativity
[25Jul2026 23:47:25.526] [main/DEBUG] [oshi.util.FileUtil/]: Reading file /sys/devices/system/cpu/cpu22/cache/index2/ways_of_associativity
[25Jul2026 23:47:25.526] [main/DEBUG] [oshi.util.FileUtil/]: Reading file /sys/devices/system/cpu/cpu22/cache/index2/coherency_line_size
[25Jul2026 23:47:25.526] [main/DEBUG] [oshi.util.FileUtil/]: Reading file /sys/devices/system/cpu/cpu22/cache/index2/coherency_line_size
[25Jul2026 23:47:25.526] [main/DEBUG] [oshi.util.FileUtil/]: Reading file /sys/devices/system/cpu/cpu22/cache/index2/size
[25Jul2026 23:47:25.526] [main/DEBUG] [oshi.util.FileUtil/]: Reading file /sys/devices/system/cpu/cpu22/cache/index2/size
[25Jul2026 23:47:25.526] [main/DEBUG] [oshi.util.FileUtil/]: Reading file /sys/devices/system/cpu/cpu22/cache/index0/level
[25Jul2026 23:47:25.526] [main/DEBUG] [oshi.util.FileUtil/]: Reading file /sys/devices/system/cpu/cpu22/cache/index0/level
[25Jul2026 23:47:25.526] [main/DEBUG] [oshi.util.FileUtil/]: Reading file /sys/devices/system/cpu/cpu22/cache/index0/type
[25Jul2026 23:47:25.527] [main/DEBUG] [oshi.util.FileUtil/]: Reading file /sys/devices/system/cpu/cpu22/cache/index0/type
[25Jul2026 23:47:25.527] [main/DEBUG] [oshi.util.FileUtil/]: Reading file /sys/devices/system/cpu/cpu22/cache/index0/ways_of_associativity
[25Jul2026 23:47:25.527] [main/DEBUG] [oshi.util.FileUtil/]: Reading file /sys/devices/system/cpu/cpu22/cache/index0/ways_of_associativity
[25Jul2026 23:47:25.527] [main/DEBUG] [oshi.util.FileUtil/]: Reading file /sys/devices/system/cpu/cpu22/cache/index0/coherency_line_size
[25Jul2026 23:47:25.527] [main/DEBUG] [oshi.util.FileUtil/]: Reading file /sys/devices/system/cpu/cpu22/cache/index0/coherency_line_size
[25Jul2026 23:47:25.527] [main/DEBUG] [oshi.util.FileUtil/]: Reading file /sys/devices/system/cpu/cpu22/cache/index0/size
[25Jul2026 23:47:25.527] [main/DEBUG] [oshi.util.FileUtil/]: Reading file /sys/devices/system/cpu/cpu22/cache/index0/size
[25Jul2026 23:47:25.527] [main/DEBUG] [oshi.util.FileUtil/]: Reading file /sys/devices/system/cpu/cpu22/cache/index3/level
[25Jul2026 23:47:25.527] [main/DEBUG] [oshi.util.FileUtil/]: Reading file /sys/devices/system/cpu/cpu22/cache/index3/level
[25Jul2026 23:47:25.527] [main/DEBUG] [oshi.util.FileUtil/]: Reading file /sys/devices/system/cpu/cpu22/cache/index3/type
[25Jul2026 23:47:25.527] [main/DEBUG] [oshi.util.FileUtil/]: Reading file /sys/devices/system/cpu/cpu22/cache/index3/type
[25Jul2026 23:47:25.527] [main/DEBUG] [oshi.util.FileUtil/]: Reading file /sys/devices/system/cpu/cpu22/cache/index3/ways_of_associativity
[25Jul2026 23:47:25.527] [main/DEBUG] [oshi.util.FileUtil/]: Reading file /sys/devices/system/cpu/cpu22/cache/index3/ways_of_associativity
[25Jul2026 23:47:25.527] [main/DEBUG] [oshi.util.FileUtil/]: Reading file /sys/devices/system/cpu/cpu22/cache/index3/coherency_line_size
[25Jul2026 23:47:25.527] [main/DEBUG] [oshi.util.FileUtil/]: Reading file /sys/devices/system/cpu/cpu22/cache/index3/coherency_line_size
[25Jul2026 23:47:25.527] [main/DEBUG] [oshi.util.FileUtil/]: Reading file /sys/devices/system/cpu/cpu22/cache/index3/size
[25Jul2026 23:47:25.528] [main/DEBUG] [oshi.util.FileUtil/]: Reading file /sys/devices/system/cpu/cpu22/cache/index3/size
[25Jul2026 23:47:25.528] [main/DEBUG] [oshi.util.FileUtil/]: Reading file /sys/devices/system/cpu/cpu22/cache/index1/level
[25Jul2026 23:47:25.528] [main/DEBUG] [oshi.util.FileUtil/]: Reading file /sys/devices/system/cpu/cpu22/cache/index1/level
[25Jul2026 23:47:25.528] [main/DEBUG] [oshi.util.FileUtil/]: Reading file /sys/devices/system/cpu/cpu22/cache/index1/type
[25Jul2026 23:47:25.528] [main/DEBUG] [oshi.util.FileUtil/]: Reading file /sys/devices/system/cpu/cpu22/cache/index1/type
[25Jul2026 23:47:25.528] [main/DEBUG] [oshi.util.FileUtil/]: Reading file /sys/devices/system/cpu/cpu22/cache/index1/ways_of_associativity
[25Jul2026 23:47:25.528] [main/DEBUG] [oshi.util.FileUtil/]: Reading file /sys/devices/system/cpu/cpu22/cache/index1/ways_of_associativity
[25Jul2026 23:47:25.528] [main/DEBUG] [oshi.util.FileUtil/]: Reading file /sys/devices/system/cpu/cpu22/cache/index1/coherency_line_size
[25Jul2026 23:47:25.528] [main/DEBUG] [oshi.util.FileUtil/]: Reading file /sys/devices/system/cpu/cpu22/cache/index1/coherency_line_size
[25Jul2026 23:47:25.528] [main/DEBUG] [oshi.util.FileUtil/]: Reading file /sys/devices/system/cpu/cpu22/cache/index1/size
[25Jul2026 23:47:25.528] [main/DEBUG] [oshi.util.FileUtil/]: Reading file /sys/devices/system/cpu/cpu22/cache/index1/size
[25Jul2026 23:47:25.528] [main/DEBUG] [oshi.util.FileUtil/]: Reading file /sys/devices/system/cpu/cpu23/topology/core_id
[25Jul2026 23:47:25.528] [main/DEBUG] [oshi.util.FileUtil/]: Reading file /sys/devices/system/cpu/cpu23/topology/core_id
[25Jul2026 23:47:25.528] [main/DEBUG] [oshi.util.FileUtil/]: Reading file /sys/devices/system/cpu/cpu23/topology/physical_package_id
[25Jul2026 23:47:25.528] [main/DEBUG] [oshi.util.FileUtil/]: Reading file /sys/devices/system/cpu/cpu23/topology/physical_package_id
[25Jul2026 23:47:25.528] [main/DEBUG] [oshi.util.FileUtil/]: Reading file /sys/devices/system/cpu/cpu23/cpu_capacity
[25Jul2026 23:47:25.528] [main/DEBUG] [oshi.util.FileUtil/]: Reading file /sys/devices/system/cpu/cpu23/cpu_capacity
[25Jul2026 23:47:25.529] [main/DEBUG] [oshi.util.FileUtil/]: Reading file /sys/devices/system/cpu/cpu23/cache/index2/level
[25Jul2026 23:47:25.529] [main/DEBUG] [oshi.util.FileUtil/]: Reading file /sys/devices/system/cpu/cpu23/cache/index2/level
[25Jul2026 23:47:25.529] [main/DEBUG] [oshi.util.FileUtil/]: Reading file /sys/devices/system/cpu/cpu23/cache/index2/type
[25Jul2026 23:47:25.529] [main/DEBUG] [oshi.util.FileUtil/]: Reading file /sys/devices/system/cpu/cpu23/cache/index2/type
[25Jul2026 23:47:25.529] [main/DEBUG] [oshi.util.FileUtil/]: Reading file /sys/devices/system/cpu/cpu23/cache/index2/ways_of_associativity
[25Jul2026 23:47:25.529] [main/DEBUG] [oshi.util.FileUtil/]: Reading file /sys/devices/system/cpu/cpu23/cache/index2/ways_of_associativity
[25Jul2026 23:47:25.529] [main/DEBUG] [oshi.util.FileUtil/]: Reading file /sys/devices/system/cpu/cpu23/cache/index2/coherency_line_size
[25Jul2026 23:47:25.529] [main/DEBUG] [oshi.util.FileUtil/]: Reading file /sys/devices/system/cpu/cpu23/cache/index2/coherency_line_size
[25Jul2026 23:47:25.529] [main/DEBUG] [oshi.util.FileUtil/]: Reading file /sys/devices/system/cpu/cpu23/cache/index2/size
[25Jul2026 23:47:25.529] [main/DEBUG] [oshi.util.FileUtil/]: Reading file /sys/devices/system/cpu/cpu23/cache/index2/size
[25Jul2026 23:47:25.529] [main/DEBUG] [oshi.util.FileUtil/]: Reading file /sys/devices/system/cpu/cpu23/cache/index0/level
[25Jul2026 23:47:25.529] [main/DEBUG] [oshi.util.FileUtil/]: Reading file /sys/devices/system/cpu/cpu23/cache/index0/level
[25Jul2026 23:47:25.529] [main/DEBUG] [oshi.util.FileUtil/]: Reading file /sys/devices/system/cpu/cpu23/cache/index0/type
[25Jul2026 23:47:25.529] [main/DEBUG] [oshi.util.FileUtil/]: Reading file /sys/devices/system/cpu/cpu23/cache/index0/type
[25Jul2026 23:47:25.529] [main/DEBUG] [oshi.util.FileUtil/]: Reading file /sys/devices/system/cpu/cpu23/cache/index0/ways_of_associativity
[25Jul2026 23:47:25.529] [main/DEBUG] [oshi.util.FileUtil/]: Reading file /sys/devices/system/cpu/cpu23/cache/index0/ways_of_associativity
[25Jul2026 23:47:25.529] [main/DEBUG] [oshi.util.FileUtil/]: Reading file /sys/devices/system/cpu/cpu23/cache/index0/coherency_line_size
[25Jul2026 23:47:25.529] [main/DEBUG] [oshi.util.FileUtil/]: Reading file /sys/devices/system/cpu/cpu23/cache/index0/coherency_line_size
[25Jul2026 23:47:25.529] [main/DEBUG] [oshi.util.FileUtil/]: Reading file /sys/devices/system/cpu/cpu23/cache/index0/size
[25Jul2026 23:47:25.529] [main/DEBUG] [oshi.util.FileUtil/]: Reading file /sys/devices/system/cpu/cpu23/cache/index0/size
[25Jul2026 23:47:25.529] [main/DEBUG] [oshi.util.FileUtil/]: Reading file /sys/devices/system/cpu/cpu23/cache/index3/level
[25Jul2026 23:47:25.529] [main/DEBUG] [oshi.util.FileUtil/]: Reading file /sys/devices/system/cpu/cpu23/cache/index3/level
[25Jul2026 23:47:25.529] [main/DEBUG] [oshi.util.FileUtil/]: Reading file /sys/devices/system/cpu/cpu23/cache/index3/type
[25Jul2026 23:47:25.530] [main/DEBUG] [oshi.util.FileUtil/]: Reading file /sys/devices/system/cpu/cpu23/cache/index3/type
[25Jul2026 23:47:25.530] [main/DEBUG] [oshi.util.FileUtil/]: Reading file /sys/devices/system/cpu/cpu23/cache/index3/ways_of_associativity
[25Jul2026 23:47:25.530] [main/DEBUG] [oshi.util.FileUtil/]: Reading file /sys/devices/system/cpu/cpu23/cache/index3/ways_of_associativity
[25Jul2026 23:47:25.530] [main/DEBUG] [oshi.util.FileUtil/]: Reading file /sys/devices/system/cpu/cpu23/cache/index3/coherency_line_size
[25Jul2026 23:47:25.530] [main/DEBUG] [oshi.util.FileUtil/]: Reading file /sys/devices/system/cpu/cpu23/cache/index3/coherency_line_size
[25Jul2026 23:47:25.530] [main/DEBUG] [oshi.util.FileUtil/]: Reading file /sys/devices/system/cpu/cpu23/cache/index3/size
[25Jul2026 23:47:25.530] [main/DEBUG] [oshi.util.FileUtil/]: Reading file /sys/devices/system/cpu/cpu23/cache/index3/size
[25Jul2026 23:47:25.530] [main/DEBUG] [oshi.util.FileUtil/]: Reading file /sys/devices/system/cpu/cpu23/cache/index1/level
[25Jul2026 23:47:25.530] [main/DEBUG] [oshi.util.FileUtil/]: Reading file /sys/devices/system/cpu/cpu23/cache/index1/level
[25Jul2026 23:47:25.530] [main/DEBUG] [oshi.util.FileUtil/]: Reading file /sys/devices/system/cpu/cpu23/cache/index1/type
[25Jul2026 23:47:25.530] [main/DEBUG] [oshi.util.FileUtil/]: Reading file /sys/devices/system/cpu/cpu23/cache/index1/type
[25Jul2026 23:47:25.530] [main/DEBUG] [oshi.util.FileUtil/]: Reading file /sys/devices/system/cpu/cpu23/cache/index1/ways_of_associativity
[25Jul2026 23:47:25.530] [main/DEBUG] [oshi.util.FileUtil/]: Reading file /sys/devices/system/cpu/cpu23/cache/index1/ways_of_associativity
[25Jul2026 23:47:25.530] [main/DEBUG] [oshi.util.FileUtil/]: Reading file /sys/devices/system/cpu/cpu23/cache/index1/coherency_line_size
[25Jul2026 23:47:25.530] [main/DEBUG] [oshi.util.FileUtil/]: Reading file /sys/devices/system/cpu/cpu23/cache/index1/coherency_line_size
[25Jul2026 23:47:25.530] [main/DEBUG] [oshi.util.FileUtil/]: Reading file /sys/devices/system/cpu/cpu23/cache/index1/size
[25Jul2026 23:47:25.530] [main/DEBUG] [oshi.util.FileUtil/]: Reading file /sys/devices/system/cpu/cpu23/cache/index1/size
[25Jul2026 23:47:25.530] [main/DEBUG] [oshi.util.FileUtil/]: Reading file /sys/devices/system/cpu/cpu3/topology/core_id
[25Jul2026 23:47:25.531] [main/DEBUG] [oshi.util.FileUtil/]: Reading file /sys/devices/system/cpu/cpu3/topology/core_id
[25Jul2026 23:47:25.531] [main/DEBUG] [oshi.util.FileUtil/]: Reading file /sys/devices/system/cpu/cpu3/topology/physical_package_id
[25Jul2026 23:47:25.531] [main/DEBUG] [oshi.util.FileUtil/]: Reading file /sys/devices/system/cpu/cpu3/topology/physical_package_id
[25Jul2026 23:47:25.531] [main/DEBUG] [oshi.util.FileUtil/]: Reading file /sys/devices/system/cpu/cpu3/cpu_capacity
[25Jul2026 23:47:25.531] [main/DEBUG] [oshi.util.FileUtil/]: Reading file /sys/devices/system/cpu/cpu3/cpu_capacity
[25Jul2026 23:47:25.531] [main/DEBUG] [oshi.util.FileUtil/]: Reading file /sys/devices/system/cpu/cpu3/cache/index2/level
[25Jul2026 23:47:25.531] [main/DEBUG] [oshi.util.FileUtil/]: Reading file /sys/devices/system/cpu/cpu3/cache/index2/level
[25Jul2026 23:47:25.531] [main/DEBUG] [oshi.util.FileUtil/]: Reading file /sys/devices/system/cpu/cpu3/cache/index2/type
[25Jul2026 23:47:25.531] [main/DEBUG] [oshi.util.FileUtil/]: Reading file /sys/devices/system/cpu/cpu3/cache/index2/type
[25Jul2026 23:47:25.531] [main/DEBUG] [oshi.util.FileUtil/]: Reading file /sys/devices/system/cpu/cpu3/cache/index2/ways_of_associativity
[25Jul2026 23:47:25.531] [main/DEBUG] [oshi.util.FileUtil/]: Reading file /sys/devices/system/cpu/cpu3/cache/index2/ways_of_associativity
[25Jul2026 23:47:25.531] [main/DEBUG] [oshi.util.FileUtil/]: Reading file /sys/devices/system/cpu/cpu3/cache/index2/coherency_line_size
[25Jul2026 23:47:25.531] [main/DEBUG] [oshi.util.FileUtil/]: Reading file /sys/devices/system/cpu/cpu3/cache/index2/coherency_line_size
[25Jul2026 23:47:25.531] [main/DEBUG] [oshi.util.FileUtil/]: Reading file /sys/devices/system/cpu/cpu3/cache/index2/size
[25Jul2026 23:47:25.531] [main/DEBUG] [oshi.util.FileUtil/]: Reading file /sys/devices/system/cpu/cpu3/cache/index2/size
[25Jul2026 23:47:25.531] [main/DEBUG] [oshi.util.FileUtil/]: Reading file /sys/devices/system/cpu/cpu3/cache/index0/level
[25Jul2026 23:47:25.531] [main/DEBUG] [oshi.util.FileUtil/]: Reading file /sys/devices/system/cpu/cpu3/cache/index0/level
[25Jul2026 23:47:25.531] [main/DEBUG] [oshi.util.FileUtil/]: Reading file /sys/devices/system/cpu/cpu3/cache/index0/type
[25Jul2026 23:47:25.531] [main/DEBUG] [oshi.util.FileUtil/]: Reading file /sys/devices/system/cpu/cpu3/cache/index0/type
[25Jul2026 23:47:25.531] [main/DEBUG] [oshi.util.FileUtil/]: Reading file /sys/devices/system/cpu/cpu3/cache/index0/ways_of_associativity
[25Jul2026 23:47:25.532] [main/DEBUG] [oshi.util.FileUtil/]: Reading file /sys/devices/system/cpu/cpu3/cache/index0/ways_of_associativity
[25Jul2026 23:47:25.532] [main/DEBUG] [oshi.util.FileUtil/]: Reading file /sys/devices/system/cpu/cpu3/cache/index0/coherency_line_size
[25Jul2026 23:47:25.532] [main/DEBUG] [oshi.util.FileUtil/]: Reading file /sys/devices/system/cpu/cpu3/cache/index0/coherency_line_size
[25Jul2026 23:47:25.532] [main/DEBUG] [oshi.util.FileUtil/]: Reading file /sys/devices/system/cpu/cpu3/cache/index0/size
[25Jul2026 23:47:25.532] [main/DEBUG] [oshi.util.FileUtil/]: Reading file /sys/devices/system/cpu/cpu3/cache/index0/size
[25Jul2026 23:47:25.532] [main/DEBUG] [oshi.util.FileUtil/]: Reading file /sys/devices/system/cpu/cpu3/cache/index3/level
[25Jul2026 23:47:25.532] [main/DEBUG] [oshi.util.FileUtil/]: Reading file /sys/devices/system/cpu/cpu3/cache/index3/level
[25Jul2026 23:47:25.532] [main/DEBUG] [oshi.util.FileUtil/]: Reading file /sys/devices/system/cpu/cpu3/cache/index3/type
[25Jul2026 23:47:25.532] [main/DEBUG] [oshi.util.FileUtil/]: Reading file /sys/devices/system/cpu/cpu3/cache/index3/type
[25Jul2026 23:47:25.532] [main/DEBUG] [oshi.util.FileUtil/]: Reading file /sys/devices/system/cpu/cpu3/cache/index3/ways_of_associativity
[25Jul2026 23:47:25.532] [main/DEBUG] [oshi.util.FileUtil/]: Reading file /sys/devices/system/cpu/cpu3/cache/index3/ways_of_associativity
[25Jul2026 23:47:25.532] [main/DEBUG] [oshi.util.FileUtil/]: Reading file /sys/devices/system/cpu/cpu3/cache/index3/coherency_line_size
[25Jul2026 23:47:25.532] [main/DEBUG] [oshi.util.FileUtil/]: Reading file /sys/devices/system/cpu/cpu3/cache/index3/coherency_line_size
[25Jul2026 23:47:25.532] [main/DEBUG] [oshi.util.FileUtil/]: Reading file /sys/devices/system/cpu/cpu3/cache/index3/size
[25Jul2026 23:47:25.532] [main/DEBUG] [oshi.util.FileUtil/]: Reading file /sys/devices/system/cpu/cpu3/cache/index3/size
[25Jul2026 23:47:25.532] [main/DEBUG] [oshi.util.FileUtil/]: Reading file /sys/devices/system/cpu/cpu3/cache/index1/level
[25Jul2026 23:47:25.532] [main/DEBUG] [oshi.util.FileUtil/]: Reading file /sys/devices/system/cpu/cpu3/cache/index1/level
[25Jul2026 23:47:25.532] [main/DEBUG] [oshi.util.FileUtil/]: Reading file /sys/devices/system/cpu/cpu3/cache/index1/type
[25Jul2026 23:47:25.532] [main/DEBUG] [oshi.util.FileUtil/]: Reading file /sys/devices/system/cpu/cpu3/cache/index1/type
[25Jul2026 23:47:25.532] [main/DEBUG] [oshi.util.FileUtil/]: Reading file /sys/devices/system/cpu/cpu3/cache/index1/ways_of_associativity
[25Jul2026 23:47:25.532] [main/DEBUG] [oshi.util.FileUtil/]: Reading file /sys/devices/system/cpu/cpu3/cache/index1/ways_of_associativity
[25Jul2026 23:47:25.532] [main/DEBUG] [oshi.util.FileUtil/]: Reading file /sys/devices/system/cpu/cpu3/cache/index1/coherency_line_size
[25Jul2026 23:47:25.532] [main/DEBUG] [oshi.util.FileUtil/]: Reading file /sys/devices/system/cpu/cpu3/cache/index1/coherency_line_size
[25Jul2026 23:47:25.532] [main/DEBUG] [oshi.util.FileUtil/]: Reading file /sys/devices/system/cpu/cpu3/cache/index1/size
[25Jul2026 23:47:25.532] [main/DEBUG] [oshi.util.FileUtil/]: Reading file /sys/devices/system/cpu/cpu3/cache/index1/size
[25Jul2026 23:47:25.533] [main/DEBUG] [oshi.util.FileUtil/]: Reading file /sys/devices/system/cpu/cpu4/topology/core_id
[25Jul2026 23:47:25.533] [main/DEBUG] [oshi.util.FileUtil/]: Reading file /sys/devices/system/cpu/cpu4/topology/core_id
[25Jul2026 23:47:25.533] [main/DEBUG] [oshi.util.FileUtil/]: Reading file /sys/devices/system/cpu/cpu4/topology/physical_package_id
[25Jul2026 23:47:25.533] [main/DEBUG] [oshi.util.FileUtil/]: Reading file /sys/devices/system/cpu/cpu4/topology/physical_package_id
[25Jul2026 23:47:25.533] [main/DEBUG] [oshi.util.FileUtil/]: Reading file /sys/devices/system/cpu/cpu4/cpu_capacity
[25Jul2026 23:47:25.533] [main/DEBUG] [oshi.util.FileUtil/]: Reading file /sys/devices/system/cpu/cpu4/cpu_capacity
[25Jul2026 23:47:25.533] [main/DEBUG] [oshi.util.FileUtil/]: Reading file /sys/devices/system/cpu/cpu4/cache/index2/level
[25Jul2026 23:47:25.533] [main/DEBUG] [oshi.util.FileUtil/]: Reading file /sys/devices/system/cpu/cpu4/cache/index2/level
[25Jul2026 23:47:25.533] [main/DEBUG] [oshi.util.FileUtil/]: Reading file /sys/devices/system/cpu/cpu4/cache/index2/type
[25Jul2026 23:47:25.533] [main/DEBUG] [oshi.util.FileUtil/]: Reading file /sys/devices/system/cpu/cpu4/cache/index2/type
[25Jul2026 23:47:25.533] [main/DEBUG] [oshi.util.FileUtil/]: Reading file /sys/devices/system/cpu/cpu4/cache/index2/ways_of_associativity
[25Jul2026 23:47:25.533] [main/DEBUG] [oshi.util.FileUtil/]: Reading file /sys/devices/system/cpu/cpu4/cache/index2/ways_of_associativity
[25Jul2026 23:47:25.533] [main/DEBUG] [oshi.util.FileUtil/]: Reading file /sys/devices/system/cpu/cpu4/cache/index2/coherency_line_size
[25Jul2026 23:47:25.533] [main/DEBUG] [oshi.util.FileUtil/]: Reading file /sys/devices/system/cpu/cpu4/cache/index2/coherency_line_size
[25Jul2026 23:47:25.533] [main/DEBUG] [oshi.util.FileUtil/]: Reading file /sys/devices/system/cpu/cpu4/cache/index2/size
[25Jul2026 23:47:25.533] [main/DEBUG] [oshi.util.FileUtil/]: Reading file /sys/devices/system/cpu/cpu4/cache/index2/size
[25Jul2026 23:47:25.533] [main/DEBUG] [oshi.util.FileUtil/]: Reading file /sys/devices/system/cpu/cpu4/cache/index0/level
[25Jul2026 23:47:25.533] [main/DEBUG] [oshi.util.FileUtil/]: Reading file /sys/devices/system/cpu/cpu4/cache/index0/level
[25Jul2026 23:47:25.534] [main/DEBUG] [oshi.util.FileUtil/]: Reading file /sys/devices/system/cpu/cpu4/cache/index0/type
[25Jul2026 23:47:25.534] [main/DEBUG] [oshi.util.FileUtil/]: Reading file /sys/devices/system/cpu/cpu4/cache/index0/type
[25Jul2026 23:47:25.534] [main/DEBUG] [oshi.util.FileUtil/]: Reading file /sys/devices/system/cpu/cpu4/cache/index0/ways_of_associativity
[25Jul2026 23:47:25.534] [main/DEBUG] [oshi.util.FileUtil/]: Reading file /sys/devices/system/cpu/cpu4/cache/index0/ways_of_associativity
[25Jul2026 23:47:25.534] [main/DEBUG] [oshi.util.FileUtil/]: Reading file /sys/devices/system/cpu/cpu4/cache/index0/coherency_line_size
[25Jul2026 23:47:25.534] [main/DEBUG] [oshi.util.FileUtil/]: Reading file /sys/devices/system/cpu/cpu4/cache/index0/coherency_line_size
[25Jul2026 23:47:25.534] [main/DEBUG] [oshi.util.FileUtil/]: Reading file /sys/devices/system/cpu/cpu4/cache/index0/size
[25Jul2026 23:47:25.534] [main/DEBUG] [oshi.util.FileUtil/]: Reading file /sys/devices/system/cpu/cpu4/cache/index0/size
[25Jul2026 23:47:25.534] [main/DEBUG] [oshi.util.FileUtil/]: Reading file /sys/devices/system/cpu/cpu4/cache/index3/level
[25Jul2026 23:47:25.534] [main/DEBUG] [oshi.util.FileUtil/]: Reading file /sys/devices/system/cpu/cpu4/cache/index3/level
[25Jul2026 23:47:25.534] [main/DEBUG] [oshi.util.FileUtil/]: Reading file /sys/devices/system/cpu/cpu4/cache/index3/type
[25Jul2026 23:47:25.534] [main/DEBUG] [oshi.util.FileUtil/]: Reading file /sys/devices/system/cpu/cpu4/cache/index3/type
[25Jul2026 23:47:25.534] [main/DEBUG] [oshi.util.FileUtil/]: Reading file /sys/devices/system/cpu/cpu4/cache/index3/ways_of_associativity
[25Jul2026 23:47:25.534] [main/DEBUG] [oshi.util.FileUtil/]: Reading file /sys/devices/system/cpu/cpu4/cache/index3/ways_of_associativity
[25Jul2026 23:47:25.534] [main/DEBUG] [oshi.util.FileUtil/]: Reading file /sys/devices/system/cpu/cpu4/cache/index3/coherency_line_size
[25Jul2026 23:47:25.534] [main/DEBUG] [oshi.util.FileUtil/]: Reading file /sys/devices/system/cpu/cpu4/cache/index3/coherency_line_size
[25Jul2026 23:47:25.534] [main/DEBUG] [oshi.util.FileUtil/]: Reading file /sys/devices/system/cpu/cpu4/cache/index3/size
[25Jul2026 23:47:25.534] [main/DEBUG] [oshi.util.FileUtil/]: Reading file /sys/devices/system/cpu/cpu4/cache/index3/size
[25Jul2026 23:47:25.534] [main/DEBUG] [oshi.util.FileUtil/]: Reading file /sys/devices/system/cpu/cpu4/cache/index1/level
[25Jul2026 23:47:25.534] [main/DEBUG] [oshi.util.FileUtil/]: Reading file /sys/devices/system/cpu/cpu4/cache/index1/level
[25Jul2026 23:47:25.534] [main/DEBUG] [oshi.util.FileUtil/]: Reading file /sys/devices/system/cpu/cpu4/cache/index1/type
[25Jul2026 23:47:25.534] [main/DEBUG] [oshi.util.FileUtil/]: Reading file /sys/devices/system/cpu/cpu4/cache/index1/type
[25Jul2026 23:47:25.534] [main/DEBUG] [oshi.util.FileUtil/]: Reading file /sys/devices/system/cpu/cpu4/cache/index1/ways_of_associativity
[25Jul2026 23:47:25.534] [main/DEBUG] [oshi.util.FileUtil/]: Reading file /sys/devices/system/cpu/cpu4/cache/index1/ways_of_associativity
[25Jul2026 23:47:25.535] [main/DEBUG] [oshi.util.FileUtil/]: Reading file /sys/devices/system/cpu/cpu4/cache/index1/coherency_line_size
[25Jul2026 23:47:25.535] [main/DEBUG] [oshi.util.FileUtil/]: Reading file /sys/devices/system/cpu/cpu4/cache/index1/coherency_line_size
[25Jul2026 23:47:25.535] [main/DEBUG] [oshi.util.FileUtil/]: Reading file /sys/devices/system/cpu/cpu4/cache/index1/size
[25Jul2026 23:47:25.535] [main/DEBUG] [oshi.util.FileUtil/]: Reading file /sys/devices/system/cpu/cpu4/cache/index1/size
[25Jul2026 23:47:25.535] [main/DEBUG] [oshi.util.FileUtil/]: Reading file /sys/devices/system/cpu/cpu5/topology/core_id
[25Jul2026 23:47:25.535] [main/DEBUG] [oshi.util.FileUtil/]: Reading file /sys/devices/system/cpu/cpu5/topology/core_id
[25Jul2026 23:47:25.535] [main/DEBUG] [oshi.util.FileUtil/]: Reading file /sys/devices/system/cpu/cpu5/topology/physical_package_id
[25Jul2026 23:47:25.535] [main/DEBUG] [oshi.util.FileUtil/]: Reading file /sys/devices/system/cpu/cpu5/topology/physical_package_id
[25Jul2026 23:47:25.535] [main/DEBUG] [oshi.util.FileUtil/]: Reading file /sys/devices/system/cpu/cpu5/cpu_capacity
[25Jul2026 23:47:25.535] [main/DEBUG] [oshi.util.FileUtil/]: Reading file /sys/devices/system/cpu/cpu5/cpu_capacity
[25Jul2026 23:47:25.535] [main/DEBUG] [oshi.util.FileUtil/]: Reading file /sys/devices/system/cpu/cpu5/cache/index2/level
[25Jul2026 23:47:25.535] [main/DEBUG] [oshi.util.FileUtil/]: Reading file /sys/devices/system/cpu/cpu5/cache/index2/level
[25Jul2026 23:47:25.536] [main/DEBUG] [oshi.util.FileUtil/]: Reading file /sys/devices/system/cpu/cpu5/cache/index2/type
[25Jul2026 23:47:25.536] [main/DEBUG] [oshi.util.FileUtil/]: Reading file /sys/devices/system/cpu/cpu5/cache/index2/type
[25Jul2026 23:47:25.536] [main/DEBUG] [oshi.util.FileUtil/]: Reading file /sys/devices/system/cpu/cpu5/cache/index2/ways_of_associativity
[25Jul2026 23:47:25.536] [main/DEBUG] [oshi.util.FileUtil/]: Reading file /sys/devices/system/cpu/cpu5/cache/index2/ways_of_associativity
[25Jul2026 23:47:25.536] [main/DEBUG] [oshi.util.FileUtil/]: Reading file /sys/devices/system/cpu/cpu5/cache/index2/coherency_line_size
[25Jul2026 23:47:25.536] [main/DEBUG] [oshi.util.FileUtil/]: Reading file /sys/devices/system/cpu/cpu5/cache/index2/coherency_line_size
[25Jul2026 23:47:25.536] [main/DEBUG] [oshi.util.FileUtil/]: Reading file /sys/devices/system/cpu/cpu5/cache/index2/size
[25Jul2026 23:47:25.536] [main/DEBUG] [oshi.util.FileUtil/]: Reading file /sys/devices/system/cpu/cpu5/cache/index2/size
[25Jul2026 23:47:25.536] [main/DEBUG] [oshi.util.FileUtil/]: Reading file /sys/devices/system/cpu/cpu5/cache/index0/level
[25Jul2026 23:47:25.536] [main/DEBUG] [oshi.util.FileUtil/]: Reading file /sys/devices/system/cpu/cpu5/cache/index0/level
[25Jul2026 23:47:25.536] [main/DEBUG] [oshi.util.FileUtil/]: Reading file /sys/devices/system/cpu/cpu5/cache/index0/type
[25Jul2026 23:47:25.536] [main/DEBUG] [oshi.util.FileUtil/]: Reading file /sys/devices/system/cpu/cpu5/cache/index0/type
[25Jul2026 23:47:25.536] [main/DEBUG] [oshi.util.FileUtil/]: Reading file /sys/devices/system/cpu/cpu5/cache/index0/ways_of_associativity
[25Jul2026 23:47:25.536] [main/DEBUG] [oshi.util.FileUtil/]: Reading file /sys/devices/system/cpu/cpu5/cache/index0/ways_of_associativity
[25Jul2026 23:47:25.536] [main/DEBUG] [oshi.util.FileUtil/]: Reading file /sys/devices/system/cpu/cpu5/cache/index0/coherency_line_size
[25Jul2026 23:47:25.536] [main/DEBUG] [oshi.util.FileUtil/]: Reading file /sys/devices/system/cpu/cpu5/cache/index0/coherency_line_size
[25Jul2026 23:47:25.536] [main/DEBUG] [oshi.util.FileUtil/]: Reading file /sys/devices/system/cpu/cpu5/cache/index0/size
[25Jul2026 23:47:25.536] [main/DEBUG] [oshi.util.FileUtil/]: Reading file /sys/devices/system/cpu/cpu5/cache/index0/size
[25Jul2026 23:47:25.536] [main/DEBUG] [oshi.util.FileUtil/]: Reading file /sys/devices/system/cpu/cpu5/cache/index3/level
[25Jul2026 23:47:25.536] [main/DEBUG] [oshi.util.FileUtil/]: Reading file /sys/devices/system/cpu/cpu5/cache/index3/level
[25Jul2026 23:47:25.536] [main/DEBUG] [oshi.util.FileUtil/]: Reading file /sys/devices/system/cpu/cpu5/cache/index3/type
[25Jul2026 23:47:25.536] [main/DEBUG] [oshi.util.FileUtil/]: Reading file /sys/devices/system/cpu/cpu5/cache/index3/type
[25Jul2026 23:47:25.536] [main/DEBUG] [oshi.util.FileUtil/]: Reading file /sys/devices/system/cpu/cpu5/cache/index3/ways_of_associativity
[25Jul2026 23:47:25.536] [main/DEBUG] [oshi.util.FileUtil/]: Reading file /sys/devices/system/cpu/cpu5/cache/index3/ways_of_associativity
[25Jul2026 23:47:25.536] [main/DEBUG] [oshi.util.FileUtil/]: Reading file /sys/devices/system/cpu/cpu5/cache/index3/coherency_line_size
[25Jul2026 23:47:25.536] [main/DEBUG] [oshi.util.FileUtil/]: Reading file /sys/devices/system/cpu/cpu5/cache/index3/coherency_line_size
[25Jul2026 23:47:25.537] [main/DEBUG] [oshi.util.FileUtil/]: Reading file /sys/devices/system/cpu/cpu5/cache/index3/size
[25Jul2026 23:47:25.537] [main/DEBUG] [oshi.util.FileUtil/]: Reading file /sys/devices/system/cpu/cpu5/cache/index3/size
[25Jul2026 23:47:25.537] [main/DEBUG] [oshi.util.FileUtil/]: Reading file /sys/devices/system/cpu/cpu5/cache/index1/level
[25Jul2026 23:47:25.537] [main/DEBUG] [oshi.util.FileUtil/]: Reading file /sys/devices/system/cpu/cpu5/cache/index1/level
[25Jul2026 23:47:25.537] [main/DEBUG] [oshi.util.FileUtil/]: Reading file /sys/devices/system/cpu/cpu5/cache/index1/type
[25Jul2026 23:47:25.537] [main/DEBUG] [oshi.util.FileUtil/]: Reading file /sys/devices/system/cpu/cpu5/cache/index1/type
[25Jul2026 23:47:25.537] [main/DEBUG] [oshi.util.FileUtil/]: Reading file /sys/devices/system/cpu/cpu5/cache/index1/ways_of_associativity
[25Jul2026 23:47:25.537] [main/DEBUG] [oshi.util.FileUtil/]: Reading file /sys/devices/system/cpu/cpu5/cache/index1/ways_of_associativity
[25Jul2026 23:47:25.537] [main/DEBUG] [oshi.util.FileUtil/]: Reading file /sys/devices/system/cpu/cpu5/cache/index1/coherency_line_size
[25Jul2026 23:47:25.537] [main/DEBUG] [oshi.util.FileUtil/]: Reading file /sys/devices/system/cpu/cpu5/cache/index1/coherency_line_size
[25Jul2026 23:47:25.537] [main/DEBUG] [oshi.util.FileUtil/]: Reading file /sys/devices/system/cpu/cpu5/cache/index1/size
[25Jul2026 23:47:25.537] [main/DEBUG] [oshi.util.FileUtil/]: Reading file /sys/devices/system/cpu/cpu5/cache/index1/size
[25Jul2026 23:47:25.537] [main/DEBUG] [oshi.util.FileUtil/]: Reading file /sys/devices/system/cpu/cpu6/topology/core_id
[25Jul2026 23:47:25.537] [main/DEBUG] [oshi.util.FileUtil/]: Reading file /sys/devices/system/cpu/cpu6/topology/core_id
[25Jul2026 23:47:25.537] [main/DEBUG] [oshi.util.FileUtil/]: Reading file /sys/devices/system/cpu/cpu6/topology/physical_package_id
[25Jul2026 23:47:25.537] [main/DEBUG] [oshi.util.FileUtil/]: Reading file /sys/devices/system/cpu/cpu6/topology/physical_package_id
[25Jul2026 23:47:25.537] [main/DEBUG] [oshi.util.FileUtil/]: Reading file /sys/devices/system/cpu/cpu6/cpu_capacity
[25Jul2026 23:47:25.537] [main/DEBUG] [oshi.util.FileUtil/]: Reading file /sys/devices/system/cpu/cpu6/cpu_capacity
[25Jul2026 23:47:25.537] [main/DEBUG] [oshi.util.FileUtil/]: Reading file /sys/devices/system/cpu/cpu6/cache/index2/level
[25Jul2026 23:47:25.537] [main/DEBUG] [oshi.util.FileUtil/]: Reading file /sys/devices/system/cpu/cpu6/cache/index2/level
[25Jul2026 23:47:25.538] [main/DEBUG] [oshi.util.FileUtil/]: Reading file /sys/devices/system/cpu/cpu6/cache/index2/type
[25Jul2026 23:47:25.538] [main/DEBUG] [oshi.util.FileUtil/]: Reading file /sys/devices/system/cpu/cpu6/cache/index2/type
[25Jul2026 23:47:25.538] [main/DEBUG] [oshi.util.FileUtil/]: Reading file /sys/devices/system/cpu/cpu6/cache/index2/ways_of_associativity
[25Jul2026 23:47:25.538] [main/DEBUG] [oshi.util.FileUtil/]: Reading file /sys/devices/system/cpu/cpu6/cache/index2/ways_of_associativity
[25Jul2026 23:47:25.538] [main/DEBUG] [oshi.util.FileUtil/]: Reading file /sys/devices/system/cpu/cpu6/cache/index2/coherency_line_size
[25Jul2026 23:47:25.538] [main/DEBUG] [oshi.util.FileUtil/]: Reading file /sys/devices/system/cpu/cpu6/cache/index2/coherency_line_size
[25Jul2026 23:47:25.538] [main/DEBUG] [oshi.util.FileUtil/]: Reading file /sys/devices/system/cpu/cpu6/cache/index2/size
[25Jul2026 23:47:25.538] [main/DEBUG] [oshi.util.FileUtil/]: Reading file /sys/devices/system/cpu/cpu6/cache/index2/size
[25Jul2026 23:47:25.538] [main/DEBUG] [oshi.util.FileUtil/]: Reading file /sys/devices/system/cpu/cpu6/cache/index0/level
[25Jul2026 23:47:25.538] [main/DEBUG] [oshi.util.FileUtil/]: Reading file /sys/devices/system/cpu/cpu6/cache/index0/level
[25Jul2026 23:47:25.538] [main/DEBUG] [oshi.util.FileUtil/]: Reading file /sys/devices/system/cpu/cpu6/cache/index0/type
[25Jul2026 23:47:25.538] [main/DEBUG] [oshi.util.FileUtil/]: Reading file /sys/devices/system/cpu/cpu6/cache/index0/type
[25Jul2026 23:47:25.538] [main/DEBUG] [oshi.util.FileUtil/]: Reading file /sys/devices/system/cpu/cpu6/cache/index0/ways_of_associativity
[25Jul2026 23:47:25.538] [main/DEBUG] [oshi.util.FileUtil/]: Reading file /sys/devices/system/cpu/cpu6/cache/index0/ways_of_associativity
[25Jul2026 23:47:25.538] [main/DEBUG] [oshi.util.FileUtil/]: Reading file /sys/devices/system/cpu/cpu6/cache/index0/coherency_line_size
[25Jul2026 23:47:25.538] [main/DEBUG] [oshi.util.FileUtil/]: Reading file /sys/devices/system/cpu/cpu6/cache/index0/coherency_line_size
[25Jul2026 23:47:25.538] [main/DEBUG] [oshi.util.FileUtil/]: Reading file /sys/devices/system/cpu/cpu6/cache/index0/size
[25Jul2026 23:47:25.538] [main/DEBUG] [oshi.util.FileUtil/]: Reading file /sys/devices/system/cpu/cpu6/cache/index0/size
[25Jul2026 23:47:25.538] [main/DEBUG] [oshi.util.FileUtil/]: Reading file /sys/devices/system/cpu/cpu6/cache/index3/level
[25Jul2026 23:47:25.538] [main/DEBUG] [oshi.util.FileUtil/]: Reading file /sys/devices/system/cpu/cpu6/cache/index3/level
[25Jul2026 23:47:25.538] [main/DEBUG] [oshi.util.FileUtil/]: Reading file /sys/devices/system/cpu/cpu6/cache/index3/type
[25Jul2026 23:47:25.538] [main/DEBUG] [oshi.util.FileUtil/]: Reading file /sys/devices/system/cpu/cpu6/cache/index3/type
[25Jul2026 23:47:25.538] [main/DEBUG] [oshi.util.FileUtil/]: Reading file /sys/devices/system/cpu/cpu6/cache/index3/ways_of_associativity
[25Jul2026 23:47:25.538] [main/DEBUG] [oshi.util.FileUtil/]: Reading file /sys/devices/system/cpu/cpu6/cache/index3/ways_of_associativity
[25Jul2026 23:47:25.538] [main/DEBUG] [oshi.util.FileUtil/]: Reading file /sys/devices/system/cpu/cpu6/cache/index3/coherency_line_size
[25Jul2026 23:47:25.538] [main/DEBUG] [oshi.util.FileUtil/]: Reading file /sys/devices/system/cpu/cpu6/cache/index3/coherency_line_size
[25Jul2026 23:47:25.538] [main/DEBUG] [oshi.util.FileUtil/]: Reading file /sys/devices/system/cpu/cpu6/cache/index3/size
[25Jul2026 23:47:25.538] [main/DEBUG] [oshi.util.FileUtil/]: Reading file /sys/devices/system/cpu/cpu6/cache/index3/size
[25Jul2026 23:47:25.539] [main/DEBUG] [oshi.util.FileUtil/]: Reading file /sys/devices/system/cpu/cpu6/cache/index1/level
[25Jul2026 23:47:25.539] [main/DEBUG] [oshi.util.FileUtil/]: Reading file /sys/devices/system/cpu/cpu6/cache/index1/level
[25Jul2026 23:47:25.539] [main/DEBUG] [oshi.util.FileUtil/]: Reading file /sys/devices/system/cpu/cpu6/cache/index1/type
[25Jul2026 23:47:25.539] [main/DEBUG] [oshi.util.FileUtil/]: Reading file /sys/devices/system/cpu/cpu6/cache/index1/type
[25Jul2026 23:47:25.539] [main/DEBUG] [oshi.util.FileUtil/]: Reading file /sys/devices/system/cpu/cpu6/cache/index1/ways_of_associativity
[25Jul2026 23:47:25.539] [main/DEBUG] [oshi.util.FileUtil/]: Reading file /sys/devices/system/cpu/cpu6/cache/index1/ways_of_associativity
[25Jul2026 23:47:25.539] [main/DEBUG] [oshi.util.FileUtil/]: Reading file /sys/devices/system/cpu/cpu6/cache/index1/coherency_line_size
[25Jul2026 23:47:25.539] [main/DEBUG] [oshi.util.FileUtil/]: Reading file /sys/devices/system/cpu/cpu6/cache/index1/coherency_line_size
[25Jul2026 23:47:25.539] [main/DEBUG] [oshi.util.FileUtil/]: Reading file /sys/devices/system/cpu/cpu6/cache/index1/size
[25Jul2026 23:47:25.539] [main/DEBUG] [oshi.util.FileUtil/]: Reading file /sys/devices/system/cpu/cpu6/cache/index1/size
[25Jul2026 23:47:25.555] [main/DEBUG] [oshi.util.FileUtil/]: Reading file /sys/devices/system/cpu/cpu7/topology/core_id
[25Jul2026 23:47:25.556] [main/DEBUG] [oshi.util.FileUtil/]: Reading file /sys/devices/system/cpu/cpu7/topology/core_id
[25Jul2026 23:47:25.557] [main/DEBUG] [oshi.util.FileUtil/]: Reading file /sys/devices/system/cpu/cpu7/topology/physical_package_id
[25Jul2026 23:47:25.557] [main/DEBUG] [oshi.util.FileUtil/]: Reading file /sys/devices/system/cpu/cpu7/topology/physical_package_id
[25Jul2026 23:47:25.557] [main/DEBUG] [oshi.util.FileUtil/]: Reading file /sys/devices/system/cpu/cpu7/cpu_capacity
[25Jul2026 23:47:25.557] [main/DEBUG] [oshi.util.FileUtil/]: Reading file /sys/devices/system/cpu/cpu7/cpu_capacity
[25Jul2026 23:47:25.558] [main/DEBUG] [oshi.util.FileUtil/]: Reading file /sys/devices/system/cpu/cpu7/cache/index2/level
[25Jul2026 23:47:25.558] [main/DEBUG] [oshi.util.FileUtil/]: Reading file /sys/devices/system/cpu/cpu7/cache/index2/level
[25Jul2026 23:47:25.558] [main/DEBUG] [oshi.util.FileUtil/]: Reading file /sys/devices/system/cpu/cpu7/cache/index2/type
[25Jul2026 23:47:25.558] [main/DEBUG] [oshi.util.FileUtil/]: Reading file /sys/devices/system/cpu/cpu7/cache/index2/type
[25Jul2026 23:47:25.558] [main/DEBUG] [oshi.util.FileUtil/]: Reading file /sys/devices/system/cpu/cpu7/cache/index2/ways_of_associativity
[25Jul2026 23:47:25.558] [main/DEBUG] [oshi.util.FileUtil/]: Reading file /sys/devices/system/cpu/cpu7/cache/index2/ways_of_associativity
[25Jul2026 23:47:25.558] [main/DEBUG] [oshi.util.FileUtil/]: Reading file /sys/devices/system/cpu/cpu7/cache/index2/coherency_line_size
[25Jul2026 23:47:25.558] [main/DEBUG] [oshi.util.FileUtil/]: Reading file /sys/devices/system/cpu/cpu7/cache/index2/coherency_line_size
[25Jul2026 23:47:25.558] [main/DEBUG] [oshi.util.FileUtil/]: Reading file /sys/devices/system/cpu/cpu7/cache/index2/size
[25Jul2026 23:47:25.558] [main/DEBUG] [oshi.util.FileUtil/]: Reading file /sys/devices/system/cpu/cpu7/cache/index2/size
[25Jul2026 23:47:25.558] [main/DEBUG] [oshi.util.FileUtil/]: Reading file /sys/devices/system/cpu/cpu7/cache/index0/level
[25Jul2026 23:47:25.558] [main/DEBUG] [oshi.util.FileUtil/]: Reading file /sys/devices/system/cpu/cpu7/cache/index0/level
[25Jul2026 23:47:25.558] [main/DEBUG] [oshi.util.FileUtil/]: Reading file /sys/devices/system/cpu/cpu7/cache/index0/type
[25Jul2026 23:47:25.559] [main/DEBUG] [oshi.util.FileUtil/]: Reading file /sys/devices/system/cpu/cpu7/cache/index0/type
[25Jul2026 23:47:25.559] [main/DEBUG] [oshi.util.FileUtil/]: Reading file /sys/devices/system/cpu/cpu7/cache/index0/ways_of_associativity
[25Jul2026 23:47:25.559] [main/DEBUG] [oshi.util.FileUtil/]: Reading file /sys/devices/system/cpu/cpu7/cache/index0/ways_of_associativity
[25Jul2026 23:47:25.559] [main/DEBUG] [oshi.util.FileUtil/]: Reading file /sys/devices/system/cpu/cpu7/cache/index0/coherency_line_size
[25Jul2026 23:47:25.559] [main/DEBUG] [oshi.util.FileUtil/]: Reading file /sys/devices/system/cpu/cpu7/cache/index0/coherency_line_size
[25Jul2026 23:47:25.559] [main/DEBUG] [oshi.util.FileUtil/]: Reading file /sys/devices/system/cpu/cpu7/cache/index0/size
[25Jul2026 23:47:25.559] [main/DEBUG] [oshi.util.FileUtil/]: Reading file /sys/devices/system/cpu/cpu7/cache/index0/size
[25Jul2026 23:47:25.559] [main/DEBUG] [oshi.util.FileUtil/]: Reading file /sys/devices/system/cpu/cpu7/cache/index3/level
[25Jul2026 23:47:25.559] [main/DEBUG] [oshi.util.FileUtil/]: Reading file /sys/devices/system/cpu/cpu7/cache/index3/level
[25Jul2026 23:47:25.559] [main/DEBUG] [oshi.util.FileUtil/]: Reading file /sys/devices/system/cpu/cpu7/cache/index3/type
[25Jul2026 23:47:25.559] [main/DEBUG] [oshi.util.FileUtil/]: Reading file /sys/devices/system/cpu/cpu7/cache/index3/type
[25Jul2026 23:47:25.559] [main/DEBUG] [oshi.util.FileUtil/]: Reading file /sys/devices/system/cpu/cpu7/cache/index3/ways_of_associativity
[25Jul2026 23:47:25.559] [main/DEBUG] [oshi.util.FileUtil/]: Reading file /sys/devices/system/cpu/cpu7/cache/index3/ways_of_associativity
[25Jul2026 23:47:25.559] [main/DEBUG] [oshi.util.FileUtil/]: Reading file /sys/devices/system/cpu/cpu7/cache/index3/coherency_line_size
[25Jul2026 23:47:25.559] [main/DEBUG] [oshi.util.FileUtil/]: Reading file /sys/devices/system/cpu/cpu7/cache/index3/coherency_line_size
[25Jul2026 23:47:25.559] [main/DEBUG] [oshi.util.FileUtil/]: Reading file /sys/devices/system/cpu/cpu7/cache/index3/size
[25Jul2026 23:47:25.559] [main/DEBUG] [oshi.util.FileUtil/]: Reading file /sys/devices/system/cpu/cpu7/cache/index3/size
[25Jul2026 23:47:25.559] [main/DEBUG] [oshi.util.FileUtil/]: Reading file /sys/devices/system/cpu/cpu7/cache/index1/level
[25Jul2026 23:47:25.559] [main/DEBUG] [oshi.util.FileUtil/]: Reading file /sys/devices/system/cpu/cpu7/cache/index1/level
[25Jul2026 23:47:25.559] [main/DEBUG] [oshi.util.FileUtil/]: Reading file /sys/devices/system/cpu/cpu7/cache/index1/type
[25Jul2026 23:47:25.560] [main/DEBUG] [oshi.util.FileUtil/]: Reading file /sys/devices/system/cpu/cpu7/cache/index1/type
[25Jul2026 23:47:25.560] [main/DEBUG] [oshi.util.FileUtil/]: Reading file /sys/devices/system/cpu/cpu7/cache/index1/ways_of_associativity
[25Jul2026 23:47:25.560] [main/DEBUG] [oshi.util.FileUtil/]: Reading file /sys/devices/system/cpu/cpu7/cache/index1/ways_of_associativity
[25Jul2026 23:47:25.560] [main/DEBUG] [oshi.util.FileUtil/]: Reading file /sys/devices/system/cpu/cpu7/cache/index1/coherency_line_size
[25Jul2026 23:47:25.560] [main/DEBUG] [oshi.util.FileUtil/]: Reading file /sys/devices/system/cpu/cpu7/cache/index1/coherency_line_size
[25Jul2026 23:47:25.560] [main/DEBUG] [oshi.util.FileUtil/]: Reading file /sys/devices/system/cpu/cpu7/cache/index1/size
[25Jul2026 23:47:25.560] [main/DEBUG] [oshi.util.FileUtil/]: Reading file /sys/devices/system/cpu/cpu7/cache/index1/size
[25Jul2026 23:47:25.560] [main/DEBUG] [oshi.util.FileUtil/]: Reading file /sys/devices/system/cpu/cpu8/topology/core_id
[25Jul2026 23:47:25.560] [main/DEBUG] [oshi.util.FileUtil/]: Reading file /sys/devices/system/cpu/cpu8/topology/core_id
[25Jul2026 23:47:25.560] [main/DEBUG] [oshi.util.FileUtil/]: Reading file /sys/devices/system/cpu/cpu8/topology/physical_package_id
[25Jul2026 23:47:25.560] [main/DEBUG] [oshi.util.FileUtil/]: Reading file /sys/devices/system/cpu/cpu8/topology/physical_package_id
[25Jul2026 23:47:25.560] [main/DEBUG] [oshi.util.FileUtil/]: Reading file /sys/devices/system/cpu/cpu8/cpu_capacity
[25Jul2026 23:47:25.560] [main/DEBUG] [oshi.util.FileUtil/]: Reading file /sys/devices/system/cpu/cpu8/cpu_capacity
[25Jul2026 23:47:25.560] [main/DEBUG] [oshi.util.FileUtil/]: Reading file /sys/devices/system/cpu/cpu8/cache/index2/level
[25Jul2026 23:47:25.561] [main/DEBUG] [oshi.util.FileUtil/]: Reading file /sys/devices/system/cpu/cpu8/cache/index2/level
[25Jul2026 23:47:25.561] [main/DEBUG] [oshi.util.FileUtil/]: Reading file /sys/devices/system/cpu/cpu8/cache/index2/type
[25Jul2026 23:47:25.561] [main/DEBUG] [oshi.util.FileUtil/]: Reading file /sys/devices/system/cpu/cpu8/cache/index2/type
[25Jul2026 23:47:25.561] [main/DEBUG] [oshi.util.FileUtil/]: Reading file /sys/devices/system/cpu/cpu8/cache/index2/ways_of_associativity
[25Jul2026 23:47:25.561] [main/DEBUG] [oshi.util.FileUtil/]: Reading file /sys/devices/system/cpu/cpu8/cache/index2/ways_of_associativity
[25Jul2026 23:47:25.561] [main/DEBUG] [oshi.util.FileUtil/]: Reading file /sys/devices/system/cpu/cpu8/cache/index2/coherency_line_size
[25Jul2026 23:47:25.561] [main/DEBUG] [oshi.util.FileUtil/]: Reading file /sys/devices/system/cpu/cpu8/cache/index2/coherency_line_size
[25Jul2026 23:47:25.561] [main/DEBUG] [oshi.util.FileUtil/]: Reading file /sys/devices/system/cpu/cpu8/cache/index2/size
[25Jul2026 23:47:25.561] [main/DEBUG] [oshi.util.FileUtil/]: Reading file /sys/devices/system/cpu/cpu8/cache/index2/size
[25Jul2026 23:47:25.561] [main/DEBUG] [oshi.util.FileUtil/]: Reading file /sys/devices/system/cpu/cpu8/cache/index0/level
[25Jul2026 23:47:25.561] [main/DEBUG] [oshi.util.FileUtil/]: Reading file /sys/devices/system/cpu/cpu8/cache/index0/level
[25Jul2026 23:47:25.561] [main/DEBUG] [oshi.util.FileUtil/]: Reading file /sys/devices/system/cpu/cpu8/cache/index0/type
[25Jul2026 23:47:25.561] [main/DEBUG] [oshi.util.FileUtil/]: Reading file /sys/devices/system/cpu/cpu8/cache/index0/type
[25Jul2026 23:47:25.561] [main/DEBUG] [oshi.util.FileUtil/]: Reading file /sys/devices/system/cpu/cpu8/cache/index0/ways_of_associativity
[25Jul2026 23:47:25.561] [main/DEBUG] [oshi.util.FileUtil/]: Reading file /sys/devices/system/cpu/cpu8/cache/index0/ways_of_associativity
[25Jul2026 23:47:25.561] [main/DEBUG] [oshi.util.FileUtil/]: Reading file /sys/devices/system/cpu/cpu8/cache/index0/coherency_line_size
[25Jul2026 23:47:25.561] [main/DEBUG] [oshi.util.FileUtil/]: Reading file /sys/devices/system/cpu/cpu8/cache/index0/coherency_line_size
[25Jul2026 23:47:25.561] [main/DEBUG] [oshi.util.FileUtil/]: Reading file /sys/devices/system/cpu/cpu8/cache/index0/size
[25Jul2026 23:47:25.561] [main/DEBUG] [oshi.util.FileUtil/]: Reading file /sys/devices/system/cpu/cpu8/cache/index0/size
[25Jul2026 23:47:25.561] [main/DEBUG] [oshi.util.FileUtil/]: Reading file /sys/devices/system/cpu/cpu8/cache/index3/level
[25Jul2026 23:47:25.561] [main/DEBUG] [oshi.util.FileUtil/]: Reading file /sys/devices/system/cpu/cpu8/cache/index3/level
[25Jul2026 23:47:25.562] [main/DEBUG] [oshi.util.FileUtil/]: Reading file /sys/devices/system/cpu/cpu8/cache/index3/type
[25Jul2026 23:47:25.562] [main/DEBUG] [oshi.util.FileUtil/]: Reading file /sys/devices/system/cpu/cpu8/cache/index3/type
[25Jul2026 23:47:25.562] [main/DEBUG] [oshi.util.FileUtil/]: Reading file /sys/devices/system/cpu/cpu8/cache/index3/ways_of_associativity
[25Jul2026 23:47:25.562] [main/DEBUG] [oshi.util.FileUtil/]: Reading file /sys/devices/system/cpu/cpu8/cache/index3/ways_of_associativity
[25Jul2026 23:47:25.562] [main/DEBUG] [oshi.util.FileUtil/]: Reading file /sys/devices/system/cpu/cpu8/cache/index3/coherency_line_size
[25Jul2026 23:47:25.562] [main/DEBUG] [oshi.util.FileUtil/]: Reading file /sys/devices/system/cpu/cpu8/cache/index3/coherency_line_size
[25Jul2026 23:47:25.562] [main/DEBUG] [oshi.util.FileUtil/]: Reading file /sys/devices/system/cpu/cpu8/cache/index3/size
[25Jul2026 23:47:25.562] [main/DEBUG] [oshi.util.FileUtil/]: Reading file /sys/devices/system/cpu/cpu8/cache/index3/size
[25Jul2026 23:47:25.562] [main/DEBUG] [oshi.util.FileUtil/]: Reading file /sys/devices/system/cpu/cpu8/cache/index1/level
[25Jul2026 23:47:25.562] [main/DEBUG] [oshi.util.FileUtil/]: Reading file /sys/devices/system/cpu/cpu8/cache/index1/level
[25Jul2026 23:47:25.562] [main/DEBUG] [oshi.util.FileUtil/]: Reading file /sys/devices/system/cpu/cpu8/cache/index1/type
[25Jul2026 23:47:25.562] [main/DEBUG] [oshi.util.FileUtil/]: Reading file /sys/devices/system/cpu/cpu8/cache/index1/type
[25Jul2026 23:47:25.562] [main/DEBUG] [oshi.util.FileUtil/]: Reading file /sys/devices/system/cpu/cpu8/cache/index1/ways_of_associativity
[25Jul2026 23:47:25.562] [main/DEBUG] [oshi.util.FileUtil/]: Reading file /sys/devices/system/cpu/cpu8/cache/index1/ways_of_associativity
[25Jul2026 23:47:25.562] [main/DEBUG] [oshi.util.FileUtil/]: Reading file /sys/devices/system/cpu/cpu8/cache/index1/coherency_line_size
[25Jul2026 23:47:25.562] [main/DEBUG] [oshi.util.FileUtil/]: Reading file /sys/devices/system/cpu/cpu8/cache/index1/coherency_line_size
[25Jul2026 23:47:25.562] [main/DEBUG] [oshi.util.FileUtil/]: Reading file /sys/devices/system/cpu/cpu8/cache/index1/size
[25Jul2026 23:47:25.562] [main/DEBUG] [oshi.util.FileUtil/]: Reading file /sys/devices/system/cpu/cpu8/cache/index1/size
[25Jul2026 23:47:25.562] [main/DEBUG] [oshi.util.FileUtil/]: Reading file /sys/devices/system/cpu/cpu9/topology/core_id
[25Jul2026 23:47:25.563] [main/DEBUG] [oshi.util.FileUtil/]: Reading file /sys/devices/system/cpu/cpu9/topology/core_id
[25Jul2026 23:47:25.563] [main/DEBUG] [oshi.util.FileUtil/]: Reading file /sys/devices/system/cpu/cpu9/topology/physical_package_id
[25Jul2026 23:47:25.563] [main/DEBUG] [oshi.util.FileUtil/]: Reading file /sys/devices/system/cpu/cpu9/topology/physical_package_id
[25Jul2026 23:47:25.563] [main/DEBUG] [oshi.util.FileUtil/]: Reading file /sys/devices/system/cpu/cpu9/cpu_capacity
[25Jul2026 23:47:25.563] [main/DEBUG] [oshi.util.FileUtil/]: Reading file /sys/devices/system/cpu/cpu9/cpu_capacity
[25Jul2026 23:47:25.563] [main/DEBUG] [oshi.util.FileUtil/]: Reading file /sys/devices/system/cpu/cpu9/cache/index2/level
[25Jul2026 23:47:25.563] [main/DEBUG] [oshi.util.FileUtil/]: Reading file /sys/devices/system/cpu/cpu9/cache/index2/level
[25Jul2026 23:47:25.563] [main/DEBUG] [oshi.util.FileUtil/]: Reading file /sys/devices/system/cpu/cpu9/cache/index2/type
[25Jul2026 23:47:25.563] [main/DEBUG] [oshi.util.FileUtil/]: Reading file /sys/devices/system/cpu/cpu9/cache/index2/type
[25Jul2026 23:47:25.563] [main/DEBUG] [oshi.util.FileUtil/]: Reading file /sys/devices/system/cpu/cpu9/cache/index2/ways_of_associativity
[25Jul2026 23:47:25.563] [main/DEBUG] [oshi.util.FileUtil/]: Reading file /sys/devices/system/cpu/cpu9/cache/index2/ways_of_associativity
[25Jul2026 23:47:25.563] [main/DEBUG] [oshi.util.FileUtil/]: Reading file /sys/devices/system/cpu/cpu9/cache/index2/coherency_line_size
[25Jul2026 23:47:25.563] [main/DEBUG] [oshi.util.FileUtil/]: Reading file /sys/devices/system/cpu/cpu9/cache/index2/coherency_line_size
[25Jul2026 23:47:25.563] [main/DEBUG] [oshi.util.FileUtil/]: Reading file /sys/devices/system/cpu/cpu9/cache/index2/size
[25Jul2026 23:47:25.563] [main/DEBUG] [oshi.util.FileUtil/]: Reading file /sys/devices/system/cpu/cpu9/cache/index2/size
[25Jul2026 23:47:25.563] [main/DEBUG] [oshi.util.FileUtil/]: Reading file /sys/devices/system/cpu/cpu9/cache/index0/level
[25Jul2026 23:47:25.563] [main/DEBUG] [oshi.util.FileUtil/]: Reading file /sys/devices/system/cpu/cpu9/cache/index0/level
[25Jul2026 23:47:25.563] [main/DEBUG] [oshi.util.FileUtil/]: Reading file /sys/devices/system/cpu/cpu9/cache/index0/type
[25Jul2026 23:47:25.563] [main/DEBUG] [oshi.util.FileUtil/]: Reading file /sys/devices/system/cpu/cpu9/cache/index0/type
[25Jul2026 23:47:25.563] [main/DEBUG] [oshi.util.FileUtil/]: Reading file /sys/devices/system/cpu/cpu9/cache/index0/ways_of_associativity
[25Jul2026 23:47:25.563] [main/DEBUG] [oshi.util.FileUtil/]: Reading file /sys/devices/system/cpu/cpu9/cache/index0/ways_of_associativity
[25Jul2026 23:47:25.563] [main/DEBUG] [oshi.util.FileUtil/]: Reading file /sys/devices/system/cpu/cpu9/cache/index0/coherency_line_size
[25Jul2026 23:47:25.563] [main/DEBUG] [oshi.util.FileUtil/]: Reading file /sys/devices/system/cpu/cpu9/cache/index0/coherency_line_size
[25Jul2026 23:47:25.564] [main/DEBUG] [oshi.util.FileUtil/]: Reading file /sys/devices/system/cpu/cpu9/cache/index0/size
[25Jul2026 23:47:25.564] [main/DEBUG] [oshi.util.FileUtil/]: Reading file /sys/devices/system/cpu/cpu9/cache/index0/size
[25Jul2026 23:47:25.564] [main/DEBUG] [oshi.util.FileUtil/]: Reading file /sys/devices/system/cpu/cpu9/cache/index3/level
[25Jul2026 23:47:25.564] [main/DEBUG] [oshi.util.FileUtil/]: Reading file /sys/devices/system/cpu/cpu9/cache/index3/level
[25Jul2026 23:47:25.564] [main/DEBUG] [oshi.util.FileUtil/]: Reading file /sys/devices/system/cpu/cpu9/cache/index3/type
[25Jul2026 23:47:25.564] [main/DEBUG] [oshi.util.FileUtil/]: Reading file /sys/devices/system/cpu/cpu9/cache/index3/type
[25Jul2026 23:47:25.564] [main/DEBUG] [oshi.util.FileUtil/]: Reading file /sys/devices/system/cpu/cpu9/cache/index3/ways_of_associativity
[25Jul2026 23:47:25.564] [main/DEBUG] [oshi.util.FileUtil/]: Reading file /sys/devices/system/cpu/cpu9/cache/index3/ways_of_associativity
[25Jul2026 23:47:25.564] [main/DEBUG] [oshi.util.FileUtil/]: Reading file /sys/devices/system/cpu/cpu9/cache/index3/coherency_line_size
[25Jul2026 23:47:25.564] [main/DEBUG] [oshi.util.FileUtil/]: Reading file /sys/devices/system/cpu/cpu9/cache/index3/coherency_line_size
[25Jul2026 23:47:25.564] [main/DEBUG] [oshi.util.FileUtil/]: Reading file /sys/devices/system/cpu/cpu9/cache/index3/size
[25Jul2026 23:47:25.564] [main/DEBUG] [oshi.util.FileUtil/]: Reading file /sys/devices/system/cpu/cpu9/cache/index3/size
[25Jul2026 23:47:25.564] [main/DEBUG] [oshi.util.FileUtil/]: Reading file /sys/devices/system/cpu/cpu9/cache/index1/level
[25Jul2026 23:47:25.564] [main/DEBUG] [oshi.util.FileUtil/]: Reading file /sys/devices/system/cpu/cpu9/cache/index1/level
[25Jul2026 23:47:25.564] [main/DEBUG] [oshi.util.FileUtil/]: Reading file /sys/devices/system/cpu/cpu9/cache/index1/type
[25Jul2026 23:47:25.564] [main/DEBUG] [oshi.util.FileUtil/]: Reading file /sys/devices/system/cpu/cpu9/cache/index1/type
[25Jul2026 23:47:25.564] [main/DEBUG] [oshi.util.FileUtil/]: Reading file /sys/devices/system/cpu/cpu9/cache/index1/ways_of_associativity
[25Jul2026 23:47:25.564] [main/DEBUG] [oshi.util.FileUtil/]: Reading file /sys/devices/system/cpu/cpu9/cache/index1/ways_of_associativity
[25Jul2026 23:47:25.564] [main/DEBUG] [oshi.util.FileUtil/]: Reading file /sys/devices/system/cpu/cpu9/cache/index1/coherency_line_size
[25Jul2026 23:47:25.564] [main/DEBUG] [oshi.util.FileUtil/]: Reading file /sys/devices/system/cpu/cpu9/cache/index1/coherency_line_size
[25Jul2026 23:47:25.564] [main/DEBUG] [oshi.util.FileUtil/]: Reading file /sys/devices/system/cpu/cpu9/cache/index1/size
[25Jul2026 23:47:25.564] [main/DEBUG] [oshi.util.FileUtil/]: Reading file /sys/devices/system/cpu/cpu9/cache/index1/size
[25Jul2026 23:47:25.569] [main/DEBUG] [oshi.util.FileUtil/]: Reading file /proc/cpuinfo
[25Jul2026 23:47:25.572] [main/DEBUG] [oshi.util.FileUtil/]: Reading file /proc/cpuinfo
[25Jul2026 23:47:25.582] [main/DEBUG] [oshi.util.FileUtil/]: Reading file /proc/self/auxv
[25Jul2026 23:47:25.616] [main/DEBUG] [oshi.util.FileUtil/]: Reading file /proc/meminfo
[25Jul2026 23:47:25.617] [main/DEBUG] [oshi.util.FileUtil/]: Reading file /proc/meminfo
[25Jul2026 23:47:25.637] [pool-14-thread-1/INFO] [MixinExtras|Service/]: Initializing MixinExtras via com.llamalad7.mixinextras.service.MixinExtrasServiceImpl(version=0.5.0).
[25Jul2026 23:47:25.638] [pool-14-thread-1/DEBUG] [mixin/]: Registering new injector for @SugarWrapper with com.llamalad7.mixinextras.sugar.impl.SugarWrapperInjectionInfo
[25Jul2026 23:47:25.638] [pool-14-thread-1/DEBUG] [mixin/]: Registering new injector for @FactoryRedirectWrapper with com.llamalad7.mixinextras.wrapper.factory.FactoryRedirectWrapperInjectionInfo
[25Jul2026 23:47:25.639] [pool-14-thread-1/DEBUG] [mixin/]: Registering new injector for @ExpressionInjectorWrapper with com.llamalad7.mixinextras.expression.impl.wrapper.ExpressionInjectorWrapperInjectionInfo
[25Jul2026 23:47:25.641] [Datafixer Bootstrap/INFO] [com.mojang.datafixers.DataFixerBuilder/]: 281 Datafixer optimizations took 216 milliseconds
[25Jul2026 23:47:25.645] [pool-14-thread-1/DEBUG] [mixin/]: Mixing MappedRegistryAccessor from neoforge.mixins.json into net.minecraft.core.MappedRegistry
[25Jul2026 23:47:25.694] [pool-14-thread-1/DEBUG] [mixin/]: Mixing DataComponentTypesMixin from bettercombat.mixins.json into net.minecraft.core.component.DataComponents
[25Jul2026 23:47:25.704] [pool-14-thread-1/DEBUG] [mixin/]: bettercombat.mixins.json:DataComponentTypesMixin from mod bettercombat->@Inject::static_init_TAIL_BetterCombat(Lorg/spongepowered/asm/mixin/injection/callback/CallbackInfo;)V doesn't use it's CallbackInfo
[25Jul2026 23:47:25.740] [pool-14-thread-1/DEBUG] [mixin/]: Mixing player.LivingEntityAccessor from bettercombat.mixins.json into net.minecraft.world.entity.LivingEntity
[25Jul2026 23:47:25.753] [pool-14-thread-1/DEBUG] [mixin/]: Mixing player.LivingEntityMixin from bettercombat.mixins.json into net.minecraft.world.entity.LivingEntity
[25Jul2026 23:47:25.753] [pool-14-thread-1/DEBUG] [mixin/]: Renaming synthetic method lambda$getAttributeValue_Inject$0(Lnet/minecraft/world/entity/player/Player;Lnet/minecraft/core/Holder;Lorg/spongepowered/asm/mixin/injection/callback/CallbackInfoReturnable;)V to md6f6e06$bettercombat$lambda$getAttributeValue_Inject$0$0 in bettercombat.mixins.json:player.LivingEntityMixin from mod bettercombat
[25Jul2026 23:47:25.767] [pool-14-thread-1/DEBUG] [mixin/]: bettercombat.mixins.json:player.LivingEntityMixin from mod bettercombat->@Inject::getAttributeValue_Inject(Lnet/minecraft/core/Holder;Lorg/spongepowered/asm/mixin/injection/callback/CallbackInfoReturnable;)V does use it's CallbackInfoReturnable
[25Jul2026 23:47:25.768] [pool-14-thread-1/DEBUG] [mixin/]: bettercombat.mixins.json:player.LivingEntityMixin from mod bettercombat->@Inject::getEquippedStack_Pre(Lnet/minecraft/world/entity/EquipmentSlot;Lorg/spongepowered/asm/mixin/injection/callback/CallbackInfoReturnable;)V does use it's CallbackInfoReturnable
[25Jul2026 23:47:25.789] [pool-14-thread-1/DEBUG] [mixin/]: Mixing player.PlayerEntityMixin from bettercombat.mixins.json into net.minecraft.world.entity.player.Player
[25Jul2026 23:47:25.795] [pool-14-thread-1/DEBUG] [mixin/]: Mixing player.PlayerEntityAccessor from bettercombat.mixins.json into net.minecraft.world.entity.player.Player
[25Jul2026 23:47:25.795] [pool-14-thread-1/DEBUG] [mixin/]: Mixing player.PlayerEntityRangeMixin from bettercombat.mixins.json into net.minecraft.world.entity.player.Player
[25Jul2026 23:47:25.833] [pool-14-thread-1/DEBUG] [mixin/]: bettercombat.mixins.json:player.PlayerEntityMixin from mod bettercombat->@Inject::post_Tick(Lorg/spongepowered/asm/mixin/injection/callback/CallbackInfo;)V doesn't use it's CallbackInfo
[25Jul2026 23:47:25.833] [pool-14-thread-1/DEBUG] [mixin/]: bettercombat.mixins.json:player.PlayerEntityMixin from mod bettercombat->@Inject::post_Tick(Lorg/spongepowered/asm/mixin/injection/callback/CallbackInfo;)V has 0 override(s) in child classes
[25Jul2026 23:47:25.833] [pool-14-thread-1/DEBUG] [mixin/]: bettercombat.mixins.json:player.PlayerEntityMixin from mod bettercombat->@Inject::post_Tick(Lorg/spongepowered/asm/mixin/injection/callback/CallbackInfo;)V won't be passed a CallbackInfo as a result
[25Jul2026 23:47:25.847] [pool-14-thread-1/DEBUG] [mixin/]: Mixing AvatarMixin from player_animation_library.mixins.json into net.minecraft.world.entity.Avatar
[25Jul2026 23:47:25.856] [pool-14-thread-1/DEBUG] [mixin/]: player_animation_library.mixins.json:AvatarMixin from mod player_animation_library->@Inject::tick(Lorg/spongepowered/asm/mixin/injection/callback/CallbackInfo;)V doesn't use it's CallbackInfo
[25Jul2026 23:47:25.856] [pool-14-thread-1/DEBUG] [mixin/]: player_animation_library.mixins.json:AvatarMixin from mod player_animation_library->@Inject::tick(Lorg/spongepowered/asm/mixin/injection/callback/CallbackInfo;)V has 0 override(s) in child classes
[25Jul2026 23:47:25.856] [pool-14-thread-1/DEBUG] [mixin/]: player_animation_library.mixins.json:AvatarMixin from mod player_animation_library->@Inject::tick(Lorg/spongepowered/asm/mixin/injection/callback/CallbackInfo;)V won't be passed a CallbackInfo as a result
[25Jul2026 23:47:26.288] [pool-14-thread-1/DEBUG] [mixin/]: Mixing BlockEntityTypeAccessor from neoforge.mixins.json into net.minecraft.world.level.block.entity.BlockEntityType
[25Jul2026 23:47:26.437] [pool-14-thread-1/DEBUG] [mixin/]: Mixing ItemStackMixin from bettercombat.mixins.json into net.minecraft.world.item.ItemStack
[25Jul2026 23:47:26.438] [pool-14-thread-1/DEBUG] [mixin/]: Mixing client.ItemStackTooltipMixin from bettercombat.mixins.json into net.minecraft.world.item.ItemStack
[25Jul2026 23:47:26.442] [pool-14-thread-1/DEBUG] [mixin/]: bettercombat.mixins.json:client.ItemStackTooltipMixin from mod bettercombat->@Inject::appendAttributeModifiersTooltip_BetterCombat_HEAD(Ljava/util/function/Consumer;Lnet/minecraft/world/item/component/TooltipDisplay;Lnet/minecraft/world/entity/player/Player;Lorg/spongepowered/asm/mixin/injection/callback/CallbackInfo;)V doesn't use it's CallbackInfo
[25Jul2026 23:47:26.442] [pool-14-thread-1/DEBUG] [mixin/]: bettercombat.mixins.json:client.ItemStackTooltipMixin from mod bettercombat->@Inject::appendAttributeModifiersTooltip_BetterCombat_TAIL(Ljava/util/function/Consumer;Lnet/minecraft/world/item/component/TooltipDisplay;Lnet/minecraft/world/entity/player/Player;Lorg/spongepowered/asm/mixin/injection/callback/CallbackInfo;)V doesn't use it's CallbackInfo
[25Jul2026 23:47:27.169] [pool-14-thread-1/DEBUG] [mixin/]: Mixing EnchantmentMixin from bettercombat.mixins.json into net.minecraft.world.item.enchantment.Enchantment
[25Jul2026 23:47:27.170] [pool-14-thread-1/DEBUG] [mixin/]: bettercombat.mixins.json:EnchantmentMixin from mod bettercombat->@Inject::getEquipmentFix(Lnet/minecraft/world/entity/LivingEntity;Lorg/spongepowered/asm/mixin/injection/callback/CallbackInfoReturnable;)V does use it's CallbackInfoReturnable
[25Jul2026 23:47:27.188] [pool-14-thread-1/DEBUG] [io.netty.util.internal.PlatformDependent0/]: -Dio.netty.noUnsafe: false
[25Jul2026 23:47:27.189] [pool-14-thread-1/DEBUG] [io.netty.util.internal.PlatformDependent0/]: Java version: 21
[25Jul2026 23:47:27.189] [pool-14-thread-1/DEBUG] [io.netty.util.internal.PlatformDependent0/]: sun.misc.Unsafe.theUnsafe: available
[25Jul2026 23:47:27.189] [pool-14-thread-1/DEBUG] [io.netty.util.internal.PlatformDependent0/]: sun.misc.Unsafe base methods: all available
[25Jul2026 23:47:27.189] [pool-14-thread-1/DEBUG] [io.netty.util.internal.PlatformDependent0/]: sun.misc.Unsafe.storeFence: available
[25Jul2026 23:47:27.190] [pool-14-thread-1/DEBUG] [io.netty.util.internal.PlatformDependent0/]: java.nio.Buffer.address: available
[25Jul2026 23:47:27.190] [pool-14-thread-1/DEBUG] [io.netty.util.internal.PlatformDependent0/]: java.nio.Bits.unaligned: available, true
[25Jul2026 23:47:27.191] [pool-14-thread-1/DEBUG] [io.netty.util.internal.PlatformDependent0/]: java.nio.DirectByteBuffer.<init>(long, {int,long}): unavailable
[25Jul2026 23:47:27.191] [pool-14-thread-1/DEBUG] [io.netty.util.internal.PlatformDependent/]: sun.misc.Unsafe: available
[25Jul2026 23:47:27.191] [pool-14-thread-1/DEBUG] [io.netty.util.internal.PlatformDependent/]: -Dio.netty.tmpdir: /tmp (java.io.tmpdir)
[25Jul2026 23:47:27.191] [pool-14-thread-1/DEBUG] [io.netty.util.internal.PlatformDependent/]: -Dio.netty.bitMode: 64 (sun.arch.data.model)
[25Jul2026 23:47:27.191] [pool-14-thread-1/DEBUG] [io.netty.util.internal.PlatformDependent/]: -Dio.netty.maxDirectMemory: -1 bytes
[25Jul2026 23:47:27.192] [pool-14-thread-1/DEBUG] [io.netty.util.internal.PlatformDependent/]: -Dio.netty.uninitializedArrayAllocationThreshold: -1
[25Jul2026 23:47:27.192] [pool-14-thread-1/DEBUG] [io.netty.util.internal.CleanerJava9/]: java.nio.ByteBuffer.cleaner(): available
[25Jul2026 23:47:27.192] [pool-14-thread-1/DEBUG] [io.netty.util.internal.PlatformDependent/]: -Dio.netty.noPreferDirect: false
[25Jul2026 23:47:27.212] [pool-14-thread-1/DEBUG] [mixin/]: Mixing RangedWeaponItemMixin from bettercombat.mixins.json into net.minecraft.world.item.ProjectileWeaponItem
[25Jul2026 23:47:28.055] [pool-14-thread-1/DEBUG] [mixin/]: Mixing player.PlayerInventoryAccessor from bettercombat.mixins.json into net.minecraft.world.entity.player.Inventory
[25Jul2026 23:47:28.987] [main/WARN] [net.minecraft.commands.Commands/]: Ambiguity between arguments [teleport, location] and [teleport, destination] with inputs: [0.1 -0.5 .9, 0 0 0]
[25Jul2026 23:47:28.988] [main/WARN] [net.minecraft.commands.Commands/]: Ambiguity between arguments [teleport, location] and [teleport, targets] with inputs: [0.1 -0.5 .9, 0 0 0]
[25Jul2026 23:47:28.989] [main/WARN] [net.minecraft.commands.Commands/]: Ambiguity between arguments [teleport, destination] and [teleport, targets] with inputs: [Player, 0123, @e, dd12be42-52a9-4a91-a8a1-11c01849e498]
[25Jul2026 23:47:28.990] [main/WARN] [net.minecraft.commands.Commands/]: Ambiguity between arguments [teleport, targets] and [teleport, destination] with inputs: [Player, 0123, dd12be42-52a9-4a91-a8a1-11c01849e498]
[25Jul2026 23:47:28.991] [main/WARN] [net.minecraft.commands.Commands/]: Ambiguity between arguments [teleport, targets, location] and [teleport, targets, destination] with inputs: [0.1 -0.5 .9, 0 0 0]
[25Jul2026 23:47:28.992] [main/WARN] [net.minecraft.commands.Commands/]: Ambiguity between arguments [waypoint, modify, waypoint, color, reset] and [waypoint, modify, waypoint, color, color] with inputs: [reset]
[25Jul2026 23:47:29.024] [main/DEBUG] [net.neoforged.fml.ModWorkManager/LOADING]: Using 24 threads for parallel mod-loading
[25Jul2026 23:47:29.029] [main/DEBUG] [net.neoforged.fml.javafmlmod.FMLModContainer/LOADING]: Creating FMLModContainer instance for player_animation_library with entrypoints [com.zigythebird.playeranim.neoforge.PlayerAnimLibModNeo]
[25Jul2026 23:47:29.031] [main/DEBUG] [net.neoforged.fml.javafmlmod.FMLModContainer/LOADING]: Creating FMLModContainer instance for tiny_config with entrypoints [net.tiny_config.neoforge.ExampleModNeoForge]
[25Jul2026 23:47:29.031] [main/DEBUG] [net.neoforged.fml.javafmlmod.FMLModContainer/LOADING]: Creating FMLModContainer instance for cloth_config with entrypoints [me.shedaniel.clothconfig.ClothConfigForge]
[25Jul2026 23:47:29.032] [main/DEBUG] [net.neoforged.fml.javafmlmod.FMLModContainer/LOADING]: Creating FMLModContainer instance for bettercombat with entrypoints [net.bettercombat.neoforge.NeoForgeMod]
[25Jul2026 23:47:29.032] [main/DEBUG] [net.neoforged.fml.javafmlmod.FMLModContainer/LOADING]: Creating FMLModContainer instance for fweapons with entrypoints [com.fiv.fiverkas_weapons.FiverkasWeapons]
[25Jul2026 23:47:29.033] [main/DEBUG] [net.neoforged.fml.javafmlmod.FMLModContainer/LOADING]: Creating FMLModContainer instance for neoforge with entrypoints [net.neoforged.neoforge.common.NeoForgeMod, net.neoforged.neoforge.common.OnlyInWarningsHandler, net.neoforged.neoforge.client.ClientNeoForgeMod]
[25Jul2026 23:47:29.037] [modloading-worker-0/DEBUG] [net.neoforged.fml.javafmlmod.AutomaticEventSubscriber/LOADING]: Attempting to inject @EventBusSubscriber classes into the eventbus for tiny_config
[25Jul2026 23:47:29.038] [modloading-worker-0/DEBUG] [net.neoforged.fml.javafmlmod.AutomaticEventSubscriber/LOADING]: Attempting to inject @EventBusSubscriber classes into the eventbus for cloth_config
[25Jul2026 23:47:29.045] [modloading-worker-0/DEBUG] [net.neoforged.fml.javafmlmod.AutomaticEventSubscriber/LOADING]: Attempting to inject @EventBusSubscriber classes into the eventbus for player_animation_library
[25Jul2026 23:47:29.047] [modloading-worker-0/INFO] [net.neoforged.neoforge.common.NeoForgeMod/NEOFORGE-MOD]: NeoForge mod loading, version 21.10.64, for MC 1.21.10
[25Jul2026 23:47:29.059] [modloading-worker-0/DEBUG] [net.neoforged.fml.config.ConfigTracker/CONFIG]: Config file neoforge-server.toml for neoforge tracking
[25Jul2026 23:47:29.061] [modloading-worker-0/DEBUG] [net.neoforged.fml.config.ConfigTracker/CONFIG]: Config file neoforge-common.toml for neoforge tracking
[25Jul2026 23:47:29.088] [modloading-worker-0/ERROR] [net.neoforged.neoforge.common.OnlyInWarningsHandler/]: The mod cloth_config uses the @OnlyIn annotation; the runtime member-stripping behaviour of this annotation is no longer present, which may lead to issues if that behaviour was relied upon
[25Jul2026 23:47:29.089] [modloading-worker-0/ERROR] [net.neoforged.neoforge.common.OnlyInWarningsHandler/]: @OnlyIn used on class me.shedaniel.autoconfig.AutoConfig$ClientOnly
[25Jul2026 23:47:29.089] [modloading-worker-0/ERROR] [net.neoforged.neoforge.common.OnlyInWarningsHandler/]: @OnlyIn used on method me.shedaniel.autoconfig.AutoConfig.getConfigScreen(Ljava/lang/Class;Lnet/minecraft/client/gui/screens/Screen;)Ljava/util/function/Supplier;
[25Jul2026 23:47:29.089] [modloading-worker-0/ERROR] [net.neoforged.neoforge.common.OnlyInWarningsHandler/]: @OnlyIn used on method me.shedaniel.autoconfig.AutoConfig.getGuiRegistry(Ljava/lang/Class;)Lme/shedaniel/autoconfig/gui/registry/GuiRegistry;
[25Jul2026 23:47:29.089] [modloading-worker-0/ERROR] [net.neoforged.neoforge.common.OnlyInWarningsHandler/]: @OnlyIn used on method me.shedaniel.autoconfig.example.ExampleInits.exampleClientInit()V
[25Jul2026 23:47:29.089] [modloading-worker-0/ERROR] [net.neoforged.neoforge.common.OnlyInWarningsHandler/]: @OnlyIn used on class me.shedaniel.autoconfig.gui.ConfigScreenProvider
[25Jul2026 23:47:29.089] [modloading-worker-0/ERROR] [net.neoforged.neoforge.common.OnlyInWarningsHandler/]: @OnlyIn used on class me.shedaniel.autoconfig.gui.DefaultGuiProviders
[25Jul2026 23:47:29.089] [modloading-worker-0/ERROR] [net.neoforged.neoforge.common.OnlyInWarningsHandler/]: @OnlyIn used on class me.shedaniel.autoconfig.gui.DefaultGuiTransformers
[25Jul2026 23:47:29.089] [modloading-worker-0/ERROR] [net.neoforged.neoforge.common.OnlyInWarningsHandler/]: @OnlyIn used on class me.shedaniel.autoconfig.gui.registry.ComposedGuiRegistryAccess
[25Jul2026 23:47:29.089] [modloading-worker-0/ERROR] [net.neoforged.neoforge.common.OnlyInWarningsHandler/]: @OnlyIn used on class me.shedaniel.autoconfig.gui.registry.GuiRegistry
[25Jul2026 23:47:29.089] [modloading-worker-0/ERROR] [net.neoforged.neoforge.common.OnlyInWarningsHandler/]: @OnlyIn used on class me.shedaniel.autoconfig.gui.registry.api.GuiProvider
[25Jul2026 23:47:29.089] [modloading-worker-0/ERROR] [net.neoforged.neoforge.common.OnlyInWarningsHandler/]: @OnlyIn used on class me.shedaniel.autoconfig.gui.registry.api.GuiRegistryAccess
[25Jul2026 23:47:29.089] [modloading-worker-0/ERROR] [net.neoforged.neoforge.common.OnlyInWarningsHandler/]: @OnlyIn used on class me.shedaniel.autoconfig.gui.registry.api.GuiTransformer
[25Jul2026 23:47:29.089] [modloading-worker-0/ERROR] [net.neoforged.neoforge.common.OnlyInWarningsHandler/]: @OnlyIn used on class me.shedaniel.clothconfig2.ClothConfigInitializer
[25Jul2026 23:47:29.089] [modloading-worker-0/ERROR] [net.neoforged.neoforge.common.OnlyInWarningsHandler/]: @OnlyIn used on class me.shedaniel.clothconfig2.api.AbstractConfigEntry
[25Jul2026 23:47:29.089] [modloading-worker-0/ERROR] [net.neoforged.neoforge.common.OnlyInWarningsHandler/]: @OnlyIn used on class me.shedaniel.clothconfig2.api.AbstractConfigListEntry
[25Jul2026 23:47:29.089] [modloading-worker-0/ERROR] [net.neoforged.neoforge.common.OnlyInWarningsHandler/]: @OnlyIn used on class me.shedaniel.clothconfig2.api.ConfigBuilder
[25Jul2026 23:47:29.089] [modloading-worker-0/ERROR] [net.neoforged.neoforge.common.OnlyInWarningsHandler/]: @OnlyIn used on class me.shedaniel.clothconfig2.api.ConfigCategory
[25Jul2026 23:47:29.089] [modloading-worker-0/ERROR] [net.neoforged.neoforge.common.OnlyInWarningsHandler/]: @OnlyIn used on class me.shedaniel.clothconfig2.api.ConfigEntryBuilder
[25Jul2026 23:47:29.089] [modloading-worker-0/ERROR] [net.neoforged.neoforge.common.OnlyInWarningsHandler/]: @OnlyIn used on class me.shedaniel.clothconfig2.api.Modifier
[25Jul2026 23:47:29.089] [modloading-worker-0/ERROR] [net.neoforged.neoforge.common.OnlyInWarningsHandler/]: @OnlyIn used on class me.shedaniel.clothconfig2.api.ModifierKeyCode
[25Jul2026 23:47:29.089] [modloading-worker-0/ERROR] [net.neoforged.neoforge.common.OnlyInWarningsHandler/]: @OnlyIn used on class me.shedaniel.clothconfig2.gui.ClothConfigScreen
[25Jul2026 23:47:29.089] [modloading-worker-0/ERROR] [net.neoforged.neoforge.common.OnlyInWarningsHandler/]: @OnlyIn used on class me.shedaniel.clothconfig2.gui.ClothConfigTabButton
[25Jul2026 23:47:29.089] [modloading-worker-0/ERROR] [net.neoforged.neoforge.common.OnlyInWarningsHandler/]: @OnlyIn used on class me.shedaniel.clothconfig2.gui.ClothRequiresRestartScreen
[25Jul2026 23:47:29.089] [modloading-worker-0/ERROR] [net.neoforged.neoforge.common.OnlyInWarningsHandler/]: @OnlyIn used on class me.shedaniel.clothconfig2.gui.entries.AbstractListListEntry
[25Jul2026 23:47:29.089] [modloading-worker-0/ERROR] [net.neoforged.neoforge.common.OnlyInWarningsHandler/]: @OnlyIn used on class me.shedaniel.clothconfig2.gui.entries.AbstractTextFieldListListEntry
[25Jul2026 23:47:29.089] [modloading-worker-0/ERROR] [net.neoforged.neoforge.common.OnlyInWarningsHandler/]: @OnlyIn used on class me.shedaniel.clothconfig2.gui.entries.BaseListCell
[25Jul2026 23:47:29.089] [modloading-worker-0/ERROR] [net.neoforged.neoforge.common.OnlyInWarningsHandler/]: @OnlyIn used on class me.shedaniel.clothconfig2.gui.entries.BaseListEntry
[25Jul2026 23:47:29.089] [modloading-worker-0/ERROR] [net.neoforged.neoforge.common.OnlyInWarningsHandler/]: @OnlyIn used on class me.shedaniel.clothconfig2.gui.entries.BooleanListEntry
[25Jul2026 23:47:29.089] [modloading-worker-0/ERROR] [net.neoforged.neoforge.common.OnlyInWarningsHandler/]: @OnlyIn used on class me.shedaniel.clothconfig2.gui.entries.DoubleListEntry
[25Jul2026 23:47:29.089] [modloading-worker-0/ERROR] [net.neoforged.neoforge.common.OnlyInWarningsHandler/]: @OnlyIn used on class me.shedaniel.clothconfig2.gui.entries.DoubleListListEntry
[25Jul2026 23:47:29.089] [modloading-worker-0/ERROR] [net.neoforged.neoforge.common.OnlyInWarningsHandler/]: @OnlyIn used on class me.shedaniel.clothconfig2.gui.entries.DropdownBoxEntry
[25Jul2026 23:47:29.089] [modloading-worker-0/ERROR] [net.neoforged.neoforge.common.OnlyInWarningsHandler/]: @OnlyIn used on class me.shedaniel.clothconfig2.gui.entries.EnumListEntry
[25Jul2026 23:47:29.089] [modloading-worker-0/ERROR] [net.neoforged.neoforge.common.OnlyInWarningsHandler/]: @OnlyIn used on class me.shedaniel.clothconfig2.gui.entries.FloatListEntry
[25Jul2026 23:47:29.089] [modloading-worker-0/ERROR] [net.neoforged.neoforge.common.OnlyInWarningsHandler/]: @OnlyIn used on class me.shedaniel.clothconfig2.gui.entries.FloatListListEntry
[25Jul2026 23:47:29.089] [modloading-worker-0/ERROR] [net.neoforged.neoforge.common.OnlyInWarningsHandler/]: @OnlyIn used on class me.shedaniel.clothconfig2.gui.entries.IntegerListEntry
[25Jul2026 23:47:29.089] [modloading-worker-0/ERROR] [net.neoforged.neoforge.common.OnlyInWarningsHandler/]: @OnlyIn used on class me.shedaniel.clothconfig2.gui.entries.IntegerListListEntry
[25Jul2026 23:47:29.089] [modloading-worker-0/ERROR] [net.neoforged.neoforge.common.OnlyInWarningsHandler/]: @OnlyIn used on class me.shedaniel.clothconfig2.gui.entries.IntegerSliderEntry
[25Jul2026 23:47:29.090] [modloading-worker-0/ERROR] [net.neoforged.neoforge.common.OnlyInWarningsHandler/]: @OnlyIn used on class me.shedaniel.clothconfig2.gui.entries.KeyCodeEntry
[25Jul2026 23:47:29.090] [modloading-worker-0/ERROR] [net.neoforged.neoforge.common.OnlyInWarningsHandler/]: @OnlyIn used on class me.shedaniel.clothconfig2.gui.entries.LongListEntry
[25Jul2026 23:47:29.090] [modloading-worker-0/ERROR] [net.neoforged.neoforge.common.OnlyInWarningsHandler/]: @OnlyIn used on class me.shedaniel.clothconfig2.gui.entries.LongListListEntry
[25Jul2026 23:47:29.090] [modloading-worker-0/ERROR] [net.neoforged.neoforge.common.OnlyInWarningsHandler/]: @OnlyIn used on class me.shedaniel.clothconfig2.gui.entries.LongSliderEntry
[25Jul2026 23:47:29.090] [modloading-worker-0/ERROR] [net.neoforged.neoforge.common.OnlyInWarningsHandler/]: @OnlyIn used on class me.shedaniel.clothconfig2.gui.entries.MultiElementListEntry
[25Jul2026 23:47:29.090] [modloading-worker-0/ERROR] [net.neoforged.neoforge.common.OnlyInWarningsHandler/]: @OnlyIn used on class me.shedaniel.clothconfig2.gui.entries.NestedListListEntry
[25Jul2026 23:47:29.090] [modloading-worker-0/ERROR] [net.neoforged.neoforge.common.OnlyInWarningsHandler/]: @OnlyIn used on class me.shedaniel.clothconfig2.gui.entries.SelectionListEntry
[25Jul2026 23:47:29.090] [modloading-worker-0/ERROR] [net.neoforged.neoforge.common.OnlyInWarningsHandler/]: @OnlyIn used on class me.shedaniel.clothconfig2.gui.entries.StringListEntry
[25Jul2026 23:47:29.090] [modloading-worker-0/ERROR] [net.neoforged.neoforge.common.OnlyInWarningsHandler/]: @OnlyIn used on class me.shedaniel.clothconfig2.gui.entries.StringListListEntry
[25Jul2026 23:47:29.090] [modloading-worker-0/ERROR] [net.neoforged.neoforge.common.OnlyInWarningsHandler/]: @OnlyIn used on class me.shedaniel.clothconfig2.gui.entries.SubCategoryListEntry
[25Jul2026 23:47:29.090] [modloading-worker-0/ERROR] [net.neoforged.neoforge.common.OnlyInWarningsHandler/]: @OnlyIn used on class me.shedaniel.clothconfig2.gui.entries.TextFieldListEntry
[25Jul2026 23:47:29.090] [modloading-worker-0/ERROR] [net.neoforged.neoforge.common.OnlyInWarningsHandler/]: @OnlyIn used on class me.shedaniel.clothconfig2.gui.entries.TextListEntry
[25Jul2026 23:47:29.090] [modloading-worker-0/ERROR] [net.neoforged.neoforge.common.OnlyInWarningsHandler/]: @OnlyIn used on class me.shedaniel.clothconfig2.gui.entries.TooltipListEntry
[25Jul2026 23:47:29.090] [modloading-worker-0/ERROR] [net.neoforged.neoforge.common.OnlyInWarningsHandler/]: @OnlyIn used on class me.shedaniel.clothconfig2.gui.widget.DynamicElementListWidget$ElementEntry
[25Jul2026 23:47:29.090] [modloading-worker-0/ERROR] [net.neoforged.neoforge.common.OnlyInWarningsHandler/]: @OnlyIn used on class me.shedaniel.clothconfig2.gui.widget.DynamicElementListWidget
[25Jul2026 23:47:29.090] [modloading-worker-0/ERROR] [net.neoforged.neoforge.common.OnlyInWarningsHandler/]: @OnlyIn used on class me.shedaniel.clothconfig2.gui.widget.DynamicEntryListWidget$Entries
[25Jul2026 23:47:29.090] [modloading-worker-0/ERROR] [net.neoforged.neoforge.common.OnlyInWarningsHandler/]: @OnlyIn used on class me.shedaniel.clothconfig2.gui.widget.DynamicEntryListWidget$Entry
[25Jul2026 23:47:29.090] [modloading-worker-0/ERROR] [net.neoforged.neoforge.common.OnlyInWarningsHandler/]: @OnlyIn used on class me.shedaniel.clothconfig2.gui.widget.DynamicEntryListWidget
[25Jul2026 23:47:29.090] [modloading-worker-0/ERROR] [net.neoforged.neoforge.common.OnlyInWarningsHandler/]: @OnlyIn used on class me.shedaniel.clothconfig2.gui.widget.DynamicNewSmoothScrollingEntryListWidget
[25Jul2026 23:47:29.090] [modloading-worker-0/ERROR] [net.neoforged.neoforge.common.OnlyInWarningsHandler/]: @OnlyIn used on class me.shedaniel.clothconfig2.gui.widget.DynamicSmoothScrollingEntryListWidget
[25Jul2026 23:47:29.090] [modloading-worker-0/ERROR] [net.neoforged.neoforge.common.OnlyInWarningsHandler/]: @OnlyIn used on class me.shedaniel.clothconfig2.impl.ConfigBuilderImpl
[25Jul2026 23:47:29.090] [modloading-worker-0/ERROR] [net.neoforged.neoforge.common.OnlyInWarningsHandler/]: @OnlyIn used on class me.shedaniel.clothconfig2.impl.ConfigCategoryImpl
[25Jul2026 23:47:29.090] [modloading-worker-0/ERROR] [net.neoforged.neoforge.common.OnlyInWarningsHandler/]: @OnlyIn used on class me.shedaniel.clothconfig2.impl.ConfigEntryBuilderImpl
[25Jul2026 23:47:29.090] [modloading-worker-0/ERROR] [net.neoforged.neoforge.common.OnlyInWarningsHandler/]: @OnlyIn used on class me.shedaniel.clothconfig2.impl.GameOptionsHooks
[25Jul2026 23:47:29.090] [modloading-worker-0/ERROR] [net.neoforged.neoforge.common.OnlyInWarningsHandler/]: @OnlyIn used on class me.shedaniel.clothconfig2.impl.KeyBindingHooks
[25Jul2026 23:47:29.090] [modloading-worker-0/ERROR] [net.neoforged.neoforge.common.OnlyInWarningsHandler/]: @OnlyIn used on class me.shedaniel.clothconfig2.impl.ModifierKeyCodeImpl
[25Jul2026 23:47:29.090] [modloading-worker-0/ERROR] [net.neoforged.neoforge.common.OnlyInWarningsHandler/]: @OnlyIn used on class me.shedaniel.clothconfig2.impl.builders.BooleanToggleBuilder
[25Jul2026 23:47:29.090] [modloading-worker-0/ERROR] [net.neoforged.neoforge.common.OnlyInWarningsHandler/]: @OnlyIn used on class me.shedaniel.clothconfig2.impl.builders.ColorFieldBuilder
[25Jul2026 23:47:29.090] [modloading-worker-0/ERROR] [net.neoforged.neoforge.common.OnlyInWarningsHandler/]: @OnlyIn used on class me.shedaniel.clothconfig2.impl.builders.DoubleFieldBuilder
[25Jul2026 23:47:29.090] [modloading-worker-0/ERROR] [net.neoforged.neoforge.common.OnlyInWarningsHandler/]: @OnlyIn used on class me.shedaniel.clothconfig2.impl.builders.DoubleListBuilder
[25Jul2026 23:47:29.090] [modloading-worker-0/ERROR] [net.neoforged.neoforge.common.OnlyInWarningsHandler/]: @OnlyIn used on class me.shedaniel.clothconfig2.impl.builders.DropdownMenuBuilder
[25Jul2026 23:47:29.090] [modloading-worker-0/ERROR] [net.neoforged.neoforge.common.OnlyInWarningsHandler/]: @OnlyIn used on class me.shedaniel.clothconfig2.impl.builders.EnumSelectorBuilder
[25Jul2026 23:47:29.090] [modloading-worker-0/ERROR] [net.neoforged.neoforge.common.OnlyInWarningsHandler/]: @OnlyIn used on class me.shedaniel.clothconfig2.impl.builders.FieldBuilder
[25Jul2026 23:47:29.090] [modloading-worker-0/ERROR] [net.neoforged.neoforge.common.OnlyInWarningsHandler/]: @OnlyIn used on class me.shedaniel.clothconfig2.impl.builders.FloatFieldBuilder
[25Jul2026 23:47:29.090] [modloading-worker-0/ERROR] [net.neoforged.neoforge.common.OnlyInWarningsHandler/]: @OnlyIn used on class me.shedaniel.clothconfig2.impl.builders.FloatListBuilder
[25Jul2026 23:47:29.090] [modloading-worker-0/ERROR] [net.neoforged.neoforge.common.OnlyInWarningsHandler/]: @OnlyIn used on class me.shedaniel.clothconfig2.impl.builders.IntFieldBuilder
[25Jul2026 23:47:29.090] [modloading-worker-0/ERROR] [net.neoforged.neoforge.common.OnlyInWarningsHandler/]: @OnlyIn used on class me.shedaniel.clothconfig2.impl.builders.IntListBuilder
[25Jul2026 23:47:29.091] [modloading-worker-0/ERROR] [net.neoforged.neoforge.common.OnlyInWarningsHandler/]: @OnlyIn used on class me.shedaniel.clothconfig2.impl.builders.IntSliderBuilder
[25Jul2026 23:47:29.091] [modloading-worker-0/ERROR] [net.neoforged.neoforge.common.OnlyInWarningsHandler/]: @OnlyIn used on class me.shedaniel.clothconfig2.impl.builders.KeyCodeBuilder
[25Jul2026 23:47:29.091] [modloading-worker-0/ERROR] [net.neoforged.neoforge.common.OnlyInWarningsHandler/]: @OnlyIn used on class me.shedaniel.clothconfig2.impl.builders.LongFieldBuilder
[25Jul2026 23:47:29.091] [modloading-worker-0/ERROR] [net.neoforged.neoforge.common.OnlyInWarningsHandler/]: @OnlyIn used on class me.shedaniel.clothconfig2.impl.builders.LongListBuilder
[25Jul2026 23:47:29.091] [modloading-worker-0/ERROR] [net.neoforged.neoforge.common.OnlyInWarningsHandler/]: @OnlyIn used on class me.shedaniel.clothconfig2.impl.builders.LongSliderBuilder
[25Jul2026 23:47:29.091] [modloading-worker-0/ERROR] [net.neoforged.neoforge.common.OnlyInWarningsHandler/]: @OnlyIn used on class me.shedaniel.clothconfig2.impl.builders.SelectorBuilder
[25Jul2026 23:47:29.091] [modloading-worker-0/ERROR] [net.neoforged.neoforge.common.OnlyInWarningsHandler/]: @OnlyIn used on class me.shedaniel.clothconfig2.impl.builders.StringFieldBuilder
[25Jul2026 23:47:29.091] [modloading-worker-0/ERROR] [net.neoforged.neoforge.common.OnlyInWarningsHandler/]: @OnlyIn used on class me.shedaniel.clothconfig2.impl.builders.StringListBuilder
[25Jul2026 23:47:29.091] [modloading-worker-0/ERROR] [net.neoforged.neoforge.common.OnlyInWarningsHandler/]: @OnlyIn used on class me.shedaniel.clothconfig2.impl.builders.SubCategoryBuilder
[25Jul2026 23:47:29.091] [modloading-worker-0/ERROR] [net.neoforged.neoforge.common.OnlyInWarningsHandler/]: @OnlyIn used on class me.shedaniel.clothconfig2.impl.builders.TextDescriptionBuilder
[25Jul2026 23:47:29.091] [modloading-worker-0/ERROR] [net.neoforged.neoforge.common.OnlyInWarningsHandler/]: @OnlyIn used on class me.shedaniel.clothconfig2.impl.builders.TextFieldBuilder
[25Jul2026 23:47:29.091] [modloading-worker-0/ERROR] [net.neoforged.neoforge.common.OnlyInWarningsHandler/]: @OnlyIn used on class me.shedaniel.math.impl.PointHelper
[25Jul2026 23:47:29.091] [modloading-worker-0/ERROR] [net.neoforged.neoforge.common.OnlyInWarningsHandler/]: The mod bettercombat uses the @OnlyIn annotation; the runtime member-stripping behaviour of this annotation is no longer present, which may lead to issues if that behaviour was relied upon
[25Jul2026 23:47:29.091] [modloading-worker-0/ERROR] [net.neoforged.neoforge.common.OnlyInWarningsHandler/]: @OnlyIn used on class net.bettercombat.client.particle.SlashParticle$Provider
[25Jul2026 23:47:29.091] [modloading-worker-0/ERROR] [net.neoforged.neoforge.common.OnlyInWarningsHandler/]: @OnlyIn used on class net.bettercombat.client.particle.SlashParticle
[25Jul2026 23:47:29.094] [modloading-worker-0/DEBUG] [mixin/]: Mixing client.ClientPlayerEntityMixin from bettercombat.mixins.json into net.minecraft.client.player.LocalPlayer
[25Jul2026 23:47:29.098] [modloading-worker-0/DEBUG] [mixin/]: bettercombat.mixins.json:client.ClientPlayerEntityMixin from mod bettercombat->@Inject::tickMovement_ModifyInput(Lorg/spongepowered/asm/mixin/injection/callback/CallbackInfo;)V doesn't use it's CallbackInfo
[25Jul2026 23:47:29.098] [modloading-worker-0/DEBUG] [mixin/]: bettercombat.mixins.json:client.ClientPlayerEntityMixin from mod bettercombat->@Inject::tickMovement_ModifyInput(Lorg/spongepowered/asm/mixin/injection/callback/CallbackInfo;)V has 0 override(s) in child classes
[25Jul2026 23:47:29.098] [modloading-worker-0/DEBUG] [mixin/]: bettercombat.mixins.json:client.ClientPlayerEntityMixin from mod bettercombat->@Inject::tickMovement_ModifyInput(Lorg/spongepowered/asm/mixin/injection/callback/CallbackInfo;)V won't be passed a CallbackInfo as a result
[25Jul2026 23:47:29.102] [modloading-worker-0/DEBUG] [mixin/]: Mixing client.AbstractClientPlayerEntityMixin from bettercombat.mixins.json into net.minecraft.client.player.AbstractClientPlayer
[25Jul2026 23:47:29.112] [modloading-worker-0/DEBUG] [mixin/]: bettercombat.mixins.json:client.AbstractClientPlayerEntityMixin from mod bettercombat->@Inject::postInit(Lnet/minecraft/client/multiplayer/ClientLevel;Lcom/mojang/authlib/GameProfile;Lorg/spongepowered/asm/mixin/injection/callback/CallbackInfo;)V doesn't use it's CallbackInfo
[25Jul2026 23:47:29.112] [modloading-worker-0/DEBUG] [mixin/]: bettercombat.mixins.json:client.AbstractClientPlayerEntityMixin from mod bettercombat->@Inject::postInit(Lnet/minecraft/client/multiplayer/ClientLevel;Lcom/mojang/authlib/GameProfile;Lorg/spongepowered/asm/mixin/injection/callback/CallbackInfo;)V has 0 override(s) in child classes
[25Jul2026 23:47:29.112] [modloading-worker-0/DEBUG] [mixin/]: bettercombat.mixins.json:client.AbstractClientPlayerEntityMixin from mod bettercombat->@Inject::postInit(Lnet/minecraft/client/multiplayer/ClientLevel;Lcom/mojang/authlib/GameProfile;Lorg/spongepowered/asm/mixin/injection/callback/CallbackInfo;)V won't be passed a CallbackInfo as a result
[25Jul2026 23:47:29.115] [modloading-worker-0/DEBUG] [net.neoforged.fml.javafmlmod.AutomaticEventSubscriber/LOADING]: Attempting to inject @EventBusSubscriber classes into the eventbus for bettercombat
[25Jul2026 23:47:29.115] [modloading-worker-0/DEBUG] [net.neoforged.fml.javafmlmod.AutomaticEventSubscriber/LOADING]: Scanning class net.bettercombat.neoforge.NeoForgeEvents for @SubscribeEvent-annotated methods
[25Jul2026 23:47:29.116] [modloading-worker-0/DEBUG] [net.neoforged.fml.javafmlmod.AutomaticEventSubscriber/LOADING]: Subscribing method public static void net.bettercombat.neoforge.NeoForgeEvents.onHandSwap(net.neoforged.neoforge.event.entity.living.LivingSwapItemsEvent$Hands) to the game event bus
[25Jul2026 23:47:29.116] [modloading-worker-0/DEBUG] [net.neoforged.fml.javafmlmod.AutomaticEventSubscriber/LOADING]: Subscribing method public static void net.bettercombat.neoforge.NeoForgeEvents.register(net.neoforged.neoforge.event.server.ServerAboutToStartEvent) to the game event bus
[25Jul2026 23:47:29.117] [modloading-worker-0/DEBUG] [net.neoforged.fml.javafmlmod.AutomaticEventSubscriber/LOADING]: Scanning class net.bettercombat.neoforge.client.NeoForgeClientEvents for @SubscribeEvent-annotated methods
[25Jul2026 23:47:29.117] [modloading-worker-0/DEBUG] [net.neoforged.fml.javafmlmod.AutomaticEventSubscriber/LOADING]: Subscribing method public static void net.bettercombat.neoforge.client.NeoForgeClientEvents.onTooltip(net.neoforged.neoforge.event.entity.player.ItemTooltipEvent) to the game event bus
[25Jul2026 23:47:29.117] [modloading-worker-0/DEBUG] [net.neoforged.fml.javafmlmod.AutomaticEventSubscriber/LOADING]: Scanning class net.bettercombat.neoforge.client.NeoForgeClientMod for @SubscribeEvent-annotated methods
[25Jul2026 23:47:29.118] [modloading-worker-0/DEBUG] [net.neoforged.fml.javafmlmod.AutomaticEventSubscriber/LOADING]: Subscribing method public static void net.bettercombat.neoforge.client.NeoForgeClientMod.registerKeys(net.neoforged.neoforge.client.event.RegisterKeyMappingsEvent) to the event bus of mod bettercombat
[25Jul2026 23:47:29.118] [modloading-worker-0/DEBUG] [net.neoforged.fml.javafmlmod.AutomaticEventSubscriber/LOADING]: Subscribing method public static void net.bettercombat.neoforge.client.NeoForgeClientMod.onRegisterParticleProviders(net.neoforged.neoforge.client.event.RegisterParticleProvidersEvent) to the event bus of mod bettercombat
[25Jul2026 23:47:29.118] [modloading-worker-0/DEBUG] [net.neoforged.fml.javafmlmod.AutomaticEventSubscriber/LOADING]: Subscribing method public static void net.bettercombat.neoforge.client.NeoForgeClientMod.onClientSetup(net.neoforged.fml.event.lifecycle.FMLClientSetupEvent) to the event bus of mod bettercombat
[25Jul2026 23:47:29.118] [modloading-worker-0/DEBUG] [net.neoforged.fml.javafmlmod.AutomaticEventSubscriber/LOADING]: Scanning class net.bettercombat.neoforge.network.NetworkEvents for @SubscribeEvent-annotated methods
[25Jul2026 23:47:29.120] [modloading-worker-0/DEBUG] [net.neoforged.fml.config.ConfigTracker/CONFIG]: Config file neoforge-client.toml for neoforge tracking
[25Jul2026 23:47:29.121] [modloading-worker-0/DEBUG] [net.neoforged.fml.javafmlmod.AutomaticEventSubscriber/LOADING]: Subscribing method public static void net.bettercombat.neoforge.network.NetworkEvents.register(net.neoforged.neoforge.network.event.RegisterPayloadHandlersEvent) to the event bus of mod bettercombat
[25Jul2026 23:47:29.121] [modloading-worker-0/DEBUG] [net.neoforged.fml.javafmlmod.AutomaticEventSubscriber/LOADING]: Subscribing method public static void net.bettercombat.neoforge.network.NetworkEvents.register(net.neoforged.neoforge.network.event.RegisterConfigurationTasksEvent) to the event bus of mod bettercombat
[25Jul2026 23:47:29.122] [modloading-worker-0/DEBUG] [net.neoforged.fml.config.ConfigTracker/CONFIG]: Config file fweapons-client.toml for fweapons tracking
[25Jul2026 23:47:29.134] [modloading-worker-0/DEBUG] [net.neoforged.fml.javafmlmod.AutomaticEventSubscriber/LOADING]: Attempting to inject @EventBusSubscriber classes into the eventbus for neoforge
[25Jul2026 23:47:29.134] [modloading-worker-0/DEBUG] [net.neoforged.fml.javafmlmod.AutomaticEventSubscriber/LOADING]: Scanning class net.neoforged.neoforge.attachment.AttachmentInternals for @SubscribeEvent-annotated methods
[25Jul2026 23:47:29.134] [modloading-worker-0/DEBUG] [net.neoforged.fml.javafmlmod.AutomaticEventSubscriber/LOADING]: Subscribing method public static void net.neoforged.neoforge.attachment.AttachmentInternals.onLivingConvert(net.neoforged.neoforge.event.entity.living.LivingConversionEvent$Post) to the game event bus
[25Jul2026 23:47:29.135] [modloading-worker-0/DEBUG] [net.neoforged.fml.javafmlmod.AutomaticEventSubscriber/LOADING]: Subscribing method public static void net.neoforged.neoforge.attachment.AttachmentInternals.onPlayerClone(net.neoforged.neoforge.event.entity.player.PlayerEvent$Clone) to the game event bus
[25Jul2026 23:47:29.135] [modloading-worker-0/DEBUG] [net.neoforged.fml.javafmlmod.AutomaticEventSubscriber/LOADING]: Scanning class net.neoforged.neoforge.attachment.AttachmentSync for @SubscribeEvent-annotated methods
[25Jul2026 23:47:29.137] [modloading-worker-0/DEBUG] [net.neoforged.fml.javafmlmod.AutomaticEventSubscriber/LOADING]: Subscribing method public static void net.neoforged.neoforge.attachment.AttachmentSync.onChunkSent(net.neoforged.neoforge.event.level.ChunkWatchEvent$Sent) to the game event bus
[25Jul2026 23:47:29.137] [modloading-worker-0/DEBUG] [net.neoforged.fml.javafmlmod.AutomaticEventSubscriber/LOADING]: Scanning class net.neoforged.neoforge.client.BlockEntityRenderBoundsDebugRenderer for @SubscribeEvent-annotated methods
[25Jul2026 23:47:29.138] [modloading-worker-0/DEBUG] [net.neoforged.fml.javafmlmod.AutomaticEventSubscriber/LOADING]: Subscribing method public static void net.neoforged.neoforge.client.BlockEntityRenderBoundsDebugRenderer.onExtractLevelRenderState(net.neoforged.neoforge.client.event.ExtractLevelRenderStateEvent) to the game event bus
[25Jul2026 23:47:29.139] [modloading-worker-0/DEBUG] [net.neoforged.fml.javafmlmod.AutomaticEventSubscriber/LOADING]: Subscribing method public static void net.neoforged.neoforge.client.BlockEntityRenderBoundsDebugRenderer.onRenderLevelStage(net.neoforged.neoforge.client.event.RenderLevelStageEvent$AfterEntities) to the game event bus
[25Jul2026 23:47:29.139] [modloading-worker-0/DEBUG] [net.neoforged.fml.javafmlmod.AutomaticEventSubscriber/LOADING]: Subscribing method public static void net.neoforged.neoforge.client.BlockEntityRenderBoundsDebugRenderer.onRegisterClientCommands(net.neoforged.neoforge.client.event.RegisterClientCommandsEvent) to the game event bus
[25Jul2026 23:47:29.139] [modloading-worker-0/DEBUG] [net.neoforged.fml.javafmlmod.AutomaticEventSubscriber/LOADING]: Scanning class net.neoforged.neoforge.client.NeoForgeRenderPipelines for @SubscribeEvent-annotated methods
[25Jul2026 23:47:29.141] [modloading-worker-0/DEBUG] [net.neoforged.fml.javafmlmod.AutomaticEventSubscriber/LOADING]: Attempting to inject @EventBusSubscriber classes into the eventbus for fweapons
[25Jul2026 23:47:29.149] [modloading-worker-0/DEBUG] [net.neoforged.fml.javafmlmod.AutomaticEventSubscriber/LOADING]: Subscribing method static void net.neoforged.neoforge.client.NeoForgeRenderPipelines.registerPipelines(net.neoforged.neoforge.client.event.RegisterRenderPipelinesEvent) to the event bus of mod neoforge
[25Jul2026 23:47:29.149] [modloading-worker-0/DEBUG] [net.neoforged.fml.javafmlmod.AutomaticEventSubscriber/LOADING]: Scanning class net.neoforged.neoforge.client.network.ClientPayloadHandler for @SubscribeEvent-annotated methods
[25Jul2026 23:47:29.152] [modloading-worker-0/DEBUG] [mixin/]: Mixing client.MinecraftClientAccessor from bettercombat.mixins.json into net.minecraft.client.Minecraft
[25Jul2026 23:47:29.153] [modloading-worker-0/DEBUG] [mixin/]: Mixing client.MinecraftClientInject from bettercombat.mixins.json into net.minecraft.client.Minecraft
[25Jul2026 23:47:29.154] [modloading-worker-0/DEBUG] [mixin/]: Renaming synthetic method lambda$performAttack$1(Lnet/bettercombat/api/AttackHand;Ljava/util/List;Lnet/minecraft/world/entity/Entity;Lnet/bettercombat/api/client/BetterCombatClientEvents$PlayerAttackHit;)V to md6f6e06$bettercombat$lambda$performAttack$1$0 in bettercombat.mixins.json:client.MinecraftClientInject from mod bettercombat
[25Jul2026 23:47:29.155] [modloading-worker-0/DEBUG] [mixin/]: Renaming synthetic method lambda$startUpswing$0(Lnet/bettercombat/api/AttackHand;Lnet/bettercombat/api/client/BetterCombatClientEvents$PlayerAttackStart;)V to md6f6e06$bettercombat$lambda$startUpswing$0$1 in bettercombat.mixins.json:client.MinecraftClientInject from mod bettercombat
[25Jul2026 23:47:29.168] [modloading-worker-0/DEBUG] [mixin/]: bettercombat.mixins.json:client.MinecraftClientInject from mod bettercombat->@Inject::disconnect_TAIL(Lorg/spongepowered/asm/mixin/injection/callback/CallbackInfo;)V doesn't use it's CallbackInfo
[25Jul2026 23:47:29.168] [modloading-worker-0/DEBUG] [mixin/]: bettercombat.mixins.json:client.MinecraftClientInject from mod bettercombat->@Inject::disconnect_TAIL(Lorg/spongepowered/asm/mixin/injection/callback/CallbackInfo;)V has 0 override(s) in child classes
[25Jul2026 23:47:29.168] [modloading-worker-0/DEBUG] [mixin/]: bettercombat.mixins.json:client.MinecraftClientInject from mod bettercombat->@Inject::disconnect_TAIL(Lorg/spongepowered/asm/mixin/injection/callback/CallbackInfo;)V won't be passed a CallbackInfo as a result
[25Jul2026 23:47:29.168] [modloading-worker-0/DEBUG] [mixin/]: bettercombat.mixins.json:client.MinecraftClientInject from mod bettercombat->@Inject::pre_doAttack(Lorg/spongepowered/asm/mixin/injection/callback/CallbackInfoReturnable;)V does use it's CallbackInfoReturnable
[25Jul2026 23:47:29.168] [modloading-worker-0/DEBUG] [mixin/]: bettercombat.mixins.json:client.MinecraftClientInject from mod bettercombat->@Inject::pre_handleBlockBreaking(ZLorg/spongepowered/asm/mixin/injection/callback/CallbackInfo;)V does use it's CallbackInfo
[25Jul2026 23:47:29.168] [modloading-worker-0/DEBUG] [mixin/]: bettercombat.mixins.json:client.MinecraftClientInject from mod bettercombat->@Inject::pre_doItemUse(Lorg/spongepowered/asm/mixin/injection/callback/CallbackInfo;)V does use it's CallbackInfo
[25Jul2026 23:47:29.168] [modloading-worker-0/DEBUG] [mixin/]: bettercombat.mixins.json:client.MinecraftClientInject from mod bettercombat->@Inject::pre_Tick(Lorg/spongepowered/asm/mixin/injection/callback/CallbackInfo;)V doesn't use it's CallbackInfo
[25Jul2026 23:47:29.168] [modloading-worker-0/DEBUG] [mixin/]: bettercombat.mixins.json:client.MinecraftClientInject from mod bettercombat->@Inject::pre_Tick(Lorg/spongepowered/asm/mixin/injection/callback/CallbackInfo;)V has 0 override(s) in child classes
[25Jul2026 23:47:29.169] [modloading-worker-0/DEBUG] [mixin/]: bettercombat.mixins.json:client.MinecraftClientInject from mod bettercombat->@Inject::pre_Tick(Lorg/spongepowered/asm/mixin/injection/callback/CallbackInfo;)V won't be passed a CallbackInfo as a result
[25Jul2026 23:47:29.169] [modloading-worker-0/DEBUG] [mixin/]: bettercombat.mixins.json:client.MinecraftClientInject from mod bettercombat->@Inject::post_Tick(Lorg/spongepowered/asm/mixin/injection/callback/CallbackInfo;)V doesn't use it's CallbackInfo
[25Jul2026 23:47:29.169] [modloading-worker-0/DEBUG] [mixin/]: bettercombat.mixins.json:client.MinecraftClientInject from mod bettercombat->@Inject::post_Tick(Lorg/spongepowered/asm/mixin/injection/callback/CallbackInfo;)V has 0 override(s) in child classes
[25Jul2026 23:47:29.169] [modloading-worker-0/DEBUG] [mixin/]: bettercombat.mixins.json:client.MinecraftClientInject from mod bettercombat->@Inject::post_Tick(Lorg/spongepowered/asm/mixin/injection/callback/CallbackInfo;)V won't be passed a CallbackInfo as a result
[25Jul2026 23:47:29.179] [modloading-worker-0/DEBUG] [net.neoforged.fml.javafmlmod.AutomaticEventSubscriber/LOADING]: Subscribing method private static void net.neoforged.neoforge.client.network.ClientPayloadHandler.register(net.neoforged.neoforge.client.network.event.RegisterClientPayloadHandlersEvent) to the event bus of mod neoforge
[25Jul2026 23:47:29.179] [modloading-worker-0/DEBUG] [net.neoforged.fml.javafmlmod.AutomaticEventSubscriber/LOADING]: Scanning class net.neoforged.neoforge.common.MonsterRoomHooks for @SubscribeEvent-annotated methods
[25Jul2026 23:47:29.180] [modloading-worker-0/DEBUG] [net.neoforged.fml.javafmlmod.AutomaticEventSubscriber/LOADING]: Subscribing method public static void net.neoforged.neoforge.common.MonsterRoomHooks.onDataMapsUpdated(net.neoforged.neoforge.registries.datamaps.DataMapsUpdatedEvent) to the game event bus
[25Jul2026 23:47:29.180] [modloading-worker-0/DEBUG] [net.neoforged.fml.javafmlmod.AutomaticEventSubscriber/LOADING]: Scanning class net.neoforged.neoforge.model.data.ModelDataManager for @SubscribeEvent-annotated methods
[25Jul2026 23:47:29.181] [modloading-worker-0/DEBUG] [net.neoforged.fml.javafmlmod.AutomaticEventSubscriber/LOADING]: Subscribing method public static void net.neoforged.neoforge.model.data.ModelDataManager.onChunkUnload(net.neoforged.neoforge.event.level.ChunkEvent$Unload) to the game event bus
[25Jul2026 23:47:29.181] [modloading-worker-0/DEBUG] [net.neoforged.fml.javafmlmod.AutomaticEventSubscriber/LOADING]: Scanning class net.neoforged.neoforge.network.ConfigurationInitialization for @SubscribeEvent-annotated methods
[25Jul2026 23:47:29.183] [modloading-worker-0/DEBUG] [net.neoforged.fml.javafmlmod.AutomaticEventSubscriber/LOADING]: Subscribing method private static void net.neoforged.neoforge.network.ConfigurationInitialization.configureModdedClient(net.neoforged.neoforge.network.event.RegisterConfigurationTasksEvent) to the event bus of mod neoforge
[25Jul2026 23:47:29.183] [modloading-worker-0/DEBUG] [net.neoforged.fml.javafmlmod.AutomaticEventSubscriber/LOADING]: Scanning class net.neoforged.neoforge.network.NetworkInitialization for @SubscribeEvent-annotated methods
[25Jul2026 23:47:29.183] [modloading-worker-0/DEBUG] [net.neoforged.fml.javafmlmod.AutomaticEventSubscriber/LOADING]: Subscribing method private static void net.neoforged.neoforge.network.NetworkInitialization.register(net.neoforged.neoforge.network.event.RegisterPayloadHandlersEvent) to the event bus of mod neoforge
[25Jul2026 23:47:29.183] [modloading-worker-0/DEBUG] [net.neoforged.fml.javafmlmod.AutomaticEventSubscriber/LOADING]: Scanning class net.neoforged.neoforge.network.filters.GenericPacketSplitter for @SubscribeEvent-annotated methods
[25Jul2026 23:47:29.197] [modloading-worker-0/DEBUG] [io.netty.buffer.AbstractByteBuf/]: -Dio.netty.buffer.checkAccessible: true
[25Jul2026 23:47:29.197] [modloading-worker-0/DEBUG] [io.netty.buffer.AbstractByteBuf/]: -Dio.netty.buffer.checkBounds: true
[25Jul2026 23:47:29.197] [modloading-worker-0/DEBUG] [io.netty.util.ResourceLeakDetectorFactory/]: Loaded default ResourceLeakDetector: io.netty.util.ResourceLeakDetector@72b31886
[25Jul2026 23:47:29.201] [modloading-worker-0/DEBUG] [io.netty.util.internal.InternalThreadLocalMap/]: -Dio.netty.threadLocalMap.stringBuilder.initialSize: 1024
[25Jul2026 23:47:29.201] [modloading-worker-0/DEBUG] [io.netty.util.internal.InternalThreadLocalMap/]: -Dio.netty.threadLocalMap.stringBuilder.maxSize: 4096
[25Jul2026 23:47:29.202] [modloading-worker-0/DEBUG] [io.netty.buffer.PooledByteBufAllocator/]: -Dio.netty.allocator.numHeapArenas: 48
[25Jul2026 23:47:29.202] [modloading-worker-0/DEBUG] [io.netty.buffer.PooledByteBufAllocator/]: -Dio.netty.allocator.numDirectArenas: 48
[25Jul2026 23:47:29.202] [modloading-worker-0/DEBUG] [io.netty.buffer.PooledByteBufAllocator/]: -Dio.netty.allocator.pageSize: 8192
[25Jul2026 23:47:29.203] [modloading-worker-0/DEBUG] [io.netty.buffer.PooledByteBufAllocator/]: -Dio.netty.allocator.maxOrder: 9
[25Jul2026 23:47:29.203] [modloading-worker-0/DEBUG] [io.netty.buffer.PooledByteBufAllocator/]: -Dio.netty.allocator.chunkSize: 4194304
[25Jul2026 23:47:29.203] [modloading-worker-0/DEBUG] [io.netty.buffer.PooledByteBufAllocator/]: -Dio.netty.allocator.smallCacheSize: 256
[25Jul2026 23:47:29.203] [modloading-worker-0/DEBUG] [io.netty.buffer.PooledByteBufAllocator/]: -Dio.netty.allocator.normalCacheSize: 64
[25Jul2026 23:47:29.203] [modloading-worker-0/DEBUG] [io.netty.buffer.PooledByteBufAllocator/]: -Dio.netty.allocator.maxCachedBufferCapacity: 32768
[25Jul2026 23:47:29.203] [modloading-worker-0/DEBUG] [io.netty.buffer.PooledByteBufAllocator/]: -Dio.netty.allocator.cacheTrimInterval: 8192
[25Jul2026 23:47:29.203] [modloading-worker-0/DEBUG] [io.netty.buffer.PooledByteBufAllocator/]: -Dio.netty.allocator.cacheTrimIntervalMillis: 0
[25Jul2026 23:47:29.203] [modloading-worker-0/DEBUG] [io.netty.buffer.PooledByteBufAllocator/]: -Dio.netty.allocator.useCacheForAllThreads: false
[25Jul2026 23:47:29.203] [modloading-worker-0/DEBUG] [io.netty.buffer.PooledByteBufAllocator/]: -Dio.netty.allocator.maxCachedByteBuffersPerChunk: 1023
[25Jul2026 23:47:29.203] [modloading-worker-0/DEBUG] [io.netty.buffer.PooledByteBufAllocator/]: -Dio.netty.allocator.disableCacheFinalizersForFastThreadLocalThreads: false
[25Jul2026 23:47:29.207] [modloading-worker-0/DEBUG] [io.netty.buffer.ByteBufUtil/]: -Dio.netty.allocator.type: pooled
[25Jul2026 23:47:29.207] [modloading-worker-0/DEBUG] [io.netty.buffer.ByteBufUtil/]: -Dio.netty.threadLocalDirectBufferSize: 0
[25Jul2026 23:47:29.207] [modloading-worker-0/DEBUG] [io.netty.buffer.ByteBufUtil/]: -Dio.netty.maxThreadLocalCharBufferSize: 16384
[25Jul2026 23:47:29.210] [modloading-worker-0/DEBUG] [net.neoforged.fml.javafmlmod.AutomaticEventSubscriber/LOADING]: Subscribing method private static void net.neoforged.neoforge.network.filters.GenericPacketSplitter.register(net.neoforged.neoforge.network.event.RegisterPayloadHandlersEvent) to the event bus of mod neoforge
[25Jul2026 23:47:29.319] [modloading-sync-worker/DEBUG] [net.neoforged.fml.config.ConfigTracker/CONFIG]: Loading configs type CLIENT
[25Jul2026 23:47:29.325] [modloading-sync-worker/DEBUG] [net.neoforged.neoforge.common.NeoForgeMod/FORGEMOD]: Loaded NeoForge config file neoforge-client.toml
[25Jul2026 23:47:29.326] [modloading-sync-worker/DEBUG] [net.neoforged.fml.config.ConfigTracker/CONFIG]: Loaded TOML config file /home/fiverka/Projects/fiverkas-weapons-1.21.5-1.21.11/runs/client/config/neoforge-client.toml
[25Jul2026 23:47:29.329] [modloading-sync-worker/DEBUG] [net.neoforged.fml.config.ConfigTracker/CONFIG]: Watching TOML config file /home/fiverka/Projects/fiverkas-weapons-1.21.5-1.21.11/runs/client/config/neoforge-client.toml for changes
[25Jul2026 23:47:29.329] [modloading-sync-worker/DEBUG] [net.neoforged.fml.config.ConfigTracker/CONFIG]: Loaded TOML config file /home/fiverka/Projects/fiverkas-weapons-1.21.5-1.21.11/runs/client/config/fweapons-client.toml
[25Jul2026 23:47:29.329] [modloading-sync-worker/DEBUG] [net.neoforged.fml.config.ConfigTracker/CONFIG]: Watching TOML config file /home/fiverka/Projects/fiverkas-weapons-1.21.5-1.21.11/runs/client/config/fweapons-client.toml for changes
[25Jul2026 23:47:29.329] [modloading-sync-worker/DEBUG] [net.neoforged.fml.config.ConfigTracker/CONFIG]: Loading configs type COMMON
[25Jul2026 23:47:29.330] [modloading-sync-worker/DEBUG] [net.neoforged.neoforge.common.NeoForgeMod/FORGEMOD]: Loaded NeoForge config file neoforge-common.toml
[25Jul2026 23:47:29.330] [modloading-sync-worker/DEBUG] [net.neoforged.fml.config.ConfigTracker/CONFIG]: Loaded TOML config file /home/fiverka/Projects/fiverkas-weapons-1.21.5-1.21.11/runs/client/config/neoforge-common.toml
[25Jul2026 23:47:29.330] [modloading-sync-worker/DEBUG] [net.neoforged.fml.config.ConfigTracker/CONFIG]: Watching TOML config file /home/fiverka/Projects/fiverkas-weapons-1.21.5-1.21.11/runs/client/config/neoforge-common.toml for changes
[25Jul2026 23:47:29.452] [Render thread/INFO] [com.mojang.authlib.yggdrasil.YggdrasilAuthenticationService/]: Environment: Environment[sessionHost=https://sessionserver.mojang.com, servicesHost=https://api.minecraftservices.com, profilesHost=https://api.mojang.com, name=PROD]
[25Jul2026 23:47:29.465] [Render thread/INFO] [net.minecraft.client.Minecraft/]: Setting user: Dev
[25Jul2026 23:47:29.534] [Render thread/INFO] [net.minecraft.client.Minecraft/]: Backend library: LWJGL version 3.3.3+5
[25Jul2026 23:47:29.579] [Render thread/DEBUG] [oshi.util.FileUtil/]: Reading file /sys/devices/system/cpu/cpu0/topology/core_id
[25Jul2026 23:47:29.579] [Render thread/DEBUG] [oshi.util.FileUtil/]: Reading file /sys/devices/system/cpu/cpu0/topology/core_id
[25Jul2026 23:47:29.579] [Render thread/DEBUG] [oshi.util.FileUtil/]: Reading file /sys/devices/system/cpu/cpu0/topology/physical_package_id
[25Jul2026 23:47:29.579] [Render thread/DEBUG] [oshi.util.FileUtil/]: Reading file /sys/devices/system/cpu/cpu0/topology/physical_package_id
[25Jul2026 23:47:29.579] [Render thread/DEBUG] [oshi.util.FileUtil/]: Reading file /sys/devices/system/cpu/cpu0/cpu_capacity
[25Jul2026 23:47:29.579] [Render thread/DEBUG] [oshi.util.FileUtil/]: Reading file /sys/devices/system/cpu/cpu0/cpu_capacity
[25Jul2026 23:47:29.579] [Render thread/DEBUG] [oshi.util.FileUtil/]: Reading file /sys/devices/system/cpu/cpu0/cache/index2/level
[25Jul2026 23:47:29.579] [Render thread/DEBUG] [oshi.util.FileUtil/]: Reading file /sys/devices/system/cpu/cpu0/cache/index2/level
[25Jul2026 23:47:29.579] [Render thread/DEBUG] [oshi.util.FileUtil/]: Reading file /sys/devices/system/cpu/cpu0/cache/index2/type
[25Jul2026 23:47:29.579] [Render thread/DEBUG] [oshi.util.FileUtil/]: Reading file /sys/devices/system/cpu/cpu0/cache/index2/type
[25Jul2026 23:47:29.580] [Render thread/DEBUG] [oshi.util.FileUtil/]: Reading file /sys/devices/system/cpu/cpu0/cache/index2/ways_of_associativity
[25Jul2026 23:47:29.580] [Render thread/DEBUG] [oshi.util.FileUtil/]: Reading file /sys/devices/system/cpu/cpu0/cache/index2/ways_of_associativity
[25Jul2026 23:47:29.580] [Render thread/DEBUG] [oshi.util.FileUtil/]: Reading file /sys/devices/system/cpu/cpu0/cache/index2/coherency_line_size
[25Jul2026 23:47:29.580] [Render thread/DEBUG] [oshi.util.FileUtil/]: Reading file /sys/devices/system/cpu/cpu0/cache/index2/coherency_line_size
[25Jul2026 23:47:29.580] [Render thread/DEBUG] [oshi.util.FileUtil/]: Reading file /sys/devices/system/cpu/cpu0/cache/index2/size
[25Jul2026 23:47:29.580] [Render thread/DEBUG] [oshi.util.FileUtil/]: Reading file /sys/devices/system/cpu/cpu0/cache/index2/size
[25Jul2026 23:47:29.580] [Render thread/DEBUG] [oshi.util.FileUtil/]: Reading file /sys/devices/system/cpu/cpu0/cache/index0/level
[25Jul2026 23:47:29.580] [Render thread/DEBUG] [oshi.util.FileUtil/]: Reading file /sys/devices/system/cpu/cpu0/cache/index0/level
[25Jul2026 23:47:29.580] [Render thread/DEBUG] [oshi.util.FileUtil/]: Reading file /sys/devices/system/cpu/cpu0/cache/index0/type
[25Jul2026 23:47:29.580] [Render thread/DEBUG] [oshi.util.FileUtil/]: Reading file /sys/devices/system/cpu/cpu0/cache/index0/type
[25Jul2026 23:47:29.580] [Render thread/DEBUG] [oshi.util.FileUtil/]: Reading file /sys/devices/system/cpu/cpu0/cache/index0/ways_of_associativity
[25Jul2026 23:47:29.580] [Render thread/DEBUG] [oshi.util.FileUtil/]: Reading file /sys/devices/system/cpu/cpu0/cache/index0/ways_of_associativity
[25Jul2026 23:47:29.580] [Render thread/DEBUG] [oshi.util.FileUtil/]: Reading file /sys/devices/system/cpu/cpu0/cache/index0/coherency_line_size
[25Jul2026 23:47:29.580] [Render thread/DEBUG] [oshi.util.FileUtil/]: Reading file /sys/devices/system/cpu/cpu0/cache/index0/coherency_line_size
[25Jul2026 23:47:29.580] [Render thread/DEBUG] [oshi.util.FileUtil/]: Reading file /sys/devices/system/cpu/cpu0/cache/index0/size
[25Jul2026 23:47:29.580] [Render thread/DEBUG] [oshi.util.FileUtil/]: Reading file /sys/devices/system/cpu/cpu0/cache/index0/size
[25Jul2026 23:47:29.581] [Render thread/DEBUG] [oshi.util.FileUtil/]: Reading file /sys/devices/system/cpu/cpu0/cache/index3/level
[25Jul2026 23:47:29.581] [Render thread/DEBUG] [oshi.util.FileUtil/]: Reading file /sys/devices/system/cpu/cpu0/cache/index3/level
[25Jul2026 23:47:29.581] [Render thread/DEBUG] [oshi.util.FileUtil/]: Reading file /sys/devices/system/cpu/cpu0/cache/index3/type
[25Jul2026 23:47:29.581] [Render thread/DEBUG] [oshi.util.FileUtil/]: Reading file /sys/devices/system/cpu/cpu0/cache/index3/type
[25Jul2026 23:47:29.581] [Render thread/DEBUG] [oshi.util.FileUtil/]: Reading file /sys/devices/system/cpu/cpu0/cache/index3/ways_of_associativity
[25Jul2026 23:47:29.581] [Render thread/DEBUG] [oshi.util.FileUtil/]: Reading file /sys/devices/system/cpu/cpu0/cache/index3/ways_of_associativity
[25Jul2026 23:47:29.581] [Render thread/DEBUG] [oshi.util.FileUtil/]: Reading file /sys/devices/system/cpu/cpu0/cache/index3/coherency_line_size
[25Jul2026 23:47:29.581] [Render thread/DEBUG] [oshi.util.FileUtil/]: Reading file /sys/devices/system/cpu/cpu0/cache/index3/coherency_line_size
[25Jul2026 23:47:29.581] [Render thread/DEBUG] [oshi.util.FileUtil/]: Reading file /sys/devices/system/cpu/cpu0/cache/index3/size
[25Jul2026 23:47:29.581] [Render thread/DEBUG] [oshi.util.FileUtil/]: Reading file /sys/devices/system/cpu/cpu0/cache/index3/size
[25Jul2026 23:47:29.581] [Render thread/DEBUG] [oshi.util.FileUtil/]: Reading file /sys/devices/system/cpu/cpu0/cache/index1/level
[25Jul2026 23:47:29.581] [Render thread/DEBUG] [oshi.util.FileUtil/]: Reading file /sys/devices/system/cpu/cpu0/cache/index1/level
[25Jul2026 23:47:29.581] [Render thread/DEBUG] [oshi.util.FileUtil/]: Reading file /sys/devices/system/cpu/cpu0/cache/index1/type
[25Jul2026 23:47:29.581] [Render thread/DEBUG] [oshi.util.FileUtil/]: Reading file /sys/devices/system/cpu/cpu0/cache/index1/type
[25Jul2026 23:47:29.581] [Render thread/DEBUG] [oshi.util.FileUtil/]: Reading file /sys/devices/system/cpu/cpu0/cache/index1/ways_of_associativity
[25Jul2026 23:47:29.581] [Render thread/DEBUG] [oshi.util.FileUtil/]: Reading file /sys/devices/system/cpu/cpu0/cache/index1/ways_of_associativity
[25Jul2026 23:47:29.581] [Render thread/DEBUG] [oshi.util.FileUtil/]: Reading file /sys/devices/system/cpu/cpu0/cache/index1/coherency_line_size
[25Jul2026 23:47:29.581] [Render thread/DEBUG] [oshi.util.FileUtil/]: Reading file /sys/devices/system/cpu/cpu0/cache/index1/coherency_line_size
[25Jul2026 23:47:29.581] [Render thread/DEBUG] [oshi.util.FileUtil/]: Reading file /sys/devices/system/cpu/cpu0/cache/index1/size
[25Jul2026 23:47:29.581] [Render thread/DEBUG] [oshi.util.FileUtil/]: Reading file /sys/devices/system/cpu/cpu0/cache/index1/size
[25Jul2026 23:47:29.581] [Render thread/DEBUG] [oshi.util.FileUtil/]: Reading file /sys/devices/system/cpu/cpu1/topology/core_id
[25Jul2026 23:47:29.581] [Render thread/DEBUG] [oshi.util.FileUtil/]: Reading file /sys/devices/system/cpu/cpu1/topology/core_id
[25Jul2026 23:47:29.582] [Render thread/DEBUG] [oshi.util.FileUtil/]: Reading file /sys/devices/system/cpu/cpu1/topology/physical_package_id
[25Jul2026 23:47:29.582] [Render thread/DEBUG] [oshi.util.FileUtil/]: Reading file /sys/devices/system/cpu/cpu1/topology/physical_package_id
[25Jul2026 23:47:29.582] [Render thread/DEBUG] [oshi.util.FileUtil/]: Reading file /sys/devices/system/cpu/cpu1/cpu_capacity
[25Jul2026 23:47:29.582] [Render thread/DEBUG] [oshi.util.FileUtil/]: Reading file /sys/devices/system/cpu/cpu1/cpu_capacity
[25Jul2026 23:47:29.582] [Render thread/DEBUG] [oshi.util.FileUtil/]: Reading file /sys/devices/system/cpu/cpu1/cache/index2/level
[25Jul2026 23:47:29.582] [Render thread/DEBUG] [oshi.util.FileUtil/]: Reading file /sys/devices/system/cpu/cpu1/cache/index2/level
[25Jul2026 23:47:29.582] [Render thread/DEBUG] [oshi.util.FileUtil/]: Reading file /sys/devices/system/cpu/cpu1/cache/index2/type
[25Jul2026 23:47:29.582] [Render thread/DEBUG] [oshi.util.FileUtil/]: Reading file /sys/devices/system/cpu/cpu1/cache/index2/type
[25Jul2026 23:47:29.582] [Render thread/DEBUG] [oshi.util.FileUtil/]: Reading file /sys/devices/system/cpu/cpu1/cache/index2/ways_of_associativity
[25Jul2026 23:47:29.582] [Render thread/DEBUG] [oshi.util.FileUtil/]: Reading file /sys/devices/system/cpu/cpu1/cache/index2/ways_of_associativity
[25Jul2026 23:47:29.582] [Render thread/DEBUG] [oshi.util.FileUtil/]: Reading file /sys/devices/system/cpu/cpu1/cache/index2/coherency_line_size
[25Jul2026 23:47:29.582] [Render thread/DEBUG] [oshi.util.FileUtil/]: Reading file /sys/devices/system/cpu/cpu1/cache/index2/coherency_line_size
[25Jul2026 23:47:29.582] [Render thread/DEBUG] [oshi.util.FileUtil/]: Reading file /sys/devices/system/cpu/cpu1/cache/index2/size
[25Jul2026 23:47:29.582] [Render thread/DEBUG] [oshi.util.FileUtil/]: Reading file /sys/devices/system/cpu/cpu1/cache/index2/size
[25Jul2026 23:47:29.582] [Render thread/DEBUG] [oshi.util.FileUtil/]: Reading file /sys/devices/system/cpu/cpu1/cache/index0/level
[25Jul2026 23:47:29.582] [Render thread/DEBUG] [oshi.util.FileUtil/]: Reading file /sys/devices/system/cpu/cpu1/cache/index0/level
[25Jul2026 23:47:29.582] [Render thread/DEBUG] [oshi.util.FileUtil/]: Reading file /sys/devices/system/cpu/cpu1/cache/index0/type
[25Jul2026 23:47:29.582] [Render thread/DEBUG] [oshi.util.FileUtil/]: Reading file /sys/devices/system/cpu/cpu1/cache/index0/type
[25Jul2026 23:47:29.582] [Render thread/DEBUG] [oshi.util.FileUtil/]: Reading file /sys/devices/system/cpu/cpu1/cache/index0/ways_of_associativity
[25Jul2026 23:47:29.582] [Render thread/DEBUG] [oshi.util.FileUtil/]: Reading file /sys/devices/system/cpu/cpu1/cache/index0/ways_of_associativity
[25Jul2026 23:47:29.582] [Render thread/DEBUG] [oshi.util.FileUtil/]: Reading file /sys/devices/system/cpu/cpu1/cache/index0/coherency_line_size
[25Jul2026 23:47:29.582] [Render thread/DEBUG] [oshi.util.FileUtil/]: Reading file /sys/devices/system/cpu/cpu1/cache/index0/coherency_line_size
[25Jul2026 23:47:29.582] [Render thread/DEBUG] [oshi.util.FileUtil/]: Reading file /sys/devices/system/cpu/cpu1/cache/index0/size
[25Jul2026 23:47:29.582] [Render thread/DEBUG] [oshi.util.FileUtil/]: Reading file /sys/devices/system/cpu/cpu1/cache/index0/size
[25Jul2026 23:47:29.583] [Render thread/DEBUG] [oshi.util.FileUtil/]: Reading file /sys/devices/system/cpu/cpu1/cache/index3/level
[25Jul2026 23:47:29.583] [Render thread/DEBUG] [oshi.util.FileUtil/]: Reading file /sys/devices/system/cpu/cpu1/cache/index3/level
[25Jul2026 23:47:29.583] [Render thread/DEBUG] [oshi.util.FileUtil/]: Reading file /sys/devices/system/cpu/cpu1/cache/index3/type
[25Jul2026 23:47:29.583] [Render thread/DEBUG] [oshi.util.FileUtil/]: Reading file /sys/devices/system/cpu/cpu1/cache/index3/type
[25Jul2026 23:47:29.583] [Render thread/DEBUG] [oshi.util.FileUtil/]: Reading file /sys/devices/system/cpu/cpu1/cache/index3/ways_of_associativity
[25Jul2026 23:47:29.583] [Render thread/DEBUG] [oshi.util.FileUtil/]: Reading file /sys/devices/system/cpu/cpu1/cache/index3/ways_of_associativity
[25Jul2026 23:47:29.583] [Render thread/DEBUG] [oshi.util.FileUtil/]: Reading file /sys/devices/system/cpu/cpu1/cache/index3/coherency_line_size
[25Jul2026 23:47:29.583] [Render thread/DEBUG] [oshi.util.FileUtil/]: Reading file /sys/devices/system/cpu/cpu1/cache/index3/coherency_line_size
[25Jul2026 23:47:29.583] [Render thread/DEBUG] [oshi.util.FileUtil/]: Reading file /sys/devices/system/cpu/cpu1/cache/index3/size
[25Jul2026 23:47:29.583] [Render thread/DEBUG] [oshi.util.FileUtil/]: Reading file /sys/devices/system/cpu/cpu1/cache/index3/size
[25Jul2026 23:47:29.583] [Render thread/DEBUG] [oshi.util.FileUtil/]: Reading file /sys/devices/system/cpu/cpu1/cache/index1/level
[25Jul2026 23:47:29.583] [Render thread/DEBUG] [oshi.util.FileUtil/]: Reading file /sys/devices/system/cpu/cpu1/cache/index1/level
[25Jul2026 23:47:29.583] [Render thread/DEBUG] [oshi.util.FileUtil/]: Reading file /sys/devices/system/cpu/cpu1/cache/index1/type
[25Jul2026 23:47:29.583] [Render thread/DEBUG] [oshi.util.FileUtil/]: Reading file /sys/devices/system/cpu/cpu1/cache/index1/type
[25Jul2026 23:47:29.583] [Render thread/DEBUG] [oshi.util.FileUtil/]: Reading file /sys/devices/system/cpu/cpu1/cache/index1/ways_of_associativity
[25Jul2026 23:47:29.583] [Render thread/DEBUG] [oshi.util.FileUtil/]: Reading file /sys/devices/system/cpu/cpu1/cache/index1/ways_of_associativity
[25Jul2026 23:47:29.583] [Render thread/DEBUG] [oshi.util.FileUtil/]: Reading file /sys/devices/system/cpu/cpu1/cache/index1/coherency_line_size
[25Jul2026 23:47:29.583] [Render thread/DEBUG] [oshi.util.FileUtil/]: Reading file /sys/devices/system/cpu/cpu1/cache/index1/coherency_line_size
[25Jul2026 23:47:29.583] [Render thread/DEBUG] [oshi.util.FileUtil/]: Reading file /sys/devices/system/cpu/cpu1/cache/index1/size
[25Jul2026 23:47:29.583] [Render thread/DEBUG] [oshi.util.FileUtil/]: Reading file /sys/devices/system/cpu/cpu1/cache/index1/size
[25Jul2026 23:47:29.583] [Render thread/DEBUG] [oshi.util.FileUtil/]: Reading file /sys/devices/system/cpu/cpu10/topology/core_id
[25Jul2026 23:47:29.583] [Render thread/DEBUG] [oshi.util.FileUtil/]: Reading file /sys/devices/system/cpu/cpu10/topology/core_id
[25Jul2026 23:47:29.583] [Render thread/DEBUG] [oshi.util.FileUtil/]: Reading file /sys/devices/system/cpu/cpu10/topology/physical_package_id
[25Jul2026 23:47:29.583] [Render thread/DEBUG] [oshi.util.FileUtil/]: Reading file /sys/devices/system/cpu/cpu10/topology/physical_package_id
[25Jul2026 23:47:29.584] [Render thread/DEBUG] [oshi.util.FileUtil/]: Reading file /sys/devices/system/cpu/cpu10/cpu_capacity
[25Jul2026 23:47:29.584] [Render thread/DEBUG] [oshi.util.FileUtil/]: Reading file /sys/devices/system/cpu/cpu10/cpu_capacity
[25Jul2026 23:47:29.584] [Render thread/DEBUG] [oshi.util.FileUtil/]: Reading file /sys/devices/system/cpu/cpu10/cache/index2/level
[25Jul2026 23:47:29.584] [Render thread/DEBUG] [oshi.util.FileUtil/]: Reading file /sys/devices/system/cpu/cpu10/cache/index2/level
[25Jul2026 23:47:29.584] [Render thread/DEBUG] [oshi.util.FileUtil/]: Reading file /sys/devices/system/cpu/cpu10/cache/index2/type
[25Jul2026 23:47:29.584] [Render thread/DEBUG] [oshi.util.FileUtil/]: Reading file /sys/devices/system/cpu/cpu10/cache/index2/type
[25Jul2026 23:47:29.584] [Render thread/DEBUG] [oshi.util.FileUtil/]: Reading file /sys/devices/system/cpu/cpu10/cache/index2/ways_of_associativity
[25Jul2026 23:47:29.584] [Render thread/DEBUG] [oshi.util.FileUtil/]: Reading file /sys/devices/system/cpu/cpu10/cache/index2/ways_of_associativity
[25Jul2026 23:47:29.584] [Render thread/DEBUG] [oshi.util.FileUtil/]: Reading file /sys/devices/system/cpu/cpu10/cache/index2/coherency_line_size
[25Jul2026 23:47:29.584] [Render thread/DEBUG] [oshi.util.FileUtil/]: Reading file /sys/devices/system/cpu/cpu10/cache/index2/coherency_line_size
[25Jul2026 23:47:29.584] [Render thread/DEBUG] [oshi.util.FileUtil/]: Reading file /sys/devices/system/cpu/cpu10/cache/index2/size
[25Jul2026 23:47:29.584] [Render thread/DEBUG] [oshi.util.FileUtil/]: Reading file /sys/devices/system/cpu/cpu10/cache/index2/size
[25Jul2026 23:47:29.584] [Render thread/DEBUG] [oshi.util.FileUtil/]: Reading file /sys/devices/system/cpu/cpu10/cache/index0/level
[25Jul2026 23:47:29.584] [Render thread/DEBUG] [oshi.util.FileUtil/]: Reading file /sys/devices/system/cpu/cpu10/cache/index0/level
[25Jul2026 23:47:29.584] [Render thread/DEBUG] [oshi.util.FileUtil/]: Reading file /sys/devices/system/cpu/cpu10/cache/index0/type
[25Jul2026 23:47:29.584] [Render thread/DEBUG] [oshi.util.FileUtil/]: Reading file /sys/devices/system/cpu/cpu10/cache/index0/type
[25Jul2026 23:47:29.584] [Render thread/DEBUG] [oshi.util.FileUtil/]: Reading file /sys/devices/system/cpu/cpu10/cache/index0/ways_of_associativity
[25Jul2026 23:47:29.584] [Render thread/DEBUG] [oshi.util.FileUtil/]: Reading file /sys/devices/system/cpu/cpu10/cache/index0/ways_of_associativity
[25Jul2026 23:47:29.584] [Render thread/DEBUG] [oshi.util.FileUtil/]: Reading file /sys/devices/system/cpu/cpu10/cache/index0/coherency_line_size
[25Jul2026 23:47:29.584] [Render thread/DEBUG] [oshi.util.FileUtil/]: Reading file /sys/devices/system/cpu/cpu10/cache/index0/coherency_line_size
[25Jul2026 23:47:29.584] [Render thread/DEBUG] [oshi.util.FileUtil/]: Reading file /sys/devices/system/cpu/cpu10/cache/index0/size
[25Jul2026 23:47:29.584] [Render thread/DEBUG] [oshi.util.FileUtil/]: Reading file /sys/devices/system/cpu/cpu10/cache/index0/size
[25Jul2026 23:47:29.584] [Render thread/DEBUG] [oshi.util.FileUtil/]: Reading file /sys/devices/system/cpu/cpu10/cache/index3/level
[25Jul2026 23:47:29.585] [Render thread/DEBUG] [oshi.util.FileUtil/]: Reading file /sys/devices/system/cpu/cpu10/cache/index3/level
[25Jul2026 23:47:29.585] [Render thread/DEBUG] [oshi.util.FileUtil/]: Reading file /sys/devices/system/cpu/cpu10/cache/index3/type
[25Jul2026 23:47:29.585] [Render thread/DEBUG] [oshi.util.FileUtil/]: Reading file /sys/devices/system/cpu/cpu10/cache/index3/type
[25Jul2026 23:47:29.585] [Render thread/DEBUG] [oshi.util.FileUtil/]: Reading file /sys/devices/system/cpu/cpu10/cache/index3/ways_of_associativity
[25Jul2026 23:47:29.585] [Render thread/DEBUG] [oshi.util.FileUtil/]: Reading file /sys/devices/system/cpu/cpu10/cache/index3/ways_of_associativity
[25Jul2026 23:47:29.585] [Render thread/DEBUG] [oshi.util.FileUtil/]: Reading file /sys/devices/system/cpu/cpu10/cache/index3/coherency_line_size
[25Jul2026 23:47:29.585] [Render thread/DEBUG] [oshi.util.FileUtil/]: Reading file /sys/devices/system/cpu/cpu10/cache/index3/coherency_line_size
[25Jul2026 23:47:29.585] [Render thread/DEBUG] [oshi.util.FileUtil/]: Reading file /sys/devices/system/cpu/cpu10/cache/index3/size
[25Jul2026 23:47:29.585] [Render thread/DEBUG] [oshi.util.FileUtil/]: Reading file /sys/devices/system/cpu/cpu10/cache/index3/size
[25Jul2026 23:47:29.585] [Render thread/DEBUG] [oshi.util.FileUtil/]: Reading file /sys/devices/system/cpu/cpu10/cache/index1/level
[25Jul2026 23:47:29.585] [Render thread/DEBUG] [oshi.util.FileUtil/]: Reading file /sys/devices/system/cpu/cpu10/cache/index1/level
[25Jul2026 23:47:29.585] [Render thread/DEBUG] [oshi.util.FileUtil/]: Reading file /sys/devices/system/cpu/cpu10/cache/index1/type
[25Jul2026 23:47:29.585] [Render thread/DEBUG] [oshi.util.FileUtil/]: Reading file /sys/devices/system/cpu/cpu10/cache/index1/type
[25Jul2026 23:47:29.585] [Render thread/DEBUG] [oshi.util.FileUtil/]: Reading file /sys/devices/system/cpu/cpu10/cache/index1/ways_of_associativity
[25Jul2026 23:47:29.585] [Render thread/DEBUG] [oshi.util.FileUtil/]: Reading file /sys/devices/system/cpu/cpu10/cache/index1/ways_of_associativity
[25Jul2026 23:47:29.585] [Render thread/DEBUG] [oshi.util.FileUtil/]: Reading file /sys/devices/system/cpu/cpu10/cache/index1/coherency_line_size
[25Jul2026 23:47:29.585] [Render thread/DEBUG] [oshi.util.FileUtil/]: Reading file /sys/devices/system/cpu/cpu10/cache/index1/coherency_line_size
[25Jul2026 23:47:29.585] [Render thread/DEBUG] [oshi.util.FileUtil/]: Reading file /sys/devices/system/cpu/cpu10/cache/index1/size
[25Jul2026 23:47:29.585] [Render thread/DEBUG] [oshi.util.FileUtil/]: Reading file /sys/devices/system/cpu/cpu10/cache/index1/size
[25Jul2026 23:47:29.585] [Render thread/DEBUG] [oshi.util.FileUtil/]: Reading file /sys/devices/system/cpu/cpu11/topology/core_id
[25Jul2026 23:47:29.585] [Render thread/DEBUG] [oshi.util.FileUtil/]: Reading file /sys/devices/system/cpu/cpu11/topology/core_id
[25Jul2026 23:47:29.586] [Render thread/DEBUG] [oshi.util.FileUtil/]: Reading file /sys/devices/system/cpu/cpu11/topology/physical_package_id
[25Jul2026 23:47:29.586] [Render thread/DEBUG] [oshi.util.FileUtil/]: Reading file /sys/devices/system/cpu/cpu11/topology/physical_package_id
[25Jul2026 23:47:29.586] [Render thread/DEBUG] [oshi.util.FileUtil/]: Reading file /sys/devices/system/cpu/cpu11/cpu_capacity
[25Jul2026 23:47:29.586] [Render thread/DEBUG] [oshi.util.FileUtil/]: Reading file /sys/devices/system/cpu/cpu11/cpu_capacity
[25Jul2026 23:47:29.586] [Render thread/DEBUG] [oshi.util.FileUtil/]: Reading file /sys/devices/system/cpu/cpu11/cache/index2/level
[25Jul2026 23:47:29.586] [Render thread/DEBUG] [oshi.util.FileUtil/]: Reading file /sys/devices/system/cpu/cpu11/cache/index2/level
[25Jul2026 23:47:29.586] [Render thread/DEBUG] [oshi.util.FileUtil/]: Reading file /sys/devices/system/cpu/cpu11/cache/index2/type
[25Jul2026 23:47:29.586] [Render thread/DEBUG] [oshi.util.FileUtil/]: Reading file /sys/devices/system/cpu/cpu11/cache/index2/type
[25Jul2026 23:47:29.586] [Render thread/DEBUG] [oshi.util.FileUtil/]: Reading file /sys/devices/system/cpu/cpu11/cache/index2/ways_of_associativity
[25Jul2026 23:47:29.586] [Render thread/DEBUG] [oshi.util.FileUtil/]: Reading file /sys/devices/system/cpu/cpu11/cache/index2/ways_of_associativity
[25Jul2026 23:47:29.586] [Render thread/DEBUG] [oshi.util.FileUtil/]: Reading file /sys/devices/system/cpu/cpu11/cache/index2/coherency_line_size
[25Jul2026 23:47:29.586] [Render thread/DEBUG] [oshi.util.FileUtil/]: Reading file /sys/devices/system/cpu/cpu11/cache/index2/coherency_line_size
[25Jul2026 23:47:29.586] [Render thread/DEBUG] [oshi.util.FileUtil/]: Reading file /sys/devices/system/cpu/cpu11/cache/index2/size
[25Jul2026 23:47:29.586] [Render thread/DEBUG] [oshi.util.FileUtil/]: Reading file /sys/devices/system/cpu/cpu11/cache/index2/size
[25Jul2026 23:47:29.586] [Render thread/DEBUG] [oshi.util.FileUtil/]: Reading file /sys/devices/system/cpu/cpu11/cache/index0/level
[25Jul2026 23:47:29.586] [Render thread/DEBUG] [oshi.util.FileUtil/]: Reading file /sys/devices/system/cpu/cpu11/cache/index0/level
[25Jul2026 23:47:29.586] [Render thread/DEBUG] [oshi.util.FileUtil/]: Reading file /sys/devices/system/cpu/cpu11/cache/index0/type
[25Jul2026 23:47:29.586] [Render thread/DEBUG] [oshi.util.FileUtil/]: Reading file /sys/devices/system/cpu/cpu11/cache/index0/type
[25Jul2026 23:47:29.586] [Render thread/DEBUG] [oshi.util.FileUtil/]: Reading file /sys/devices/system/cpu/cpu11/cache/index0/ways_of_associativity
[25Jul2026 23:47:29.587] [Render thread/DEBUG] [oshi.util.FileUtil/]: Reading file /sys/devices/system/cpu/cpu11/cache/index0/ways_of_associativity
[25Jul2026 23:47:29.587] [Render thread/DEBUG] [oshi.util.FileUtil/]: Reading file /sys/devices/system/cpu/cpu11/cache/index0/coherency_line_size
[25Jul2026 23:47:29.587] [Render thread/DEBUG] [oshi.util.FileUtil/]: Reading file /sys/devices/system/cpu/cpu11/cache/index0/coherency_line_size
[25Jul2026 23:47:29.587] [Render thread/DEBUG] [oshi.util.FileUtil/]: Reading file /sys/devices/system/cpu/cpu11/cache/index0/size
[25Jul2026 23:47:29.587] [Render thread/DEBUG] [oshi.util.FileUtil/]: Reading file /sys/devices/system/cpu/cpu11/cache/index0/size
[25Jul2026 23:47:29.587] [Render thread/DEBUG] [oshi.util.FileUtil/]: Reading file /sys/devices/system/cpu/cpu11/cache/index3/level
[25Jul2026 23:47:29.587] [Render thread/DEBUG] [oshi.util.FileUtil/]: Reading file /sys/devices/system/cpu/cpu11/cache/index3/level
[25Jul2026 23:47:29.587] [Render thread/DEBUG] [oshi.util.FileUtil/]: Reading file /sys/devices/system/cpu/cpu11/cache/index3/type
[25Jul2026 23:47:29.587] [Render thread/DEBUG] [oshi.util.FileUtil/]: Reading file /sys/devices/system/cpu/cpu11/cache/index3/type
[25Jul2026 23:47:29.587] [Render thread/DEBUG] [oshi.util.FileUtil/]: Reading file /sys/devices/system/cpu/cpu11/cache/index3/ways_of_associativity
[25Jul2026 23:47:29.587] [Render thread/DEBUG] [oshi.util.FileUtil/]: Reading file /sys/devices/system/cpu/cpu11/cache/index3/ways_of_associativity
[25Jul2026 23:47:29.587] [Render thread/DEBUG] [oshi.util.FileUtil/]: Reading file /sys/devices/system/cpu/cpu11/cache/index3/coherency_line_size
[25Jul2026 23:47:29.587] [Render thread/DEBUG] [oshi.util.FileUtil/]: Reading file /sys/devices/system/cpu/cpu11/cache/index3/coherency_line_size
[25Jul2026 23:47:29.587] [Render thread/DEBUG] [oshi.util.FileUtil/]: Reading file /sys/devices/system/cpu/cpu11/cache/index3/size
[25Jul2026 23:47:29.587] [Render thread/DEBUG] [oshi.util.FileUtil/]: Reading file /sys/devices/system/cpu/cpu11/cache/index3/size
[25Jul2026 23:47:29.587] [Render thread/DEBUG] [oshi.util.FileUtil/]: Reading file /sys/devices/system/cpu/cpu11/cache/index1/level
[25Jul2026 23:47:29.587] [Render thread/DEBUG] [oshi.util.FileUtil/]: Reading file /sys/devices/system/cpu/cpu11/cache/index1/level
[25Jul2026 23:47:29.587] [Render thread/DEBUG] [oshi.util.FileUtil/]: Reading file /sys/devices/system/cpu/cpu11/cache/index1/type
[25Jul2026 23:47:29.587] [Render thread/DEBUG] [oshi.util.FileUtil/]: Reading file /sys/devices/system/cpu/cpu11/cache/index1/type
[25Jul2026 23:47:29.588] [Render thread/DEBUG] [oshi.util.FileUtil/]: Reading file /sys/devices/system/cpu/cpu11/cache/index1/ways_of_associativity
[25Jul2026 23:47:29.588] [Render thread/DEBUG] [oshi.util.FileUtil/]: Reading file /sys/devices/system/cpu/cpu11/cache/index1/ways_of_associativity
[25Jul2026 23:47:29.588] [Render thread/DEBUG] [oshi.util.FileUtil/]: Reading file /sys/devices/system/cpu/cpu11/cache/index1/coherency_line_size
[25Jul2026 23:47:29.588] [Render thread/DEBUG] [oshi.util.FileUtil/]: Reading file /sys/devices/system/cpu/cpu11/cache/index1/coherency_line_size
[25Jul2026 23:47:29.588] [Render thread/DEBUG] [oshi.util.FileUtil/]: Reading file /sys/devices/system/cpu/cpu11/cache/index1/size
[25Jul2026 23:47:29.588] [Render thread/DEBUG] [oshi.util.FileUtil/]: Reading file /sys/devices/system/cpu/cpu11/cache/index1/size
[25Jul2026 23:47:29.588] [Render thread/DEBUG] [oshi.util.FileUtil/]: Reading file /sys/devices/system/cpu/cpu12/topology/core_id
[25Jul2026 23:47:29.588] [Render thread/DEBUG] [oshi.util.FileUtil/]: Reading file /sys/devices/system/cpu/cpu12/topology/core_id
[25Jul2026 23:47:29.588] [Render thread/DEBUG] [oshi.util.FileUtil/]: Reading file /sys/devices/system/cpu/cpu12/topology/physical_package_id
[25Jul2026 23:47:29.588] [Render thread/DEBUG] [oshi.util.FileUtil/]: Reading file /sys/devices/system/cpu/cpu12/topology/physical_package_id
[25Jul2026 23:47:29.588] [Render thread/DEBUG] [oshi.util.FileUtil/]: Reading file /sys/devices/system/cpu/cpu12/cpu_capacity
[25Jul2026 23:47:29.588] [Render thread/DEBUG] [oshi.util.FileUtil/]: Reading file /sys/devices/system/cpu/cpu12/cpu_capacity
[25Jul2026 23:47:29.589] [Render thread/DEBUG] [oshi.util.FileUtil/]: Reading file /sys/devices/system/cpu/cpu12/cache/index2/level
[25Jul2026 23:47:29.589] [Render thread/DEBUG] [oshi.util.FileUtil/]: Reading file /sys/devices/system/cpu/cpu12/cache/index2/level
[25Jul2026 23:47:29.589] [Render thread/DEBUG] [oshi.util.FileUtil/]: Reading file /sys/devices/system/cpu/cpu12/cache/index2/type
[25Jul2026 23:47:29.589] [Render thread/DEBUG] [oshi.util.FileUtil/]: Reading file /sys/devices/system/cpu/cpu12/cache/index2/type
[25Jul2026 23:47:29.589] [Render thread/DEBUG] [oshi.util.FileUtil/]: Reading file /sys/devices/system/cpu/cpu12/cache/index2/ways_of_associativity
[25Jul2026 23:47:29.589] [Render thread/DEBUG] [oshi.util.FileUtil/]: Reading file /sys/devices/system/cpu/cpu12/cache/index2/ways_of_associativity
[25Jul2026 23:47:29.589] [Render thread/DEBUG] [oshi.util.FileUtil/]: Reading file /sys/devices/system/cpu/cpu12/cache/index2/coherency_line_size
[25Jul2026 23:47:29.589] [Render thread/DEBUG] [oshi.util.FileUtil/]: Reading file /sys/devices/system/cpu/cpu12/cache/index2/coherency_line_size
[25Jul2026 23:47:29.589] [Render thread/DEBUG] [oshi.util.FileUtil/]: Reading file /sys/devices/system/cpu/cpu12/cache/index2/size
[25Jul2026 23:47:29.589] [Render thread/DEBUG] [oshi.util.FileUtil/]: Reading file /sys/devices/system/cpu/cpu12/cache/index2/size
[25Jul2026 23:47:29.589] [Render thread/DEBUG] [oshi.util.FileUtil/]: Reading file /sys/devices/system/cpu/cpu12/cache/index0/level
[25Jul2026 23:47:29.589] [Render thread/DEBUG] [oshi.util.FileUtil/]: Reading file /sys/devices/system/cpu/cpu12/cache/index0/level
[25Jul2026 23:47:29.589] [Render thread/DEBUG] [oshi.util.FileUtil/]: Reading file /sys/devices/system/cpu/cpu12/cache/index0/type
[25Jul2026 23:47:29.589] [Render thread/DEBUG] [oshi.util.FileUtil/]: Reading file /sys/devices/system/cpu/cpu12/cache/index0/type
[25Jul2026 23:47:29.589] [Render thread/DEBUG] [oshi.util.FileUtil/]: Reading file /sys/devices/system/cpu/cpu12/cache/index0/ways_of_associativity
[25Jul2026 23:47:29.589] [Render thread/DEBUG] [oshi.util.FileUtil/]: Reading file /sys/devices/system/cpu/cpu12/cache/index0/ways_of_associativity
[25Jul2026 23:47:29.590] [Render thread/DEBUG] [oshi.util.FileUtil/]: Reading file /sys/devices/system/cpu/cpu12/cache/index0/coherency_line_size
[25Jul2026 23:47:29.590] [Render thread/DEBUG] [oshi.util.FileUtil/]: Reading file /sys/devices/system/cpu/cpu12/cache/index0/coherency_line_size
[25Jul2026 23:47:29.590] [Render thread/DEBUG] [oshi.util.FileUtil/]: Reading file /sys/devices/system/cpu/cpu12/cache/index0/size
[25Jul2026 23:47:29.590] [Render thread/DEBUG] [oshi.util.FileUtil/]: Reading file /sys/devices/system/cpu/cpu12/cache/index0/size
[25Jul2026 23:47:29.590] [Render thread/DEBUG] [oshi.util.FileUtil/]: Reading file /sys/devices/system/cpu/cpu12/cache/index3/level
[25Jul2026 23:47:29.590] [Render thread/DEBUG] [oshi.util.FileUtil/]: Reading file /sys/devices/system/cpu/cpu12/cache/index3/level
[25Jul2026 23:47:29.590] [Render thread/DEBUG] [oshi.util.FileUtil/]: Reading file /sys/devices/system/cpu/cpu12/cache/index3/type
[25Jul2026 23:47:29.590] [Render thread/DEBUG] [oshi.util.FileUtil/]: Reading file /sys/devices/system/cpu/cpu12/cache/index3/type
[25Jul2026 23:47:29.590] [Render thread/DEBUG] [oshi.util.FileUtil/]: Reading file /sys/devices/system/cpu/cpu12/cache/index3/ways_of_associativity
[25Jul2026 23:47:29.590] [Render thread/DEBUG] [oshi.util.FileUtil/]: Reading file /sys/devices/system/cpu/cpu12/cache/index3/ways_of_associativity
[25Jul2026 23:47:29.590] [Render thread/DEBUG] [oshi.util.FileUtil/]: Reading file /sys/devices/system/cpu/cpu12/cache/index3/coherency_line_size
[25Jul2026 23:47:29.590] [Render thread/DEBUG] [oshi.util.FileUtil/]: Reading file /sys/devices/system/cpu/cpu12/cache/index3/coherency_line_size
[25Jul2026 23:47:29.590] [Render thread/DEBUG] [oshi.util.FileUtil/]: Reading file /sys/devices/system/cpu/cpu12/cache/index3/size
[25Jul2026 23:47:29.590] [Render thread/DEBUG] [oshi.util.FileUtil/]: Reading file /sys/devices/system/cpu/cpu12/cache/index3/size
[25Jul2026 23:47:29.590] [Render thread/DEBUG] [oshi.util.FileUtil/]: Reading file /sys/devices/system/cpu/cpu12/cache/index1/level
[25Jul2026 23:47:29.590] [Render thread/DEBUG] [oshi.util.FileUtil/]: Reading file /sys/devices/system/cpu/cpu12/cache/index1/level
[25Jul2026 23:47:29.590] [Render thread/DEBUG] [oshi.util.FileUtil/]: Reading file /sys/devices/system/cpu/cpu12/cache/index1/type
[25Jul2026 23:47:29.590] [Render thread/DEBUG] [oshi.util.FileUtil/]: Reading file /sys/devices/system/cpu/cpu12/cache/index1/type
[25Jul2026 23:47:29.590] [Render thread/DEBUG] [oshi.util.FileUtil/]: Reading file /sys/devices/system/cpu/cpu12/cache/index1/ways_of_associativity
[25Jul2026 23:47:29.590] [Render thread/DEBUG] [oshi.util.FileUtil/]: Reading file /sys/devices/system/cpu/cpu12/cache/index1/ways_of_associativity
[25Jul2026 23:47:29.590] [Render thread/DEBUG] [oshi.util.FileUtil/]: Reading file /sys/devices/system/cpu/cpu12/cache/index1/coherency_line_size
[25Jul2026 23:47:29.590] [Render thread/DEBUG] [oshi.util.FileUtil/]: Reading file /sys/devices/system/cpu/cpu12/cache/index1/coherency_line_size
[25Jul2026 23:47:29.590] [Render thread/DEBUG] [oshi.util.FileUtil/]: Reading file /sys/devices/system/cpu/cpu12/cache/index1/size
[25Jul2026 23:47:29.590] [Render thread/DEBUG] [oshi.util.FileUtil/]: Reading file /sys/devices/system/cpu/cpu12/cache/index1/size
[25Jul2026 23:47:29.591] [Render thread/DEBUG] [oshi.util.FileUtil/]: Reading file /sys/devices/system/cpu/cpu13/topology/core_id
[25Jul2026 23:47:29.591] [Render thread/DEBUG] [oshi.util.FileUtil/]: Reading file /sys/devices/system/cpu/cpu13/topology/core_id
[25Jul2026 23:47:29.591] [Render thread/DEBUG] [oshi.util.FileUtil/]: Reading file /sys/devices/system/cpu/cpu13/topology/physical_package_id
[25Jul2026 23:47:29.591] [Render thread/DEBUG] [oshi.util.FileUtil/]: Reading file /sys/devices/system/cpu/cpu13/topology/physical_package_id
[25Jul2026 23:47:29.591] [Render thread/DEBUG] [oshi.util.FileUtil/]: Reading file /sys/devices/system/cpu/cpu13/cpu_capacity
[25Jul2026 23:47:29.591] [Render thread/DEBUG] [oshi.util.FileUtil/]: Reading file /sys/devices/system/cpu/cpu13/cpu_capacity
[25Jul2026 23:47:29.591] [Render thread/DEBUG] [oshi.util.FileUtil/]: Reading file /sys/devices/system/cpu/cpu13/cache/index2/level
[25Jul2026 23:47:29.591] [Render thread/DEBUG] [oshi.util.FileUtil/]: Reading file /sys/devices/system/cpu/cpu13/cache/index2/level
[25Jul2026 23:47:29.591] [Render thread/DEBUG] [oshi.util.FileUtil/]: Reading file /sys/devices/system/cpu/cpu13/cache/index2/type
[25Jul2026 23:47:29.591] [Render thread/DEBUG] [oshi.util.FileUtil/]: Reading file /sys/devices/system/cpu/cpu13/cache/index2/type
[25Jul2026 23:47:29.591] [Render thread/DEBUG] [oshi.util.FileUtil/]: Reading file /sys/devices/system/cpu/cpu13/cache/index2/ways_of_associativity
[25Jul2026 23:47:29.591] [Render thread/DEBUG] [oshi.util.FileUtil/]: Reading file /sys/devices/system/cpu/cpu13/cache/index2/ways_of_associativity
[25Jul2026 23:47:29.591] [Render thread/DEBUG] [oshi.util.FileUtil/]: Reading file /sys/devices/system/cpu/cpu13/cache/index2/coherency_line_size
[25Jul2026 23:47:29.591] [Render thread/DEBUG] [oshi.util.FileUtil/]: Reading file /sys/devices/system/cpu/cpu13/cache/index2/coherency_line_size
[25Jul2026 23:47:29.591] [Render thread/DEBUG] [oshi.util.FileUtil/]: Reading file /sys/devices/system/cpu/cpu13/cache/index2/size
[25Jul2026 23:47:29.591] [Render thread/DEBUG] [oshi.util.FileUtil/]: Reading file /sys/devices/system/cpu/cpu13/cache/index2/size
[25Jul2026 23:47:29.591] [Render thread/DEBUG] [oshi.util.FileUtil/]: Reading file /sys/devices/system/cpu/cpu13/cache/index0/level
[25Jul2026 23:47:29.591] [Render thread/DEBUG] [oshi.util.FileUtil/]: Reading file /sys/devices/system/cpu/cpu13/cache/index0/level
[25Jul2026 23:47:29.591] [Render thread/DEBUG] [oshi.util.FileUtil/]: Reading file /sys/devices/system/cpu/cpu13/cache/index0/type
[25Jul2026 23:47:29.591] [Render thread/DEBUG] [oshi.util.FileUtil/]: Reading file /sys/devices/system/cpu/cpu13/cache/index0/type
[25Jul2026 23:47:29.591] [Render thread/DEBUG] [oshi.util.FileUtil/]: Reading file /sys/devices/system/cpu/cpu13/cache/index0/ways_of_associativity
[25Jul2026 23:47:29.591] [Render thread/DEBUG] [oshi.util.FileUtil/]: Reading file /sys/devices/system/cpu/cpu13/cache/index0/ways_of_associativity
[25Jul2026 23:47:29.591] [Render thread/DEBUG] [oshi.util.FileUtil/]: Reading file /sys/devices/system/cpu/cpu13/cache/index0/coherency_line_size
[25Jul2026 23:47:29.591] [Render thread/DEBUG] [oshi.util.FileUtil/]: Reading file /sys/devices/system/cpu/cpu13/cache/index0/coherency_line_size
[25Jul2026 23:47:29.591] [Render thread/DEBUG] [oshi.util.FileUtil/]: Reading file /sys/devices/system/cpu/cpu13/cache/index0/size
[25Jul2026 23:47:29.591] [Render thread/DEBUG] [oshi.util.FileUtil/]: Reading file /sys/devices/system/cpu/cpu13/cache/index0/size
[25Jul2026 23:47:29.592] [Render thread/DEBUG] [oshi.util.FileUtil/]: Reading file /sys/devices/system/cpu/cpu13/cache/index3/level
[25Jul2026 23:47:29.592] [Render thread/DEBUG] [oshi.util.FileUtil/]: Reading file /sys/devices/system/cpu/cpu13/cache/index3/level
[25Jul2026 23:47:29.592] [Render thread/DEBUG] [oshi.util.FileUtil/]: Reading file /sys/devices/system/cpu/cpu13/cache/index3/type
[25Jul2026 23:47:29.592] [Render thread/DEBUG] [oshi.util.FileUtil/]: Reading file /sys/devices/system/cpu/cpu13/cache/index3/type
[25Jul2026 23:47:29.592] [Render thread/DEBUG] [oshi.util.FileUtil/]: Reading file /sys/devices/system/cpu/cpu13/cache/index3/ways_of_associativity
[25Jul2026 23:47:29.592] [Render thread/DEBUG] [oshi.util.FileUtil/]: Reading file /sys/devices/system/cpu/cpu13/cache/index3/ways_of_associativity
[25Jul2026 23:47:29.592] [Render thread/DEBUG] [oshi.util.FileUtil/]: Reading file /sys/devices/system/cpu/cpu13/cache/index3/coherency_line_size
[25Jul2026 23:47:29.592] [Render thread/DEBUG] [oshi.util.FileUtil/]: Reading file /sys/devices/system/cpu/cpu13/cache/index3/coherency_line_size
[25Jul2026 23:47:29.592] [Render thread/DEBUG] [oshi.util.FileUtil/]: Reading file /sys/devices/system/cpu/cpu13/cache/index3/size
[25Jul2026 23:47:29.592] [Render thread/DEBUG] [oshi.util.FileUtil/]: Reading file /sys/devices/system/cpu/cpu13/cache/index3/size
[25Jul2026 23:47:29.592] [Render thread/DEBUG] [oshi.util.FileUtil/]: Reading file /sys/devices/system/cpu/cpu13/cache/index1/level
[25Jul2026 23:47:29.592] [Render thread/DEBUG] [oshi.util.FileUtil/]: Reading file /sys/devices/system/cpu/cpu13/cache/index1/level
[25Jul2026 23:47:29.592] [Render thread/DEBUG] [oshi.util.FileUtil/]: Reading file /sys/devices/system/cpu/cpu13/cache/index1/type
[25Jul2026 23:47:29.592] [Render thread/DEBUG] [oshi.util.FileUtil/]: Reading file /sys/devices/system/cpu/cpu13/cache/index1/type
[25Jul2026 23:47:29.592] [Render thread/DEBUG] [oshi.util.FileUtil/]: Reading file /sys/devices/system/cpu/cpu13/cache/index1/ways_of_associativity
[25Jul2026 23:47:29.592] [Render thread/DEBUG] [oshi.util.FileUtil/]: Reading file /sys/devices/system/cpu/cpu13/cache/index1/ways_of_associativity
[25Jul2026 23:47:29.592] [Render thread/DEBUG] [oshi.util.FileUtil/]: Reading file /sys/devices/system/cpu/cpu13/cache/index1/coherency_line_size
[25Jul2026 23:47:29.592] [Render thread/DEBUG] [oshi.util.FileUtil/]: Reading file /sys/devices/system/cpu/cpu13/cache/index1/coherency_line_size
[25Jul2026 23:47:29.592] [Render thread/DEBUG] [oshi.util.FileUtil/]: Reading file /sys/devices/system/cpu/cpu13/cache/index1/size
[25Jul2026 23:47:29.592] [Render thread/DEBUG] [oshi.util.FileUtil/]: Reading file /sys/devices/system/cpu/cpu13/cache/index1/size
[25Jul2026 23:47:29.593] [Render thread/DEBUG] [oshi.util.FileUtil/]: Reading file /sys/devices/system/cpu/cpu14/topology/core_id
[25Jul2026 23:47:29.593] [Render thread/DEBUG] [oshi.util.FileUtil/]: Reading file /sys/devices/system/cpu/cpu14/topology/core_id
[25Jul2026 23:47:29.593] [Render thread/DEBUG] [oshi.util.FileUtil/]: Reading file /sys/devices/system/cpu/cpu14/topology/physical_package_id
[25Jul2026 23:47:29.593] [Render thread/DEBUG] [oshi.util.FileUtil/]: Reading file /sys/devices/system/cpu/cpu14/topology/physical_package_id
[25Jul2026 23:47:29.593] [Render thread/DEBUG] [oshi.util.FileUtil/]: Reading file /sys/devices/system/cpu/cpu14/cpu_capacity
[25Jul2026 23:47:29.593] [Render thread/DEBUG] [oshi.util.FileUtil/]: Reading file /sys/devices/system/cpu/cpu14/cpu_capacity
[25Jul2026 23:47:29.593] [Render thread/DEBUG] [oshi.util.FileUtil/]: Reading file /sys/devices/system/cpu/cpu14/cache/index2/level
[25Jul2026 23:47:29.593] [Render thread/DEBUG] [oshi.util.FileUtil/]: Reading file /sys/devices/system/cpu/cpu14/cache/index2/level
[25Jul2026 23:47:29.593] [Render thread/DEBUG] [oshi.util.FileUtil/]: Reading file /sys/devices/system/cpu/cpu14/cache/index2/type
[25Jul2026 23:47:29.593] [Render thread/DEBUG] [oshi.util.FileUtil/]: Reading file /sys/devices/system/cpu/cpu14/cache/index2/type
[25Jul2026 23:47:29.593] [Render thread/DEBUG] [oshi.util.FileUtil/]: Reading file /sys/devices/system/cpu/cpu14/cache/index2/ways_of_associativity
[25Jul2026 23:47:29.593] [Render thread/DEBUG] [oshi.util.FileUtil/]: Reading file /sys/devices/system/cpu/cpu14/cache/index2/ways_of_associativity
[25Jul2026 23:47:29.593] [Render thread/DEBUG] [oshi.util.FileUtil/]: Reading file /sys/devices/system/cpu/cpu14/cache/index2/coherency_line_size
[25Jul2026 23:47:29.593] [Render thread/DEBUG] [oshi.util.FileUtil/]: Reading file /sys/devices/system/cpu/cpu14/cache/index2/coherency_line_size
[25Jul2026 23:47:29.593] [Render thread/DEBUG] [oshi.util.FileUtil/]: Reading file /sys/devices/system/cpu/cpu14/cache/index2/size
[25Jul2026 23:47:29.593] [Render thread/DEBUG] [oshi.util.FileUtil/]: Reading file /sys/devices/system/cpu/cpu14/cache/index2/size
[25Jul2026 23:47:29.593] [Render thread/DEBUG] [oshi.util.FileUtil/]: Reading file /sys/devices/system/cpu/cpu14/cache/index0/level
[25Jul2026 23:47:29.593] [Render thread/DEBUG] [oshi.util.FileUtil/]: Reading file /sys/devices/system/cpu/cpu14/cache/index0/level
[25Jul2026 23:47:29.593] [Render thread/DEBUG] [oshi.util.FileUtil/]: Reading file /sys/devices/system/cpu/cpu14/cache/index0/type
[25Jul2026 23:47:29.593] [Render thread/DEBUG] [oshi.util.FileUtil/]: Reading file /sys/devices/system/cpu/cpu14/cache/index0/type
[25Jul2026 23:47:29.593] [Render thread/DEBUG] [oshi.util.FileUtil/]: Reading file /sys/devices/system/cpu/cpu14/cache/index0/ways_of_associativity
[25Jul2026 23:47:29.593] [Render thread/DEBUG] [oshi.util.FileUtil/]: Reading file /sys/devices/system/cpu/cpu14/cache/index0/ways_of_associativity
[25Jul2026 23:47:29.593] [Render thread/DEBUG] [oshi.util.FileUtil/]: Reading file /sys/devices/system/cpu/cpu14/cache/index0/coherency_line_size
[25Jul2026 23:47:29.593] [Render thread/DEBUG] [oshi.util.FileUtil/]: Reading file /sys/devices/system/cpu/cpu14/cache/index0/coherency_line_size
[25Jul2026 23:47:29.593] [Render thread/DEBUG] [oshi.util.FileUtil/]: Reading file /sys/devices/system/cpu/cpu14/cache/index0/size
[25Jul2026 23:47:29.593] [Render thread/DEBUG] [oshi.util.FileUtil/]: Reading file /sys/devices/system/cpu/cpu14/cache/index0/size
[25Jul2026 23:47:29.593] [Render thread/DEBUG] [oshi.util.FileUtil/]: Reading file /sys/devices/system/cpu/cpu14/cache/index3/level
[25Jul2026 23:47:29.593] [Render thread/DEBUG] [oshi.util.FileUtil/]: Reading file /sys/devices/system/cpu/cpu14/cache/index3/level
[25Jul2026 23:47:29.593] [Render thread/DEBUG] [oshi.util.FileUtil/]: Reading file /sys/devices/system/cpu/cpu14/cache/index3/type
[25Jul2026 23:47:29.593] [Render thread/DEBUG] [oshi.util.FileUtil/]: Reading file /sys/devices/system/cpu/cpu14/cache/index3/type
[25Jul2026 23:47:29.594] [Render thread/DEBUG] [oshi.util.FileUtil/]: Reading file /sys/devices/system/cpu/cpu14/cache/index3/ways_of_associativity
[25Jul2026 23:47:29.594] [Render thread/DEBUG] [oshi.util.FileUtil/]: Reading file /sys/devices/system/cpu/cpu14/cache/index3/ways_of_associativity
[25Jul2026 23:47:29.594] [Render thread/DEBUG] [oshi.util.FileUtil/]: Reading file /sys/devices/system/cpu/cpu14/cache/index3/coherency_line_size
[25Jul2026 23:47:29.594] [Render thread/DEBUG] [oshi.util.FileUtil/]: Reading file /sys/devices/system/cpu/cpu14/cache/index3/coherency_line_size
[25Jul2026 23:47:29.594] [Render thread/DEBUG] [oshi.util.FileUtil/]: Reading file /sys/devices/system/cpu/cpu14/cache/index3/size
[25Jul2026 23:47:29.594] [Render thread/DEBUG] [oshi.util.FileUtil/]: Reading file /sys/devices/system/cpu/cpu14/cache/index3/size
[25Jul2026 23:47:29.594] [Render thread/DEBUG] [oshi.util.FileUtil/]: Reading file /sys/devices/system/cpu/cpu14/cache/index1/level
[25Jul2026 23:47:29.594] [Render thread/DEBUG] [oshi.util.FileUtil/]: Reading file /sys/devices/system/cpu/cpu14/cache/index1/level
[25Jul2026 23:47:29.594] [Render thread/DEBUG] [oshi.util.FileUtil/]: Reading file /sys/devices/system/cpu/cpu14/cache/index1/type
[25Jul2026 23:47:29.594] [Render thread/DEBUG] [oshi.util.FileUtil/]: Reading file /sys/devices/system/cpu/cpu14/cache/index1/type
[25Jul2026 23:47:29.594] [Render thread/DEBUG] [oshi.util.FileUtil/]: Reading file /sys/devices/system/cpu/cpu14/cache/index1/ways_of_associativity
[25Jul2026 23:47:29.594] [Render thread/DEBUG] [oshi.util.FileUtil/]: Reading file /sys/devices/system/cpu/cpu14/cache/index1/ways_of_associativity
[25Jul2026 23:47:29.594] [Render thread/DEBUG] [oshi.util.FileUtil/]: Reading file /sys/devices/system/cpu/cpu14/cache/index1/coherency_line_size
[25Jul2026 23:47:29.594] [Render thread/DEBUG] [oshi.util.FileUtil/]: Reading file /sys/devices/system/cpu/cpu14/cache/index1/coherency_line_size
[25Jul2026 23:47:29.594] [Render thread/DEBUG] [oshi.util.FileUtil/]: Reading file /sys/devices/system/cpu/cpu14/cache/index1/size
[25Jul2026 23:47:29.594] [Render thread/DEBUG] [oshi.util.FileUtil/]: Reading file /sys/devices/system/cpu/cpu14/cache/index1/size
[25Jul2026 23:47:29.594] [Render thread/DEBUG] [oshi.util.FileUtil/]: Reading file /sys/devices/system/cpu/cpu15/topology/core_id
[25Jul2026 23:47:29.594] [Render thread/DEBUG] [oshi.util.FileUtil/]: Reading file /sys/devices/system/cpu/cpu15/topology/core_id
[25Jul2026 23:47:29.594] [Render thread/DEBUG] [oshi.util.FileUtil/]: Reading file /sys/devices/system/cpu/cpu15/topology/physical_package_id
[25Jul2026 23:47:29.594] [Render thread/DEBUG] [oshi.util.FileUtil/]: Reading file /sys/devices/system/cpu/cpu15/topology/physical_package_id
[25Jul2026 23:47:29.594] [Render thread/DEBUG] [oshi.util.FileUtil/]: Reading file /sys/devices/system/cpu/cpu15/cpu_capacity
[25Jul2026 23:47:29.594] [Render thread/DEBUG] [oshi.util.FileUtil/]: Reading file /sys/devices/system/cpu/cpu15/cpu_capacity
[25Jul2026 23:47:29.594] [Render thread/DEBUG] [oshi.util.FileUtil/]: Reading file /sys/devices/system/cpu/cpu15/cache/index2/level
[25Jul2026 23:47:29.594] [Render thread/DEBUG] [oshi.util.FileUtil/]: Reading file /sys/devices/system/cpu/cpu15/cache/index2/level
[25Jul2026 23:47:29.594] [Render thread/DEBUG] [oshi.util.FileUtil/]: Reading file /sys/devices/system/cpu/cpu15/cache/index2/type
[25Jul2026 23:47:29.595] [Render thread/DEBUG] [oshi.util.FileUtil/]: Reading file /sys/devices/system/cpu/cpu15/cache/index2/type
[25Jul2026 23:47:29.595] [Render thread/DEBUG] [oshi.util.FileUtil/]: Reading file /sys/devices/system/cpu/cpu15/cache/index2/ways_of_associativity
[25Jul2026 23:47:29.595] [Render thread/DEBUG] [oshi.util.FileUtil/]: Reading file /sys/devices/system/cpu/cpu15/cache/index2/ways_of_associativity
[25Jul2026 23:47:29.595] [Render thread/DEBUG] [oshi.util.FileUtil/]: Reading file /sys/devices/system/cpu/cpu15/cache/index2/coherency_line_size
[25Jul2026 23:47:29.595] [Render thread/DEBUG] [oshi.util.FileUtil/]: Reading file /sys/devices/system/cpu/cpu15/cache/index2/coherency_line_size
[25Jul2026 23:47:29.595] [Render thread/DEBUG] [oshi.util.FileUtil/]: Reading file /sys/devices/system/cpu/cpu15/cache/index2/size
[25Jul2026 23:47:29.595] [Render thread/DEBUG] [oshi.util.FileUtil/]: Reading file /sys/devices/system/cpu/cpu15/cache/index2/size
[25Jul2026 23:47:29.595] [Render thread/DEBUG] [oshi.util.FileUtil/]: Reading file /sys/devices/system/cpu/cpu15/cache/index0/level
[25Jul2026 23:47:29.595] [Render thread/DEBUG] [oshi.util.FileUtil/]: Reading file /sys/devices/system/cpu/cpu15/cache/index0/level
[25Jul2026 23:47:29.595] [Render thread/DEBUG] [oshi.util.FileUtil/]: Reading file /sys/devices/system/cpu/cpu15/cache/index0/type
[25Jul2026 23:47:29.595] [Render thread/DEBUG] [oshi.util.FileUtil/]: Reading file /sys/devices/system/cpu/cpu15/cache/index0/type
[25Jul2026 23:47:29.595] [Render thread/DEBUG] [oshi.util.FileUtil/]: Reading file /sys/devices/system/cpu/cpu15/cache/index0/ways_of_associativity
[25Jul2026 23:47:29.595] [Render thread/DEBUG] [oshi.util.FileUtil/]: Reading file /sys/devices/system/cpu/cpu15/cache/index0/ways_of_associativity
[25Jul2026 23:47:29.595] [Render thread/DEBUG] [oshi.util.FileUtil/]: Reading file /sys/devices/system/cpu/cpu15/cache/index0/coherency_line_size
[25Jul2026 23:47:29.595] [Render thread/DEBUG] [oshi.util.FileUtil/]: Reading file /sys/devices/system/cpu/cpu15/cache/index0/coherency_line_size
[25Jul2026 23:47:29.595] [Render thread/DEBUG] [oshi.util.FileUtil/]: Reading file /sys/devices/system/cpu/cpu15/cache/index0/size
[25Jul2026 23:47:29.595] [Render thread/DEBUG] [oshi.util.FileUtil/]: Reading file /sys/devices/system/cpu/cpu15/cache/index0/size
[25Jul2026 23:47:29.595] [Render thread/DEBUG] [oshi.util.FileUtil/]: Reading file /sys/devices/system/cpu/cpu15/cache/index3/level
[25Jul2026 23:47:29.595] [Render thread/DEBUG] [oshi.util.FileUtil/]: Reading file /sys/devices/system/cpu/cpu15/cache/index3/level
[25Jul2026 23:47:29.595] [Render thread/DEBUG] [oshi.util.FileUtil/]: Reading file /sys/devices/system/cpu/cpu15/cache/index3/type
[25Jul2026 23:47:29.595] [Render thread/DEBUG] [oshi.util.FileUtil/]: Reading file /sys/devices/system/cpu/cpu15/cache/index3/type
[25Jul2026 23:47:29.595] [Render thread/DEBUG] [oshi.util.FileUtil/]: Reading file /sys/devices/system/cpu/cpu15/cache/index3/ways_of_associativity
[25Jul2026 23:47:29.595] [Render thread/DEBUG] [oshi.util.FileUtil/]: Reading file /sys/devices/system/cpu/cpu15/cache/index3/ways_of_associativity
[25Jul2026 23:47:29.595] [Render thread/DEBUG] [oshi.util.FileUtil/]: Reading file /sys/devices/system/cpu/cpu15/cache/index3/coherency_line_size
[25Jul2026 23:47:29.595] [Render thread/DEBUG] [oshi.util.FileUtil/]: Reading file /sys/devices/system/cpu/cpu15/cache/index3/coherency_line_size
[25Jul2026 23:47:29.595] [Render thread/DEBUG] [oshi.util.FileUtil/]: Reading file /sys/devices/system/cpu/cpu15/cache/index3/size
[25Jul2026 23:47:29.595] [Render thread/DEBUG] [oshi.util.FileUtil/]: Reading file /sys/devices/system/cpu/cpu15/cache/index3/size
[25Jul2026 23:47:29.595] [Render thread/DEBUG] [oshi.util.FileUtil/]: Reading file /sys/devices/system/cpu/cpu15/cache/index1/level
[25Jul2026 23:47:29.595] [Render thread/DEBUG] [oshi.util.FileUtil/]: Reading file /sys/devices/system/cpu/cpu15/cache/index1/level
[25Jul2026 23:47:29.595] [Render thread/DEBUG] [oshi.util.FileUtil/]: Reading file /sys/devices/system/cpu/cpu15/cache/index1/type
[25Jul2026 23:47:29.596] [Render thread/DEBUG] [oshi.util.FileUtil/]: Reading file /sys/devices/system/cpu/cpu15/cache/index1/type
[25Jul2026 23:47:29.596] [Render thread/DEBUG] [oshi.util.FileUtil/]: Reading file /sys/devices/system/cpu/cpu15/cache/index1/ways_of_associativity
[25Jul2026 23:47:29.596] [Render thread/DEBUG] [oshi.util.FileUtil/]: Reading file /sys/devices/system/cpu/cpu15/cache/index1/ways_of_associativity
[25Jul2026 23:47:29.596] [Render thread/DEBUG] [oshi.util.FileUtil/]: Reading file /sys/devices/system/cpu/cpu15/cache/index1/coherency_line_size
[25Jul2026 23:47:29.596] [Render thread/DEBUG] [oshi.util.FileUtil/]: Reading file /sys/devices/system/cpu/cpu15/cache/index1/coherency_line_size
[25Jul2026 23:47:29.596] [Render thread/DEBUG] [oshi.util.FileUtil/]: Reading file /sys/devices/system/cpu/cpu15/cache/index1/size
[25Jul2026 23:47:29.596] [Render thread/DEBUG] [oshi.util.FileUtil/]: Reading file /sys/devices/system/cpu/cpu15/cache/index1/size
[25Jul2026 23:47:29.596] [Render thread/DEBUG] [oshi.util.FileUtil/]: Reading file /sys/devices/system/cpu/cpu16/topology/core_id
[25Jul2026 23:47:29.596] [Render thread/DEBUG] [oshi.util.FileUtil/]: Reading file /sys/devices/system/cpu/cpu16/topology/core_id
[25Jul2026 23:47:29.596] [Render thread/DEBUG] [oshi.util.FileUtil/]: Reading file /sys/devices/system/cpu/cpu16/topology/physical_package_id
[25Jul2026 23:47:29.596] [Render thread/DEBUG] [oshi.util.FileUtil/]: Reading file /sys/devices/system/cpu/cpu16/topology/physical_package_id
[25Jul2026 23:47:29.596] [Render thread/DEBUG] [oshi.util.FileUtil/]: Reading file /sys/devices/system/cpu/cpu16/cpu_capacity
[25Jul2026 23:47:29.596] [Render thread/DEBUG] [oshi.util.FileUtil/]: Reading file /sys/devices/system/cpu/cpu16/cpu_capacity
[25Jul2026 23:47:29.596] [Render thread/DEBUG] [oshi.util.FileUtil/]: Reading file /sys/devices/system/cpu/cpu16/cache/index2/level
[25Jul2026 23:47:29.596] [Render thread/DEBUG] [oshi.util.FileUtil/]: Reading file /sys/devices/system/cpu/cpu16/cache/index2/level
[25Jul2026 23:47:29.596] [Render thread/DEBUG] [oshi.util.FileUtil/]: Reading file /sys/devices/system/cpu/cpu16/cache/index2/type
[25Jul2026 23:47:29.596] [Render thread/DEBUG] [oshi.util.FileUtil/]: Reading file /sys/devices/system/cpu/cpu16/cache/index2/type
[25Jul2026 23:47:29.597] [Render thread/DEBUG] [oshi.util.FileUtil/]: Reading file /sys/devices/system/cpu/cpu16/cache/index2/ways_of_associativity
[25Jul2026 23:47:29.597] [Render thread/DEBUG] [oshi.util.FileUtil/]: Reading file /sys/devices/system/cpu/cpu16/cache/index2/ways_of_associativity
[25Jul2026 23:47:29.597] [Render thread/DEBUG] [oshi.util.FileUtil/]: Reading file /sys/devices/system/cpu/cpu16/cache/index2/coherency_line_size
[25Jul2026 23:47:29.597] [Render thread/DEBUG] [oshi.util.FileUtil/]: Reading file /sys/devices/system/cpu/cpu16/cache/index2/coherency_line_size
[25Jul2026 23:47:29.597] [Render thread/DEBUG] [oshi.util.FileUtil/]: Reading file /sys/devices/system/cpu/cpu16/cache/index2/size
[25Jul2026 23:47:29.597] [Render thread/DEBUG] [oshi.util.FileUtil/]: Reading file /sys/devices/system/cpu/cpu16/cache/index2/size
[25Jul2026 23:47:29.597] [Render thread/DEBUG] [oshi.util.FileUtil/]: Reading file /sys/devices/system/cpu/cpu16/cache/index0/level
[25Jul2026 23:47:29.597] [Render thread/DEBUG] [oshi.util.FileUtil/]: Reading file /sys/devices/system/cpu/cpu16/cache/index0/level
[25Jul2026 23:47:29.597] [Render thread/DEBUG] [oshi.util.FileUtil/]: Reading file /sys/devices/system/cpu/cpu16/cache/index0/type
[25Jul2026 23:47:29.597] [Render thread/DEBUG] [oshi.util.FileUtil/]: Reading file /sys/devices/system/cpu/cpu16/cache/index0/type
[25Jul2026 23:47:29.597] [Render thread/DEBUG] [oshi.util.FileUtil/]: Reading file /sys/devices/system/cpu/cpu16/cache/index0/ways_of_associativity
[25Jul2026 23:47:29.597] [Render thread/DEBUG] [oshi.util.FileUtil/]: Reading file /sys/devices/system/cpu/cpu16/cache/index0/ways_of_associativity
[25Jul2026 23:47:29.597] [Render thread/DEBUG] [oshi.util.FileUtil/]: Reading file /sys/devices/system/cpu/cpu16/cache/index0/coherency_line_size
[25Jul2026 23:47:29.597] [Render thread/DEBUG] [oshi.util.FileUtil/]: Reading file /sys/devices/system/cpu/cpu16/cache/index0/coherency_line_size
[25Jul2026 23:47:29.597] [Render thread/DEBUG] [oshi.util.FileUtil/]: Reading file /sys/devices/system/cpu/cpu16/cache/index0/size
[25Jul2026 23:47:29.597] [Render thread/DEBUG] [oshi.util.FileUtil/]: Reading file /sys/devices/system/cpu/cpu16/cache/index0/size
[25Jul2026 23:47:29.597] [Render thread/DEBUG] [oshi.util.FileUtil/]: Reading file /sys/devices/system/cpu/cpu16/cache/index3/level
[25Jul2026 23:47:29.597] [Render thread/DEBUG] [oshi.util.FileUtil/]: Reading file /sys/devices/system/cpu/cpu16/cache/index3/level
[25Jul2026 23:47:29.597] [Render thread/DEBUG] [oshi.util.FileUtil/]: Reading file /sys/devices/system/cpu/cpu16/cache/index3/type
[25Jul2026 23:47:29.597] [Render thread/DEBUG] [oshi.util.FileUtil/]: Reading file /sys/devices/system/cpu/cpu16/cache/index3/type
[25Jul2026 23:47:29.597] [Render thread/DEBUG] [oshi.util.FileUtil/]: Reading file /sys/devices/system/cpu/cpu16/cache/index3/ways_of_associativity
[25Jul2026 23:47:29.597] [Render thread/DEBUG] [oshi.util.FileUtil/]: Reading file /sys/devices/system/cpu/cpu16/cache/index3/ways_of_associativity
[25Jul2026 23:47:29.597] [Render thread/DEBUG] [oshi.util.FileUtil/]: Reading file /sys/devices/system/cpu/cpu16/cache/index3/coherency_line_size
[25Jul2026 23:47:29.597] [Render thread/DEBUG] [oshi.util.FileUtil/]: Reading file /sys/devices/system/cpu/cpu16/cache/index3/coherency_line_size
[25Jul2026 23:47:29.597] [Render thread/DEBUG] [oshi.util.FileUtil/]: Reading file /sys/devices/system/cpu/cpu16/cache/index3/size
[25Jul2026 23:47:29.597] [Render thread/DEBUG] [oshi.util.FileUtil/]: Reading file /sys/devices/system/cpu/cpu16/cache/index3/size
[25Jul2026 23:47:29.597] [Render thread/DEBUG] [oshi.util.FileUtil/]: Reading file /sys/devices/system/cpu/cpu16/cache/index1/level
[25Jul2026 23:47:29.597] [Render thread/DEBUG] [oshi.util.FileUtil/]: Reading file /sys/devices/system/cpu/cpu16/cache/index1/level
[25Jul2026 23:47:29.597] [Render thread/DEBUG] [oshi.util.FileUtil/]: Reading file /sys/devices/system/cpu/cpu16/cache/index1/type
[25Jul2026 23:47:29.597] [Render thread/DEBUG] [oshi.util.FileUtil/]: Reading file /sys/devices/system/cpu/cpu16/cache/index1/type
[25Jul2026 23:47:29.597] [Render thread/DEBUG] [oshi.util.FileUtil/]: Reading file /sys/devices/system/cpu/cpu16/cache/index1/ways_of_associativity
[25Jul2026 23:47:29.597] [Render thread/DEBUG] [oshi.util.FileUtil/]: Reading file /sys/devices/system/cpu/cpu16/cache/index1/ways_of_associativity
[25Jul2026 23:47:29.597] [Render thread/DEBUG] [oshi.util.FileUtil/]: Reading file /sys/devices/system/cpu/cpu16/cache/index1/coherency_line_size
[25Jul2026 23:47:29.597] [Render thread/DEBUG] [oshi.util.FileUtil/]: Reading file /sys/devices/system/cpu/cpu16/cache/index1/coherency_line_size
[25Jul2026 23:47:29.598] [Render thread/DEBUG] [oshi.util.FileUtil/]: Reading file /sys/devices/system/cpu/cpu16/cache/index1/size
[25Jul2026 23:47:29.598] [Render thread/DEBUG] [oshi.util.FileUtil/]: Reading file /sys/devices/system/cpu/cpu16/cache/index1/size
[25Jul2026 23:47:29.598] [Render thread/DEBUG] [oshi.util.FileUtil/]: Reading file /sys/devices/system/cpu/cpu17/topology/core_id
[25Jul2026 23:47:29.598] [Render thread/DEBUG] [oshi.util.FileUtil/]: Reading file /sys/devices/system/cpu/cpu17/topology/core_id
[25Jul2026 23:47:29.598] [Render thread/DEBUG] [oshi.util.FileUtil/]: Reading file /sys/devices/system/cpu/cpu17/topology/physical_package_id
[25Jul2026 23:47:29.598] [Render thread/DEBUG] [oshi.util.FileUtil/]: Reading file /sys/devices/system/cpu/cpu17/topology/physical_package_id
[25Jul2026 23:47:29.598] [Render thread/DEBUG] [oshi.util.FileUtil/]: Reading file /sys/devices/system/cpu/cpu17/cpu_capacity
[25Jul2026 23:47:29.598] [Render thread/DEBUG] [oshi.util.FileUtil/]: Reading file /sys/devices/system/cpu/cpu17/cpu_capacity
[25Jul2026 23:47:29.598] [Render thread/DEBUG] [oshi.util.FileUtil/]: Reading file /sys/devices/system/cpu/cpu17/cache/index2/level
[25Jul2026 23:47:29.598] [Render thread/DEBUG] [oshi.util.FileUtil/]: Reading file /sys/devices/system/cpu/cpu17/cache/index2/level
[25Jul2026 23:47:29.598] [Render thread/DEBUG] [oshi.util.FileUtil/]: Reading file /sys/devices/system/cpu/cpu17/cache/index2/type
[25Jul2026 23:47:29.598] [Render thread/DEBUG] [oshi.util.FileUtil/]: Reading file /sys/devices/system/cpu/cpu17/cache/index2/type
[25Jul2026 23:47:29.598] [Render thread/DEBUG] [oshi.util.FileUtil/]: Reading file /sys/devices/system/cpu/cpu17/cache/index2/ways_of_associativity
[25Jul2026 23:47:29.598] [Render thread/DEBUG] [oshi.util.FileUtil/]: Reading file /sys/devices/system/cpu/cpu17/cache/index2/ways_of_associativity
[25Jul2026 23:47:29.598] [Render thread/DEBUG] [oshi.util.FileUtil/]: Reading file /sys/devices/system/cpu/cpu17/cache/index2/coherency_line_size
[25Jul2026 23:47:29.598] [Render thread/DEBUG] [oshi.util.FileUtil/]: Reading file /sys/devices/system/cpu/cpu17/cache/index2/coherency_line_size
[25Jul2026 23:47:29.598] [Render thread/DEBUG] [oshi.util.FileUtil/]: Reading file /sys/devices/system/cpu/cpu17/cache/index2/size
[25Jul2026 23:47:29.599] [Render thread/DEBUG] [oshi.util.FileUtil/]: Reading file /sys/devices/system/cpu/cpu17/cache/index2/size
[25Jul2026 23:47:29.599] [Render thread/DEBUG] [oshi.util.FileUtil/]: Reading file /sys/devices/system/cpu/cpu17/cache/index0/level
[25Jul2026 23:47:29.599] [Render thread/DEBUG] [oshi.util.FileUtil/]: Reading file /sys/devices/system/cpu/cpu17/cache/index0/level
[25Jul2026 23:47:29.599] [Render thread/DEBUG] [oshi.util.FileUtil/]: Reading file /sys/devices/system/cpu/cpu17/cache/index0/type
[25Jul2026 23:47:29.599] [Render thread/DEBUG] [oshi.util.FileUtil/]: Reading file /sys/devices/system/cpu/cpu17/cache/index0/type
[25Jul2026 23:47:29.599] [Render thread/DEBUG] [oshi.util.FileUtil/]: Reading file /sys/devices/system/cpu/cpu17/cache/index0/ways_of_associativity
[25Jul2026 23:47:29.599] [Render thread/DEBUG] [oshi.util.FileUtil/]: Reading file /sys/devices/system/cpu/cpu17/cache/index0/ways_of_associativity
[25Jul2026 23:47:29.599] [Render thread/DEBUG] [oshi.util.FileUtil/]: Reading file /sys/devices/system/cpu/cpu17/cache/index0/coherency_line_size
[25Jul2026 23:47:29.599] [Render thread/DEBUG] [oshi.util.FileUtil/]: Reading file /sys/devices/system/cpu/cpu17/cache/index0/coherency_line_size
[25Jul2026 23:47:29.599] [Render thread/DEBUG] [oshi.util.FileUtil/]: Reading file /sys/devices/system/cpu/cpu17/cache/index0/size
[25Jul2026 23:47:29.599] [Render thread/DEBUG] [oshi.util.FileUtil/]: Reading file /sys/devices/system/cpu/cpu17/cache/index0/size
[25Jul2026 23:47:29.599] [Render thread/DEBUG] [oshi.util.FileUtil/]: Reading file /sys/devices/system/cpu/cpu17/cache/index3/level
[25Jul2026 23:47:29.599] [Render thread/DEBUG] [oshi.util.FileUtil/]: Reading file /sys/devices/system/cpu/cpu17/cache/index3/level
[25Jul2026 23:47:29.599] [Render thread/DEBUG] [oshi.util.FileUtil/]: Reading file /sys/devices/system/cpu/cpu17/cache/index3/type
[25Jul2026 23:47:29.599] [Render thread/DEBUG] [oshi.util.FileUtil/]: Reading file /sys/devices/system/cpu/cpu17/cache/index3/type
[25Jul2026 23:47:29.599] [Render thread/DEBUG] [oshi.util.FileUtil/]: Reading file /sys/devices/system/cpu/cpu17/cache/index3/ways_of_associativity
[25Jul2026 23:47:29.599] [Render thread/DEBUG] [oshi.util.FileUtil/]: Reading file /sys/devices/system/cpu/cpu17/cache/index3/ways_of_associativity
[25Jul2026 23:47:29.599] [Render thread/DEBUG] [oshi.util.FileUtil/]: Reading file /sys/devices/system/cpu/cpu17/cache/index3/coherency_line_size
[25Jul2026 23:47:29.599] [Render thread/DEBUG] [oshi.util.FileUtil/]: Reading file /sys/devices/system/cpu/cpu17/cache/index3/coherency_line_size
[25Jul2026 23:47:29.599] [Render thread/DEBUG] [oshi.util.FileUtil/]: Reading file /sys/devices/system/cpu/cpu17/cache/index3/size
[25Jul2026 23:47:29.599] [Render thread/DEBUG] [oshi.util.FileUtil/]: Reading file /sys/devices/system/cpu/cpu17/cache/index3/size
[25Jul2026 23:47:29.599] [Render thread/DEBUG] [oshi.util.FileUtil/]: Reading file /sys/devices/system/cpu/cpu17/cache/index1/level
[25Jul2026 23:47:29.599] [Render thread/DEBUG] [oshi.util.FileUtil/]: Reading file /sys/devices/system/cpu/cpu17/cache/index1/level
[25Jul2026 23:47:29.599] [Render thread/DEBUG] [oshi.util.FileUtil/]: Reading file /sys/devices/system/cpu/cpu17/cache/index1/type
[25Jul2026 23:47:29.599] [Render thread/DEBUG] [oshi.util.FileUtil/]: Reading file /sys/devices/system/cpu/cpu17/cache/index1/type
[25Jul2026 23:47:29.600] [Render thread/DEBUG] [oshi.util.FileUtil/]: Reading file /sys/devices/system/cpu/cpu17/cache/index1/ways_of_associativity
[25Jul2026 23:47:29.600] [Render thread/DEBUG] [oshi.util.FileUtil/]: Reading file /sys/devices/system/cpu/cpu17/cache/index1/ways_of_associativity
[25Jul2026 23:47:29.600] [Render thread/DEBUG] [oshi.util.FileUtil/]: Reading file /sys/devices/system/cpu/cpu17/cache/index1/coherency_line_size
[25Jul2026 23:47:29.600] [Render thread/DEBUG] [oshi.util.FileUtil/]: Reading file /sys/devices/system/cpu/cpu17/cache/index1/coherency_line_size
[25Jul2026 23:47:29.600] [Render thread/DEBUG] [oshi.util.FileUtil/]: Reading file /sys/devices/system/cpu/cpu17/cache/index1/size
[25Jul2026 23:47:29.600] [Render thread/DEBUG] [oshi.util.FileUtil/]: Reading file /sys/devices/system/cpu/cpu17/cache/index1/size
[25Jul2026 23:47:29.600] [Render thread/DEBUG] [oshi.util.FileUtil/]: Reading file /sys/devices/system/cpu/cpu18/topology/core_id
[25Jul2026 23:47:29.600] [Render thread/DEBUG] [oshi.util.FileUtil/]: Reading file /sys/devices/system/cpu/cpu18/topology/core_id
[25Jul2026 23:47:29.600] [Render thread/DEBUG] [oshi.util.FileUtil/]: Reading file /sys/devices/system/cpu/cpu18/topology/physical_package_id
[25Jul2026 23:47:29.600] [Render thread/DEBUG] [oshi.util.FileUtil/]: Reading file /sys/devices/system/cpu/cpu18/topology/physical_package_id
[25Jul2026 23:47:29.600] [Render thread/DEBUG] [oshi.util.FileUtil/]: Reading file /sys/devices/system/cpu/cpu18/cpu_capacity
[25Jul2026 23:47:29.600] [Render thread/DEBUG] [oshi.util.FileUtil/]: Reading file /sys/devices/system/cpu/cpu18/cpu_capacity
[25Jul2026 23:47:29.600] [Render thread/DEBUG] [oshi.util.FileUtil/]: Reading file /sys/devices/system/cpu/cpu18/cache/index2/level
[25Jul2026 23:47:29.600] [Render thread/DEBUG] [oshi.util.FileUtil/]: Reading file /sys/devices/system/cpu/cpu18/cache/index2/level
[25Jul2026 23:47:29.600] [Render thread/DEBUG] [oshi.util.FileUtil/]: Reading file /sys/devices/system/cpu/cpu18/cache/index2/type
[25Jul2026 23:47:29.600] [Render thread/DEBUG] [oshi.util.FileUtil/]: Reading file /sys/devices/system/cpu/cpu18/cache/index2/type
[25Jul2026 23:47:29.600] [Render thread/DEBUG] [oshi.util.FileUtil/]: Reading file /sys/devices/system/cpu/cpu18/cache/index2/ways_of_associativity
[25Jul2026 23:47:29.600] [Render thread/DEBUG] [oshi.util.FileUtil/]: Reading file /sys/devices/system/cpu/cpu18/cache/index2/ways_of_associativity
[25Jul2026 23:47:29.600] [Render thread/DEBUG] [oshi.util.FileUtil/]: Reading file /sys/devices/system/cpu/cpu18/cache/index2/coherency_line_size
[25Jul2026 23:47:29.600] [Render thread/DEBUG] [oshi.util.FileUtil/]: Reading file /sys/devices/system/cpu/cpu18/cache/index2/coherency_line_size
[25Jul2026 23:47:29.600] [Render thread/DEBUG] [oshi.util.FileUtil/]: Reading file /sys/devices/system/cpu/cpu18/cache/index2/size
[25Jul2026 23:47:29.600] [Render thread/DEBUG] [oshi.util.FileUtil/]: Reading file /sys/devices/system/cpu/cpu18/cache/index2/size
[25Jul2026 23:47:29.600] [Render thread/DEBUG] [oshi.util.FileUtil/]: Reading file /sys/devices/system/cpu/cpu18/cache/index0/level
[25Jul2026 23:47:29.600] [Render thread/DEBUG] [oshi.util.FileUtil/]: Reading file /sys/devices/system/cpu/cpu18/cache/index0/level
[25Jul2026 23:47:29.601] [Render thread/DEBUG] [oshi.util.FileUtil/]: Reading file /sys/devices/system/cpu/cpu18/cache/index0/type
[25Jul2026 23:47:29.601] [Render thread/DEBUG] [oshi.util.FileUtil/]: Reading file /sys/devices/system/cpu/cpu18/cache/index0/type
[25Jul2026 23:47:29.601] [Render thread/DEBUG] [oshi.util.FileUtil/]: Reading file /sys/devices/system/cpu/cpu18/cache/index0/ways_of_associativity
[25Jul2026 23:47:29.601] [Render thread/DEBUG] [oshi.util.FileUtil/]: Reading file /sys/devices/system/cpu/cpu18/cache/index0/ways_of_associativity
[25Jul2026 23:47:29.601] [Render thread/DEBUG] [oshi.util.FileUtil/]: Reading file /sys/devices/system/cpu/cpu18/cache/index0/coherency_line_size
[25Jul2026 23:47:29.601] [Render thread/DEBUG] [oshi.util.FileUtil/]: Reading file /sys/devices/system/cpu/cpu18/cache/index0/coherency_line_size
[25Jul2026 23:47:29.601] [Render thread/DEBUG] [oshi.util.FileUtil/]: Reading file /sys/devices/system/cpu/cpu18/cache/index0/size
[25Jul2026 23:47:29.601] [Render thread/DEBUG] [oshi.util.FileUtil/]: Reading file /sys/devices/system/cpu/cpu18/cache/index0/size
[25Jul2026 23:47:29.601] [Render thread/DEBUG] [oshi.util.FileUtil/]: Reading file /sys/devices/system/cpu/cpu18/cache/index3/level
[25Jul2026 23:47:29.601] [Render thread/DEBUG] [oshi.util.FileUtil/]: Reading file /sys/devices/system/cpu/cpu18/cache/index3/level
[25Jul2026 23:47:29.601] [Render thread/DEBUG] [oshi.util.FileUtil/]: Reading file /sys/devices/system/cpu/cpu18/cache/index3/type
[25Jul2026 23:47:29.601] [Render thread/DEBUG] [oshi.util.FileUtil/]: Reading file /sys/devices/system/cpu/cpu18/cache/index3/type
[25Jul2026 23:47:29.601] [Render thread/DEBUG] [oshi.util.FileUtil/]: Reading file /sys/devices/system/cpu/cpu18/cache/index3/ways_of_associativity
[25Jul2026 23:47:29.601] [Render thread/DEBUG] [oshi.util.FileUtil/]: Reading file /sys/devices/system/cpu/cpu18/cache/index3/ways_of_associativity
[25Jul2026 23:47:29.601] [Render thread/DEBUG] [oshi.util.FileUtil/]: Reading file /sys/devices/system/cpu/cpu18/cache/index3/coherency_line_size
[25Jul2026 23:47:29.601] [Render thread/DEBUG] [oshi.util.FileUtil/]: Reading file /sys/devices/system/cpu/cpu18/cache/index3/coherency_line_size
[25Jul2026 23:47:29.601] [Render thread/DEBUG] [oshi.util.FileUtil/]: Reading file /sys/devices/system/cpu/cpu18/cache/index3/size
[25Jul2026 23:47:29.601] [Render thread/DEBUG] [oshi.util.FileUtil/]: Reading file /sys/devices/system/cpu/cpu18/cache/index3/size
[25Jul2026 23:47:29.601] [Render thread/DEBUG] [oshi.util.FileUtil/]: Reading file /sys/devices/system/cpu/cpu18/cache/index1/level
[25Jul2026 23:47:29.601] [Render thread/DEBUG] [oshi.util.FileUtil/]: Reading file /sys/devices/system/cpu/cpu18/cache/index1/level
[25Jul2026 23:47:29.601] [Render thread/DEBUG] [oshi.util.FileUtil/]: Reading file /sys/devices/system/cpu/cpu18/cache/index1/type
[25Jul2026 23:47:29.601] [Render thread/DEBUG] [oshi.util.FileUtil/]: Reading file /sys/devices/system/cpu/cpu18/cache/index1/type
[25Jul2026 23:47:29.601] [Render thread/DEBUG] [oshi.util.FileUtil/]: Reading file /sys/devices/system/cpu/cpu18/cache/index1/ways_of_associativity
[25Jul2026 23:47:29.601] [Render thread/DEBUG] [oshi.util.FileUtil/]: Reading file /sys/devices/system/cpu/cpu18/cache/index1/ways_of_associativity
[25Jul2026 23:47:29.601] [Render thread/DEBUG] [oshi.util.FileUtil/]: Reading file /sys/devices/system/cpu/cpu18/cache/index1/coherency_line_size
[25Jul2026 23:47:29.601] [Render thread/DEBUG] [oshi.util.FileUtil/]: Reading file /sys/devices/system/cpu/cpu18/cache/index1/coherency_line_size
[25Jul2026 23:47:29.601] [Render thread/DEBUG] [oshi.util.FileUtil/]: Reading file /sys/devices/system/cpu/cpu18/cache/index1/size
[25Jul2026 23:47:29.601] [Render thread/DEBUG] [oshi.util.FileUtil/]: Reading file /sys/devices/system/cpu/cpu18/cache/index1/size
[25Jul2026 23:47:29.602] [Render thread/DEBUG] [oshi.util.FileUtil/]: Reading file /sys/devices/system/cpu/cpu19/topology/core_id
[25Jul2026 23:47:29.602] [Render thread/DEBUG] [oshi.util.FileUtil/]: Reading file /sys/devices/system/cpu/cpu19/topology/core_id
[25Jul2026 23:47:29.602] [Render thread/DEBUG] [oshi.util.FileUtil/]: Reading file /sys/devices/system/cpu/cpu19/topology/physical_package_id
[25Jul2026 23:47:29.602] [Render thread/DEBUG] [oshi.util.FileUtil/]: Reading file /sys/devices/system/cpu/cpu19/topology/physical_package_id
[25Jul2026 23:47:29.602] [Render thread/DEBUG] [oshi.util.FileUtil/]: Reading file /sys/devices/system/cpu/cpu19/cpu_capacity
[25Jul2026 23:47:29.602] [Render thread/DEBUG] [oshi.util.FileUtil/]: Reading file /sys/devices/system/cpu/cpu19/cpu_capacity
[25Jul2026 23:47:29.602] [Render thread/DEBUG] [oshi.util.FileUtil/]: Reading file /sys/devices/system/cpu/cpu19/cache/index2/level
[25Jul2026 23:47:29.602] [Render thread/DEBUG] [oshi.util.FileUtil/]: Reading file /sys/devices/system/cpu/cpu19/cache/index2/level
[25Jul2026 23:47:29.602] [Render thread/DEBUG] [oshi.util.FileUtil/]: Reading file /sys/devices/system/cpu/cpu19/cache/index2/type
[25Jul2026 23:47:29.602] [Render thread/DEBUG] [oshi.util.FileUtil/]: Reading file /sys/devices/system/cpu/cpu19/cache/index2/type
[25Jul2026 23:47:29.602] [Render thread/DEBUG] [oshi.util.FileUtil/]: Reading file /sys/devices/system/cpu/cpu19/cache/index2/ways_of_associativity
[25Jul2026 23:47:29.602] [Render thread/DEBUG] [oshi.util.FileUtil/]: Reading file /sys/devices/system/cpu/cpu19/cache/index2/ways_of_associativity
[25Jul2026 23:47:29.602] [Render thread/DEBUG] [oshi.util.FileUtil/]: Reading file /sys/devices/system/cpu/cpu19/cache/index2/coherency_line_size
[25Jul2026 23:47:29.602] [Render thread/DEBUG] [oshi.util.FileUtil/]: Reading file /sys/devices/system/cpu/cpu19/cache/index2/coherency_line_size
[25Jul2026 23:47:29.602] [Render thread/DEBUG] [oshi.util.FileUtil/]: Reading file /sys/devices/system/cpu/cpu19/cache/index2/size
[25Jul2026 23:47:29.602] [Render thread/DEBUG] [oshi.util.FileUtil/]: Reading file /sys/devices/system/cpu/cpu19/cache/index2/size
[25Jul2026 23:47:29.602] [Render thread/DEBUG] [oshi.util.FileUtil/]: Reading file /sys/devices/system/cpu/cpu19/cache/index0/level
[25Jul2026 23:47:29.602] [Render thread/DEBUG] [oshi.util.FileUtil/]: Reading file /sys/devices/system/cpu/cpu19/cache/index0/level
[25Jul2026 23:47:29.602] [Render thread/DEBUG] [oshi.util.FileUtil/]: Reading file /sys/devices/system/cpu/cpu19/cache/index0/type
[25Jul2026 23:47:29.602] [Render thread/DEBUG] [oshi.util.FileUtil/]: Reading file /sys/devices/system/cpu/cpu19/cache/index0/type
[25Jul2026 23:47:29.602] [Render thread/DEBUG] [oshi.util.FileUtil/]: Reading file /sys/devices/system/cpu/cpu19/cache/index0/ways_of_associativity
[25Jul2026 23:47:29.602] [Render thread/DEBUG] [oshi.util.FileUtil/]: Reading file /sys/devices/system/cpu/cpu19/cache/index0/ways_of_associativity
[25Jul2026 23:47:29.602] [Render thread/DEBUG] [oshi.util.FileUtil/]: Reading file /sys/devices/system/cpu/cpu19/cache/index0/coherency_line_size
[25Jul2026 23:47:29.602] [Render thread/DEBUG] [oshi.util.FileUtil/]: Reading file /sys/devices/system/cpu/cpu19/cache/index0/coherency_line_size
[25Jul2026 23:47:29.602] [Render thread/DEBUG] [oshi.util.FileUtil/]: Reading file /sys/devices/system/cpu/cpu19/cache/index0/size
[25Jul2026 23:47:29.602] [Render thread/DEBUG] [oshi.util.FileUtil/]: Reading file /sys/devices/system/cpu/cpu19/cache/index0/size
[25Jul2026 23:47:29.602] [Render thread/DEBUG] [oshi.util.FileUtil/]: Reading file /sys/devices/system/cpu/cpu19/cache/index3/level
[25Jul2026 23:47:29.602] [Render thread/DEBUG] [oshi.util.FileUtil/]: Reading file /sys/devices/system/cpu/cpu19/cache/index3/level
[25Jul2026 23:47:29.602] [Render thread/DEBUG] [oshi.util.FileUtil/]: Reading file /sys/devices/system/cpu/cpu19/cache/index3/type
[25Jul2026 23:47:29.602] [Render thread/DEBUG] [oshi.util.FileUtil/]: Reading file /sys/devices/system/cpu/cpu19/cache/index3/type
[25Jul2026 23:47:29.603] [Render thread/DEBUG] [oshi.util.FileUtil/]: Reading file /sys/devices/system/cpu/cpu19/cache/index3/ways_of_associativity
[25Jul2026 23:47:29.603] [Render thread/DEBUG] [oshi.util.FileUtil/]: Reading file /sys/devices/system/cpu/cpu19/cache/index3/ways_of_associativity
[25Jul2026 23:47:29.603] [Render thread/DEBUG] [oshi.util.FileUtil/]: Reading file /sys/devices/system/cpu/cpu19/cache/index3/coherency_line_size
[25Jul2026 23:47:29.603] [Render thread/DEBUG] [oshi.util.FileUtil/]: Reading file /sys/devices/system/cpu/cpu19/cache/index3/coherency_line_size
[25Jul2026 23:47:29.603] [Render thread/DEBUG] [oshi.util.FileUtil/]: Reading file /sys/devices/system/cpu/cpu19/cache/index3/size
[25Jul2026 23:47:29.603] [Render thread/DEBUG] [oshi.util.FileUtil/]: Reading file /sys/devices/system/cpu/cpu19/cache/index3/size
[25Jul2026 23:47:29.603] [Render thread/DEBUG] [oshi.util.FileUtil/]: Reading file /sys/devices/system/cpu/cpu19/cache/index1/level
[25Jul2026 23:47:29.603] [Render thread/DEBUG] [oshi.util.FileUtil/]: Reading file /sys/devices/system/cpu/cpu19/cache/index1/level
[25Jul2026 23:47:29.603] [Render thread/DEBUG] [oshi.util.FileUtil/]: Reading file /sys/devices/system/cpu/cpu19/cache/index1/type
[25Jul2026 23:47:29.603] [Render thread/DEBUG] [oshi.util.FileUtil/]: Reading file /sys/devices/system/cpu/cpu19/cache/index1/type
[25Jul2026 23:47:29.603] [Render thread/DEBUG] [oshi.util.FileUtil/]: Reading file /sys/devices/system/cpu/cpu19/cache/index1/ways_of_associativity
[25Jul2026 23:47:29.603] [Render thread/DEBUG] [oshi.util.FileUtil/]: Reading file /sys/devices/system/cpu/cpu19/cache/index1/ways_of_associativity
[25Jul2026 23:47:29.603] [Render thread/DEBUG] [oshi.util.FileUtil/]: Reading file /sys/devices/system/cpu/cpu19/cache/index1/coherency_line_size
[25Jul2026 23:47:29.603] [Render thread/DEBUG] [oshi.util.FileUtil/]: Reading file /sys/devices/system/cpu/cpu19/cache/index1/coherency_line_size
[25Jul2026 23:47:29.603] [Render thread/DEBUG] [oshi.util.FileUtil/]: Reading file /sys/devices/system/cpu/cpu19/cache/index1/size
[25Jul2026 23:47:29.603] [Render thread/DEBUG] [oshi.util.FileUtil/]: Reading file /sys/devices/system/cpu/cpu19/cache/index1/size
[25Jul2026 23:47:29.603] [Render thread/DEBUG] [oshi.util.FileUtil/]: Reading file /sys/devices/system/cpu/cpu2/topology/core_id
[25Jul2026 23:47:29.603] [Render thread/DEBUG] [oshi.util.FileUtil/]: Reading file /sys/devices/system/cpu/cpu2/topology/core_id
[25Jul2026 23:47:29.603] [Render thread/DEBUG] [oshi.util.FileUtil/]: Reading file /sys/devices/system/cpu/cpu2/topology/physical_package_id
[25Jul2026 23:47:29.603] [Render thread/DEBUG] [oshi.util.FileUtil/]: Reading file /sys/devices/system/cpu/cpu2/topology/physical_package_id
[25Jul2026 23:47:29.603] [Render thread/DEBUG] [oshi.util.FileUtil/]: Reading file /sys/devices/system/cpu/cpu2/cpu_capacity
[25Jul2026 23:47:29.603] [Render thread/DEBUG] [oshi.util.FileUtil/]: Reading file /sys/devices/system/cpu/cpu2/cpu_capacity
[25Jul2026 23:47:29.604] [Render thread/DEBUG] [oshi.util.FileUtil/]: Reading file /sys/devices/system/cpu/cpu2/cache/index2/level
[25Jul2026 23:47:29.604] [Render thread/DEBUG] [oshi.util.FileUtil/]: Reading file /sys/devices/system/cpu/cpu2/cache/index2/level
[25Jul2026 23:47:29.604] [Render thread/DEBUG] [oshi.util.FileUtil/]: Reading file /sys/devices/system/cpu/cpu2/cache/index2/type
[25Jul2026 23:47:29.604] [Render thread/DEBUG] [oshi.util.FileUtil/]: Reading file /sys/devices/system/cpu/cpu2/cache/index2/type
[25Jul2026 23:47:29.604] [Render thread/DEBUG] [oshi.util.FileUtil/]: Reading file /sys/devices/system/cpu/cpu2/cache/index2/ways_of_associativity
[25Jul2026 23:47:29.604] [Render thread/DEBUG] [oshi.util.FileUtil/]: Reading file /sys/devices/system/cpu/cpu2/cache/index2/ways_of_associativity
[25Jul2026 23:47:29.604] [Render thread/DEBUG] [oshi.util.FileUtil/]: Reading file /sys/devices/system/cpu/cpu2/cache/index2/coherency_line_size
[25Jul2026 23:47:29.604] [Render thread/DEBUG] [oshi.util.FileUtil/]: Reading file /sys/devices/system/cpu/cpu2/cache/index2/coherency_line_size
[25Jul2026 23:47:29.604] [Render thread/DEBUG] [oshi.util.FileUtil/]: Reading file /sys/devices/system/cpu/cpu2/cache/index2/size
[25Jul2026 23:47:29.604] [Render thread/DEBUG] [oshi.util.FileUtil/]: Reading file /sys/devices/system/cpu/cpu2/cache/index2/size
[25Jul2026 23:47:29.604] [Render thread/DEBUG] [oshi.util.FileUtil/]: Reading file /sys/devices/system/cpu/cpu2/cache/index0/level
[25Jul2026 23:47:29.604] [Render thread/DEBUG] [oshi.util.FileUtil/]: Reading file /sys/devices/system/cpu/cpu2/cache/index0/level
[25Jul2026 23:47:29.604] [Render thread/DEBUG] [oshi.util.FileUtil/]: Reading file /sys/devices/system/cpu/cpu2/cache/index0/type
[25Jul2026 23:47:29.604] [Render thread/DEBUG] [oshi.util.FileUtil/]: Reading file /sys/devices/system/cpu/cpu2/cache/index0/type
[25Jul2026 23:47:29.604] [Render thread/DEBUG] [oshi.util.FileUtil/]: Reading file /sys/devices/system/cpu/cpu2/cache/index0/ways_of_associativity
[25Jul2026 23:47:29.604] [Render thread/DEBUG] [oshi.util.FileUtil/]: Reading file /sys/devices/system/cpu/cpu2/cache/index0/ways_of_associativity
[25Jul2026 23:47:29.604] [Render thread/DEBUG] [oshi.util.FileUtil/]: Reading file /sys/devices/system/cpu/cpu2/cache/index0/coherency_line_size
[25Jul2026 23:47:29.604] [Render thread/DEBUG] [oshi.util.FileUtil/]: Reading file /sys/devices/system/cpu/cpu2/cache/index0/coherency_line_size
[25Jul2026 23:47:29.604] [Render thread/DEBUG] [oshi.util.FileUtil/]: Reading file /sys/devices/system/cpu/cpu2/cache/index0/size
[25Jul2026 23:47:29.604] [Render thread/DEBUG] [oshi.util.FileUtil/]: Reading file /sys/devices/system/cpu/cpu2/cache/index0/size
[25Jul2026 23:47:29.604] [Render thread/DEBUG] [oshi.util.FileUtil/]: Reading file /sys/devices/system/cpu/cpu2/cache/index3/level
[25Jul2026 23:47:29.604] [Render thread/DEBUG] [oshi.util.FileUtil/]: Reading file /sys/devices/system/cpu/cpu2/cache/index3/level
[25Jul2026 23:47:29.604] [Render thread/DEBUG] [oshi.util.FileUtil/]: Reading file /sys/devices/system/cpu/cpu2/cache/index3/type
[25Jul2026 23:47:29.604] [Render thread/DEBUG] [oshi.util.FileUtil/]: Reading file /sys/devices/system/cpu/cpu2/cache/index3/type
[25Jul2026 23:47:29.605] [Render thread/DEBUG] [oshi.util.FileUtil/]: Reading file /sys/devices/system/cpu/cpu2/cache/index3/ways_of_associativity
[25Jul2026 23:47:29.605] [Render thread/DEBUG] [oshi.util.FileUtil/]: Reading file /sys/devices/system/cpu/cpu2/cache/index3/ways_of_associativity
[25Jul2026 23:47:29.605] [Render thread/DEBUG] [oshi.util.FileUtil/]: Reading file /sys/devices/system/cpu/cpu2/cache/index3/coherency_line_size
[25Jul2026 23:47:29.605] [Render thread/DEBUG] [oshi.util.FileUtil/]: Reading file /sys/devices/system/cpu/cpu2/cache/index3/coherency_line_size
[25Jul2026 23:47:29.605] [Render thread/DEBUG] [oshi.util.FileUtil/]: Reading file /sys/devices/system/cpu/cpu2/cache/index3/size
[25Jul2026 23:47:29.605] [Render thread/DEBUG] [oshi.util.FileUtil/]: Reading file /sys/devices/system/cpu/cpu2/cache/index3/size
[25Jul2026 23:47:29.605] [Render thread/DEBUG] [oshi.util.FileUtil/]: Reading file /sys/devices/system/cpu/cpu2/cache/index1/level
[25Jul2026 23:47:29.605] [Render thread/DEBUG] [oshi.util.FileUtil/]: Reading file /sys/devices/system/cpu/cpu2/cache/index1/level
[25Jul2026 23:47:29.605] [Render thread/DEBUG] [oshi.util.FileUtil/]: Reading file /sys/devices/system/cpu/cpu2/cache/index1/type
[25Jul2026 23:47:29.605] [Render thread/DEBUG] [oshi.util.FileUtil/]: Reading file /sys/devices/system/cpu/cpu2/cache/index1/type
[25Jul2026 23:47:29.605] [Render thread/DEBUG] [oshi.util.FileUtil/]: Reading file /sys/devices/system/cpu/cpu2/cache/index1/ways_of_associativity
[25Jul2026 23:47:29.605] [Render thread/DEBUG] [oshi.util.FileUtil/]: Reading file /sys/devices/system/cpu/cpu2/cache/index1/ways_of_associativity
[25Jul2026 23:47:29.605] [Render thread/DEBUG] [oshi.util.FileUtil/]: Reading file /sys/devices/system/cpu/cpu2/cache/index1/coherency_line_size
[25Jul2026 23:47:29.605] [Render thread/DEBUG] [oshi.util.FileUtil/]: Reading file /sys/devices/system/cpu/cpu2/cache/index1/coherency_line_size
[25Jul2026 23:47:29.605] [Render thread/DEBUG] [oshi.util.FileUtil/]: Reading file /sys/devices/system/cpu/cpu2/cache/index1/size
[25Jul2026 23:47:29.605] [Render thread/DEBUG] [oshi.util.FileUtil/]: Reading file /sys/devices/system/cpu/cpu2/cache/index1/size
[25Jul2026 23:47:29.605] [Render thread/DEBUG] [oshi.util.FileUtil/]: Reading file /sys/devices/system/cpu/cpu20/topology/core_id
[25Jul2026 23:47:29.605] [Render thread/DEBUG] [oshi.util.FileUtil/]: Reading file /sys/devices/system/cpu/cpu20/topology/core_id
[25Jul2026 23:47:29.606] [Render thread/DEBUG] [oshi.util.FileUtil/]: Reading file /sys/devices/system/cpu/cpu20/topology/physical_package_id
[25Jul2026 23:47:29.606] [Render thread/DEBUG] [oshi.util.FileUtil/]: Reading file /sys/devices/system/cpu/cpu20/topology/physical_package_id
[25Jul2026 23:47:29.606] [Render thread/DEBUG] [oshi.util.FileUtil/]: Reading file /sys/devices/system/cpu/cpu20/cpu_capacity
[25Jul2026 23:47:29.606] [Render thread/DEBUG] [oshi.util.FileUtil/]: Reading file /sys/devices/system/cpu/cpu20/cpu_capacity
[25Jul2026 23:47:29.606] [Render thread/DEBUG] [oshi.util.FileUtil/]: Reading file /sys/devices/system/cpu/cpu20/cache/index2/level
[25Jul2026 23:47:29.606] [Render thread/DEBUG] [oshi.util.FileUtil/]: Reading file /sys/devices/system/cpu/cpu20/cache/index2/level
[25Jul2026 23:47:29.606] [Render thread/DEBUG] [oshi.util.FileUtil/]: Reading file /sys/devices/system/cpu/cpu20/cache/index2/type
[25Jul2026 23:47:29.606] [Render thread/DEBUG] [oshi.util.FileUtil/]: Reading file /sys/devices/system/cpu/cpu20/cache/index2/type
[25Jul2026 23:47:29.606] [Render thread/DEBUG] [oshi.util.FileUtil/]: Reading file /sys/devices/system/cpu/cpu20/cache/index2/ways_of_associativity
[25Jul2026 23:47:29.606] [Render thread/DEBUG] [oshi.util.FileUtil/]: Reading file /sys/devices/system/cpu/cpu20/cache/index2/ways_of_associativity
[25Jul2026 23:47:29.606] [Render thread/DEBUG] [oshi.util.FileUtil/]: Reading file /sys/devices/system/cpu/cpu20/cache/index2/coherency_line_size
[25Jul2026 23:47:29.606] [Render thread/DEBUG] [oshi.util.FileUtil/]: Reading file /sys/devices/system/cpu/cpu20/cache/index2/coherency_line_size
[25Jul2026 23:47:29.606] [Render thread/DEBUG] [oshi.util.FileUtil/]: Reading file /sys/devices/system/cpu/cpu20/cache/index2/size
[25Jul2026 23:47:29.606] [Render thread/DEBUG] [oshi.util.FileUtil/]: Reading file /sys/devices/system/cpu/cpu20/cache/index2/size
[25Jul2026 23:47:29.606] [Render thread/DEBUG] [oshi.util.FileUtil/]: Reading file /sys/devices/system/cpu/cpu20/cache/index0/level
[25Jul2026 23:47:29.606] [Render thread/DEBUG] [oshi.util.FileUtil/]: Reading file /sys/devices/system/cpu/cpu20/cache/index0/level
[25Jul2026 23:47:29.606] [Render thread/DEBUG] [oshi.util.FileUtil/]: Reading file /sys/devices/system/cpu/cpu20/cache/index0/type
[25Jul2026 23:47:29.606] [Render thread/DEBUG] [oshi.util.FileUtil/]: Reading file /sys/devices/system/cpu/cpu20/cache/index0/type
[25Jul2026 23:47:29.606] [Render thread/DEBUG] [oshi.util.FileUtil/]: Reading file /sys/devices/system/cpu/cpu20/cache/index0/ways_of_associativity
[25Jul2026 23:47:29.606] [Render thread/DEBUG] [oshi.util.FileUtil/]: Reading file /sys/devices/system/cpu/cpu20/cache/index0/ways_of_associativity
[25Jul2026 23:47:29.606] [Render thread/DEBUG] [oshi.util.FileUtil/]: Reading file /sys/devices/system/cpu/cpu20/cache/index0/coherency_line_size
[25Jul2026 23:47:29.606] [Render thread/DEBUG] [oshi.util.FileUtil/]: Reading file /sys/devices/system/cpu/cpu20/cache/index0/coherency_line_size
[25Jul2026 23:47:29.606] [Render thread/DEBUG] [oshi.util.FileUtil/]: Reading file /sys/devices/system/cpu/cpu20/cache/index0/size
[25Jul2026 23:47:29.606] [Render thread/DEBUG] [oshi.util.FileUtil/]: Reading file /sys/devices/system/cpu/cpu20/cache/index0/size
[25Jul2026 23:47:29.606] [Render thread/DEBUG] [oshi.util.FileUtil/]: Reading file /sys/devices/system/cpu/cpu20/cache/index3/level
[25Jul2026 23:47:29.606] [Render thread/DEBUG] [oshi.util.FileUtil/]: Reading file /sys/devices/system/cpu/cpu20/cache/index3/level
[25Jul2026 23:47:29.606] [Render thread/DEBUG] [oshi.util.FileUtil/]: Reading file /sys/devices/system/cpu/cpu20/cache/index3/type
[25Jul2026 23:47:29.606] [Render thread/DEBUG] [oshi.util.FileUtil/]: Reading file /sys/devices/system/cpu/cpu20/cache/index3/type
[25Jul2026 23:47:29.606] [Render thread/DEBUG] [oshi.util.FileUtil/]: Reading file /sys/devices/system/cpu/cpu20/cache/index3/ways_of_associativity
[25Jul2026 23:47:29.606] [Render thread/DEBUG] [oshi.util.FileUtil/]: Reading file /sys/devices/system/cpu/cpu20/cache/index3/ways_of_associativity
[25Jul2026 23:47:29.607] [Render thread/DEBUG] [oshi.util.FileUtil/]: Reading file /sys/devices/system/cpu/cpu20/cache/index3/coherency_line_size
[25Jul2026 23:47:29.607] [Render thread/DEBUG] [oshi.util.FileUtil/]: Reading file /sys/devices/system/cpu/cpu20/cache/index3/coherency_line_size
[25Jul2026 23:47:29.607] [Render thread/DEBUG] [oshi.util.FileUtil/]: Reading file /sys/devices/system/cpu/cpu20/cache/index3/size
[25Jul2026 23:47:29.607] [Render thread/DEBUG] [oshi.util.FileUtil/]: Reading file /sys/devices/system/cpu/cpu20/cache/index3/size
[25Jul2026 23:47:29.607] [Render thread/DEBUG] [oshi.util.FileUtil/]: Reading file /sys/devices/system/cpu/cpu20/cache/index1/level
[25Jul2026 23:47:29.607] [Render thread/DEBUG] [oshi.util.FileUtil/]: Reading file /sys/devices/system/cpu/cpu20/cache/index1/level
[25Jul2026 23:47:29.607] [Render thread/DEBUG] [oshi.util.FileUtil/]: Reading file /sys/devices/system/cpu/cpu20/cache/index1/type
[25Jul2026 23:47:29.607] [Render thread/DEBUG] [oshi.util.FileUtil/]: Reading file /sys/devices/system/cpu/cpu20/cache/index1/type
[25Jul2026 23:47:29.607] [Render thread/DEBUG] [oshi.util.FileUtil/]: Reading file /sys/devices/system/cpu/cpu20/cache/index1/ways_of_associativity
[25Jul2026 23:47:29.607] [Render thread/DEBUG] [oshi.util.FileUtil/]: Reading file /sys/devices/system/cpu/cpu20/cache/index1/ways_of_associativity
[25Jul2026 23:47:29.607] [Render thread/DEBUG] [oshi.util.FileUtil/]: Reading file /sys/devices/system/cpu/cpu20/cache/index1/coherency_line_size
[25Jul2026 23:47:29.607] [Render thread/DEBUG] [oshi.util.FileUtil/]: Reading file /sys/devices/system/cpu/cpu20/cache/index1/coherency_line_size
[25Jul2026 23:47:29.607] [Render thread/DEBUG] [oshi.util.FileUtil/]: Reading file /sys/devices/system/cpu/cpu20/cache/index1/size
[25Jul2026 23:47:29.607] [Render thread/DEBUG] [oshi.util.FileUtil/]: Reading file /sys/devices/system/cpu/cpu20/cache/index1/size
[25Jul2026 23:47:29.607] [Render thread/DEBUG] [oshi.util.FileUtil/]: Reading file /sys/devices/system/cpu/cpu21/topology/core_id
[25Jul2026 23:47:29.607] [Render thread/DEBUG] [oshi.util.FileUtil/]: Reading file /sys/devices/system/cpu/cpu21/topology/core_id
[25Jul2026 23:47:29.607] [Render thread/DEBUG] [oshi.util.FileUtil/]: Reading file /sys/devices/system/cpu/cpu21/topology/physical_package_id
[25Jul2026 23:47:29.607] [Render thread/DEBUG] [oshi.util.FileUtil/]: Reading file /sys/devices/system/cpu/cpu21/topology/physical_package_id
[25Jul2026 23:47:29.607] [Render thread/DEBUG] [oshi.util.FileUtil/]: Reading file /sys/devices/system/cpu/cpu21/cpu_capacity
[25Jul2026 23:47:29.607] [Render thread/DEBUG] [oshi.util.FileUtil/]: Reading file /sys/devices/system/cpu/cpu21/cpu_capacity
[25Jul2026 23:47:29.607] [Render thread/DEBUG] [oshi.util.FileUtil/]: Reading file /sys/devices/system/cpu/cpu21/cache/index2/level
[25Jul2026 23:47:29.607] [Render thread/DEBUG] [oshi.util.FileUtil/]: Reading file /sys/devices/system/cpu/cpu21/cache/index2/level
[25Jul2026 23:47:29.607] [Render thread/DEBUG] [oshi.util.FileUtil/]: Reading file /sys/devices/system/cpu/cpu21/cache/index2/type
[25Jul2026 23:47:29.607] [Render thread/DEBUG] [oshi.util.FileUtil/]: Reading file /sys/devices/system/cpu/cpu21/cache/index2/type
[25Jul2026 23:47:29.607] [Render thread/DEBUG] [oshi.util.FileUtil/]: Reading file /sys/devices/system/cpu/cpu21/cache/index2/ways_of_associativity
[25Jul2026 23:47:29.607] [Render thread/DEBUG] [oshi.util.FileUtil/]: Reading file /sys/devices/system/cpu/cpu21/cache/index2/ways_of_associativity
[25Jul2026 23:47:29.607] [Render thread/DEBUG] [oshi.util.FileUtil/]: Reading file /sys/devices/system/cpu/cpu21/cache/index2/coherency_line_size
[25Jul2026 23:47:29.608] [Render thread/DEBUG] [oshi.util.FileUtil/]: Reading file /sys/devices/system/cpu/cpu21/cache/index2/coherency_line_size
[25Jul2026 23:47:29.608] [Render thread/DEBUG] [oshi.util.FileUtil/]: Reading file /sys/devices/system/cpu/cpu21/cache/index2/size
[25Jul2026 23:47:29.608] [Render thread/DEBUG] [oshi.util.FileUtil/]: Reading file /sys/devices/system/cpu/cpu21/cache/index2/size
[25Jul2026 23:47:29.608] [Render thread/DEBUG] [oshi.util.FileUtil/]: Reading file /sys/devices/system/cpu/cpu21/cache/index0/level
[25Jul2026 23:47:29.608] [Render thread/DEBUG] [oshi.util.FileUtil/]: Reading file /sys/devices/system/cpu/cpu21/cache/index0/level
[25Jul2026 23:47:29.608] [Render thread/DEBUG] [oshi.util.FileUtil/]: Reading file /sys/devices/system/cpu/cpu21/cache/index0/type
[25Jul2026 23:47:29.608] [Render thread/DEBUG] [oshi.util.FileUtil/]: Reading file /sys/devices/system/cpu/cpu21/cache/index0/type
[25Jul2026 23:47:29.608] [Render thread/DEBUG] [oshi.util.FileUtil/]: Reading file /sys/devices/system/cpu/cpu21/cache/index0/ways_of_associativity
[25Jul2026 23:47:29.608] [Render thread/DEBUG] [oshi.util.FileUtil/]: Reading file /sys/devices/system/cpu/cpu21/cache/index0/ways_of_associativity
[25Jul2026 23:47:29.608] [Render thread/DEBUG] [oshi.util.FileUtil/]: Reading file /sys/devices/system/cpu/cpu21/cache/index0/coherency_line_size
[25Jul2026 23:47:29.608] [Render thread/DEBUG] [oshi.util.FileUtil/]: Reading file /sys/devices/system/cpu/cpu21/cache/index0/coherency_line_size
[25Jul2026 23:47:29.608] [Render thread/DEBUG] [oshi.util.FileUtil/]: Reading file /sys/devices/system/cpu/cpu21/cache/index0/size
[25Jul2026 23:47:29.608] [Render thread/DEBUG] [oshi.util.FileUtil/]: Reading file /sys/devices/system/cpu/cpu21/cache/index0/size
[25Jul2026 23:47:29.608] [Render thread/DEBUG] [oshi.util.FileUtil/]: Reading file /sys/devices/system/cpu/cpu21/cache/index3/level
[25Jul2026 23:47:29.608] [Render thread/DEBUG] [oshi.util.FileUtil/]: Reading file /sys/devices/system/cpu/cpu21/cache/index3/level
[25Jul2026 23:47:29.608] [Render thread/DEBUG] [oshi.util.FileUtil/]: Reading file /sys/devices/system/cpu/cpu21/cache/index3/type
[25Jul2026 23:47:29.608] [Render thread/DEBUG] [oshi.util.FileUtil/]: Reading file /sys/devices/system/cpu/cpu21/cache/index3/type
[25Jul2026 23:47:29.608] [Render thread/DEBUG] [oshi.util.FileUtil/]: Reading file /sys/devices/system/cpu/cpu21/cache/index3/ways_of_associativity
[25Jul2026 23:47:29.608] [Render thread/DEBUG] [oshi.util.FileUtil/]: Reading file /sys/devices/system/cpu/cpu21/cache/index3/ways_of_associativity
[25Jul2026 23:47:29.608] [Render thread/DEBUG] [oshi.util.FileUtil/]: Reading file /sys/devices/system/cpu/cpu21/cache/index3/coherency_line_size
[25Jul2026 23:47:29.608] [Render thread/DEBUG] [oshi.util.FileUtil/]: Reading file /sys/devices/system/cpu/cpu21/cache/index3/coherency_line_size
[25Jul2026 23:47:29.608] [Render thread/DEBUG] [oshi.util.FileUtil/]: Reading file /sys/devices/system/cpu/cpu21/cache/index3/size
[25Jul2026 23:47:29.608] [Render thread/DEBUG] [oshi.util.FileUtil/]: Reading file /sys/devices/system/cpu/cpu21/cache/index3/size
[25Jul2026 23:47:29.608] [Render thread/DEBUG] [oshi.util.FileUtil/]: Reading file /sys/devices/system/cpu/cpu21/cache/index1/level
[25Jul2026 23:47:29.608] [Render thread/DEBUG] [oshi.util.FileUtil/]: Reading file /sys/devices/system/cpu/cpu21/cache/index1/level
[25Jul2026 23:47:29.608] [Render thread/DEBUG] [oshi.util.FileUtil/]: Reading file /sys/devices/system/cpu/cpu21/cache/index1/type
[25Jul2026 23:47:29.608] [Render thread/DEBUG] [oshi.util.FileUtil/]: Reading file /sys/devices/system/cpu/cpu21/cache/index1/type
[25Jul2026 23:47:29.608] [Render thread/DEBUG] [oshi.util.FileUtil/]: Reading file /sys/devices/system/cpu/cpu21/cache/index1/ways_of_associativity
[25Jul2026 23:47:29.608] [Render thread/DEBUG] [oshi.util.FileUtil/]: Reading file /sys/devices/system/cpu/cpu21/cache/index1/ways_of_associativity
[25Jul2026 23:47:29.608] [Render thread/DEBUG] [oshi.util.FileUtil/]: Reading file /sys/devices/system/cpu/cpu21/cache/index1/coherency_line_size
[25Jul2026 23:47:29.608] [Render thread/DEBUG] [oshi.util.FileUtil/]: Reading file /sys/devices/system/cpu/cpu21/cache/index1/coherency_line_size
[25Jul2026 23:47:29.608] [Render thread/DEBUG] [oshi.util.FileUtil/]: Reading file /sys/devices/system/cpu/cpu21/cache/index1/size
[25Jul2026 23:47:29.608] [Render thread/DEBUG] [oshi.util.FileUtil/]: Reading file /sys/devices/system/cpu/cpu21/cache/index1/size
[25Jul2026 23:47:29.609] [Render thread/DEBUG] [oshi.util.FileUtil/]: Reading file /sys/devices/system/cpu/cpu22/topology/core_id
[25Jul2026 23:47:29.609] [Render thread/DEBUG] [oshi.util.FileUtil/]: Reading file /sys/devices/system/cpu/cpu22/topology/core_id
[25Jul2026 23:47:29.609] [Render thread/DEBUG] [oshi.util.FileUtil/]: Reading file /sys/devices/system/cpu/cpu22/topology/physical_package_id
[25Jul2026 23:47:29.609] [Render thread/DEBUG] [oshi.util.FileUtil/]: Reading file /sys/devices/system/cpu/cpu22/topology/physical_package_id
[25Jul2026 23:47:29.609] [Render thread/DEBUG] [oshi.util.FileUtil/]: Reading file /sys/devices/system/cpu/cpu22/cpu_capacity
[25Jul2026 23:47:29.609] [Render thread/DEBUG] [oshi.util.FileUtil/]: Reading file /sys/devices/system/cpu/cpu22/cpu_capacity
[25Jul2026 23:47:29.609] [Render thread/DEBUG] [oshi.util.FileUtil/]: Reading file /sys/devices/system/cpu/cpu22/cache/index2/level
[25Jul2026 23:47:29.609] [Render thread/DEBUG] [oshi.util.FileUtil/]: Reading file /sys/devices/system/cpu/cpu22/cache/index2/level
[25Jul2026 23:47:29.609] [Render thread/DEBUG] [oshi.util.FileUtil/]: Reading file /sys/devices/system/cpu/cpu22/cache/index2/type
[25Jul2026 23:47:29.609] [Render thread/DEBUG] [oshi.util.FileUtil/]: Reading file /sys/devices/system/cpu/cpu22/cache/index2/type
[25Jul2026 23:47:29.609] [Render thread/DEBUG] [oshi.util.FileUtil/]: Reading file /sys/devices/system/cpu/cpu22/cache/index2/ways_of_associativity
[25Jul2026 23:47:29.609] [Render thread/DEBUG] [oshi.util.FileUtil/]: Reading file /sys/devices/system/cpu/cpu22/cache/index2/ways_of_associativity
[25Jul2026 23:47:29.609] [Render thread/DEBUG] [oshi.util.FileUtil/]: Reading file /sys/devices/system/cpu/cpu22/cache/index2/coherency_line_size
[25Jul2026 23:47:29.609] [Render thread/DEBUG] [oshi.util.FileUtil/]: Reading file /sys/devices/system/cpu/cpu22/cache/index2/coherency_line_size
[25Jul2026 23:47:29.609] [Render thread/DEBUG] [oshi.util.FileUtil/]: Reading file /sys/devices/system/cpu/cpu22/cache/index2/size
[25Jul2026 23:47:29.609] [Render thread/DEBUG] [oshi.util.FileUtil/]: Reading file /sys/devices/system/cpu/cpu22/cache/index2/size
[25Jul2026 23:47:29.609] [Render thread/DEBUG] [oshi.util.FileUtil/]: Reading file /sys/devices/system/cpu/cpu22/cache/index0/level
[25Jul2026 23:47:29.609] [Render thread/DEBUG] [oshi.util.FileUtil/]: Reading file /sys/devices/system/cpu/cpu22/cache/index0/level
[25Jul2026 23:47:29.609] [Render thread/DEBUG] [oshi.util.FileUtil/]: Reading file /sys/devices/system/cpu/cpu22/cache/index0/type
[25Jul2026 23:47:29.609] [Render thread/DEBUG] [oshi.util.FileUtil/]: Reading file /sys/devices/system/cpu/cpu22/cache/index0/type
[25Jul2026 23:47:29.609] [Render thread/DEBUG] [oshi.util.FileUtil/]: Reading file /sys/devices/system/cpu/cpu22/cache/index0/ways_of_associativity
[25Jul2026 23:47:29.609] [Render thread/DEBUG] [oshi.util.FileUtil/]: Reading file /sys/devices/system/cpu/cpu22/cache/index0/ways_of_associativity
[25Jul2026 23:47:29.609] [Render thread/DEBUG] [oshi.util.FileUtil/]: Reading file /sys/devices/system/cpu/cpu22/cache/index0/coherency_line_size
[25Jul2026 23:47:29.609] [Render thread/DEBUG] [oshi.util.FileUtil/]: Reading file /sys/devices/system/cpu/cpu22/cache/index0/coherency_line_size
[25Jul2026 23:47:29.609] [Render thread/DEBUG] [oshi.util.FileUtil/]: Reading file /sys/devices/system/cpu/cpu22/cache/index0/size
[25Jul2026 23:47:29.609] [Render thread/DEBUG] [oshi.util.FileUtil/]: Reading file /sys/devices/system/cpu/cpu22/cache/index0/size
[25Jul2026 23:47:29.609] [Render thread/DEBUG] [oshi.util.FileUtil/]: Reading file /sys/devices/system/cpu/cpu22/cache/index3/level
[25Jul2026 23:47:29.609] [Render thread/DEBUG] [oshi.util.FileUtil/]: Reading file /sys/devices/system/cpu/cpu22/cache/index3/level
[25Jul2026 23:47:29.609] [Render thread/DEBUG] [oshi.util.FileUtil/]: Reading file /sys/devices/system/cpu/cpu22/cache/index3/type
[25Jul2026 23:47:29.609] [Render thread/DEBUG] [oshi.util.FileUtil/]: Reading file /sys/devices/system/cpu/cpu22/cache/index3/type
[25Jul2026 23:47:29.610] [Render thread/DEBUG] [oshi.util.FileUtil/]: Reading file /sys/devices/system/cpu/cpu22/cache/index3/ways_of_associativity
[25Jul2026 23:47:29.610] [Render thread/DEBUG] [oshi.util.FileUtil/]: Reading file /sys/devices/system/cpu/cpu22/cache/index3/ways_of_associativity
[25Jul2026 23:47:29.610] [Render thread/DEBUG] [oshi.util.FileUtil/]: Reading file /sys/devices/system/cpu/cpu22/cache/index3/coherency_line_size
[25Jul2026 23:47:29.610] [Render thread/DEBUG] [oshi.util.FileUtil/]: Reading file /sys/devices/system/cpu/cpu22/cache/index3/coherency_line_size
[25Jul2026 23:47:29.610] [Render thread/DEBUG] [oshi.util.FileUtil/]: Reading file /sys/devices/system/cpu/cpu22/cache/index3/size
[25Jul2026 23:47:29.610] [Render thread/DEBUG] [oshi.util.FileUtil/]: Reading file /sys/devices/system/cpu/cpu22/cache/index3/size
[25Jul2026 23:47:29.610] [Render thread/DEBUG] [oshi.util.FileUtil/]: Reading file /sys/devices/system/cpu/cpu22/cache/index1/level
[25Jul2026 23:47:29.610] [Render thread/DEBUG] [oshi.util.FileUtil/]: Reading file /sys/devices/system/cpu/cpu22/cache/index1/level
[25Jul2026 23:47:29.610] [Render thread/DEBUG] [oshi.util.FileUtil/]: Reading file /sys/devices/system/cpu/cpu22/cache/index1/type
[25Jul2026 23:47:29.610] [Render thread/DEBUG] [oshi.util.FileUtil/]: Reading file /sys/devices/system/cpu/cpu22/cache/index1/type
[25Jul2026 23:47:29.610] [Render thread/DEBUG] [oshi.util.FileUtil/]: Reading file /sys/devices/system/cpu/cpu22/cache/index1/ways_of_associativity
[25Jul2026 23:47:29.610] [Render thread/DEBUG] [oshi.util.FileUtil/]: Reading file /sys/devices/system/cpu/cpu22/cache/index1/ways_of_associativity
[25Jul2026 23:47:29.610] [Render thread/DEBUG] [oshi.util.FileUtil/]: Reading file /sys/devices/system/cpu/cpu22/cache/index1/coherency_line_size
[25Jul2026 23:47:29.610] [Render thread/DEBUG] [oshi.util.FileUtil/]: Reading file /sys/devices/system/cpu/cpu22/cache/index1/coherency_line_size
[25Jul2026 23:47:29.610] [Render thread/DEBUG] [oshi.util.FileUtil/]: Reading file /sys/devices/system/cpu/cpu22/cache/index1/size
[25Jul2026 23:47:29.610] [Render thread/DEBUG] [oshi.util.FileUtil/]: Reading file /sys/devices/system/cpu/cpu22/cache/index1/size
[25Jul2026 23:47:29.610] [Render thread/DEBUG] [oshi.util.FileUtil/]: Reading file /sys/devices/system/cpu/cpu23/topology/core_id
[25Jul2026 23:47:29.611] [Render thread/DEBUG] [oshi.util.FileUtil/]: Reading file /sys/devices/system/cpu/cpu23/topology/core_id
[25Jul2026 23:47:29.611] [Render thread/DEBUG] [oshi.util.FileUtil/]: Reading file /sys/devices/system/cpu/cpu23/topology/physical_package_id
[25Jul2026 23:47:29.611] [Render thread/DEBUG] [oshi.util.FileUtil/]: Reading file /sys/devices/system/cpu/cpu23/topology/physical_package_id
[25Jul2026 23:47:29.611] [Render thread/DEBUG] [oshi.util.FileUtil/]: Reading file /sys/devices/system/cpu/cpu23/cpu_capacity
[25Jul2026 23:47:29.611] [Render thread/DEBUG] [oshi.util.FileUtil/]: Reading file /sys/devices/system/cpu/cpu23/cpu_capacity
[25Jul2026 23:47:29.611] [Render thread/DEBUG] [oshi.util.FileUtil/]: Reading file /sys/devices/system/cpu/cpu23/cache/index2/level
[25Jul2026 23:47:29.611] [Render thread/DEBUG] [oshi.util.FileUtil/]: Reading file /sys/devices/system/cpu/cpu23/cache/index2/level
[25Jul2026 23:47:29.611] [Render thread/DEBUG] [oshi.util.FileUtil/]: Reading file /sys/devices/system/cpu/cpu23/cache/index2/type
[25Jul2026 23:47:29.611] [Render thread/DEBUG] [oshi.util.FileUtil/]: Reading file /sys/devices/system/cpu/cpu23/cache/index2/type
[25Jul2026 23:47:29.611] [Render thread/DEBUG] [oshi.util.FileUtil/]: Reading file /sys/devices/system/cpu/cpu23/cache/index2/ways_of_associativity
[25Jul2026 23:47:29.611] [Render thread/DEBUG] [oshi.util.FileUtil/]: Reading file /sys/devices/system/cpu/cpu23/cache/index2/ways_of_associativity
[25Jul2026 23:47:29.611] [Render thread/DEBUG] [oshi.util.FileUtil/]: Reading file /sys/devices/system/cpu/cpu23/cache/index2/coherency_line_size
[25Jul2026 23:47:29.611] [Render thread/DEBUG] [oshi.util.FileUtil/]: Reading file /sys/devices/system/cpu/cpu23/cache/index2/coherency_line_size
[25Jul2026 23:47:29.611] [Render thread/DEBUG] [oshi.util.FileUtil/]: Reading file /sys/devices/system/cpu/cpu23/cache/index2/size
[25Jul2026 23:47:29.611] [Render thread/DEBUG] [oshi.util.FileUtil/]: Reading file /sys/devices/system/cpu/cpu23/cache/index2/size
[25Jul2026 23:47:29.611] [Render thread/DEBUG] [oshi.util.FileUtil/]: Reading file /sys/devices/system/cpu/cpu23/cache/index0/level
[25Jul2026 23:47:29.611] [Render thread/DEBUG] [oshi.util.FileUtil/]: Reading file /sys/devices/system/cpu/cpu23/cache/index0/level
[25Jul2026 23:47:29.611] [Render thread/DEBUG] [oshi.util.FileUtil/]: Reading file /sys/devices/system/cpu/cpu23/cache/index0/type
[25Jul2026 23:47:29.611] [Render thread/DEBUG] [oshi.util.FileUtil/]: Reading file /sys/devices/system/cpu/cpu23/cache/index0/type
[25Jul2026 23:47:29.611] [Render thread/DEBUG] [oshi.util.FileUtil/]: Reading file /sys/devices/system/cpu/cpu23/cache/index0/ways_of_associativity
[25Jul2026 23:47:29.611] [Render thread/DEBUG] [oshi.util.FileUtil/]: Reading file /sys/devices/system/cpu/cpu23/cache/index0/ways_of_associativity
[25Jul2026 23:47:29.611] [Render thread/DEBUG] [oshi.util.FileUtil/]: Reading file /sys/devices/system/cpu/cpu23/cache/index0/coherency_line_size
[25Jul2026 23:47:29.611] [Render thread/DEBUG] [oshi.util.FileUtil/]: Reading file /sys/devices/system/cpu/cpu23/cache/index0/coherency_line_size
[25Jul2026 23:47:29.611] [Render thread/DEBUG] [oshi.util.FileUtil/]: Reading file /sys/devices/system/cpu/cpu23/cache/index0/size
[25Jul2026 23:47:29.611] [Render thread/DEBUG] [oshi.util.FileUtil/]: Reading file /sys/devices/system/cpu/cpu23/cache/index0/size
[25Jul2026 23:47:29.611] [Render thread/DEBUG] [oshi.util.FileUtil/]: Reading file /sys/devices/system/cpu/cpu23/cache/index3/level
[25Jul2026 23:47:29.611] [Render thread/DEBUG] [oshi.util.FileUtil/]: Reading file /sys/devices/system/cpu/cpu23/cache/index3/level
[25Jul2026 23:47:29.611] [Render thread/DEBUG] [oshi.util.FileUtil/]: Reading file /sys/devices/system/cpu/cpu23/cache/index3/type
[25Jul2026 23:47:29.611] [Render thread/DEBUG] [oshi.util.FileUtil/]: Reading file /sys/devices/system/cpu/cpu23/cache/index3/type
[25Jul2026 23:47:29.611] [Render thread/DEBUG] [oshi.util.FileUtil/]: Reading file /sys/devices/system/cpu/cpu23/cache/index3/ways_of_associativity
[25Jul2026 23:47:29.611] [Render thread/DEBUG] [oshi.util.FileUtil/]: Reading file /sys/devices/system/cpu/cpu23/cache/index3/ways_of_associativity
[25Jul2026 23:47:29.611] [Render thread/DEBUG] [oshi.util.FileUtil/]: Reading file /sys/devices/system/cpu/cpu23/cache/index3/coherency_line_size
[25Jul2026 23:47:29.612] [Render thread/DEBUG] [oshi.util.FileUtil/]: Reading file /sys/devices/system/cpu/cpu23/cache/index3/coherency_line_size
[25Jul2026 23:47:29.612] [Render thread/DEBUG] [oshi.util.FileUtil/]: Reading file /sys/devices/system/cpu/cpu23/cache/index3/size
[25Jul2026 23:47:29.612] [Render thread/DEBUG] [oshi.util.FileUtil/]: Reading file /sys/devices/system/cpu/cpu23/cache/index3/size
[25Jul2026 23:47:29.612] [Render thread/DEBUG] [oshi.util.FileUtil/]: Reading file /sys/devices/system/cpu/cpu23/cache/index1/level
[25Jul2026 23:47:29.612] [Render thread/DEBUG] [oshi.util.FileUtil/]: Reading file /sys/devices/system/cpu/cpu23/cache/index1/level
[25Jul2026 23:47:29.612] [Render thread/DEBUG] [oshi.util.FileUtil/]: Reading file /sys/devices/system/cpu/cpu23/cache/index1/type
[25Jul2026 23:47:29.612] [Render thread/DEBUG] [oshi.util.FileUtil/]: Reading file /sys/devices/system/cpu/cpu23/cache/index1/type
[25Jul2026 23:47:29.612] [Render thread/DEBUG] [oshi.util.FileUtil/]: Reading file /sys/devices/system/cpu/cpu23/cache/index1/ways_of_associativity
[25Jul2026 23:47:29.612] [Render thread/DEBUG] [oshi.util.FileUtil/]: Reading file /sys/devices/system/cpu/cpu23/cache/index1/ways_of_associativity
[25Jul2026 23:47:29.612] [Render thread/DEBUG] [oshi.util.FileUtil/]: Reading file /sys/devices/system/cpu/cpu23/cache/index1/coherency_line_size
[25Jul2026 23:47:29.612] [Render thread/DEBUG] [oshi.util.FileUtil/]: Reading file /sys/devices/system/cpu/cpu23/cache/index1/coherency_line_size
[25Jul2026 23:47:29.612] [Render thread/DEBUG] [oshi.util.FileUtil/]: Reading file /sys/devices/system/cpu/cpu23/cache/index1/size
[25Jul2026 23:47:29.612] [Render thread/DEBUG] [oshi.util.FileUtil/]: Reading file /sys/devices/system/cpu/cpu23/cache/index1/size
[25Jul2026 23:47:29.612] [Render thread/DEBUG] [oshi.util.FileUtil/]: Reading file /sys/devices/system/cpu/cpu3/topology/core_id
[25Jul2026 23:47:29.612] [Render thread/DEBUG] [oshi.util.FileUtil/]: Reading file /sys/devices/system/cpu/cpu3/topology/core_id
[25Jul2026 23:47:29.612] [Render thread/DEBUG] [oshi.util.FileUtil/]: Reading file /sys/devices/system/cpu/cpu3/topology/physical_package_id
[25Jul2026 23:47:29.612] [Render thread/DEBUG] [oshi.util.FileUtil/]: Reading file /sys/devices/system/cpu/cpu3/topology/physical_package_id
[25Jul2026 23:47:29.612] [Render thread/DEBUG] [oshi.util.FileUtil/]: Reading file /sys/devices/system/cpu/cpu3/cpu_capacity
[25Jul2026 23:47:29.612] [Render thread/DEBUG] [oshi.util.FileUtil/]: Reading file /sys/devices/system/cpu/cpu3/cpu_capacity
[25Jul2026 23:47:29.612] [Render thread/DEBUG] [oshi.util.FileUtil/]: Reading file /sys/devices/system/cpu/cpu3/cache/index2/level
[25Jul2026 23:47:29.612] [Render thread/DEBUG] [oshi.util.FileUtil/]: Reading file /sys/devices/system/cpu/cpu3/cache/index2/level
[25Jul2026 23:47:29.612] [Render thread/DEBUG] [oshi.util.FileUtil/]: Reading file /sys/devices/system/cpu/cpu3/cache/index2/type
[25Jul2026 23:47:29.612] [Render thread/DEBUG] [oshi.util.FileUtil/]: Reading file /sys/devices/system/cpu/cpu3/cache/index2/type
[25Jul2026 23:47:29.613] [Render thread/DEBUG] [oshi.util.FileUtil/]: Reading file /sys/devices/system/cpu/cpu3/cache/index2/ways_of_associativity
[25Jul2026 23:47:29.613] [Render thread/DEBUG] [oshi.util.FileUtil/]: Reading file /sys/devices/system/cpu/cpu3/cache/index2/ways_of_associativity
[25Jul2026 23:47:29.613] [Render thread/DEBUG] [oshi.util.FileUtil/]: Reading file /sys/devices/system/cpu/cpu3/cache/index2/coherency_line_size
[25Jul2026 23:47:29.613] [Render thread/DEBUG] [oshi.util.FileUtil/]: Reading file /sys/devices/system/cpu/cpu3/cache/index2/coherency_line_size
[25Jul2026 23:47:29.613] [Render thread/DEBUG] [oshi.util.FileUtil/]: Reading file /sys/devices/system/cpu/cpu3/cache/index2/size
[25Jul2026 23:47:29.613] [Render thread/DEBUG] [oshi.util.FileUtil/]: Reading file /sys/devices/system/cpu/cpu3/cache/index2/size
[25Jul2026 23:47:29.613] [Render thread/DEBUG] [oshi.util.FileUtil/]: Reading file /sys/devices/system/cpu/cpu3/cache/index0/level
[25Jul2026 23:47:29.613] [Render thread/DEBUG] [oshi.util.FileUtil/]: Reading file /sys/devices/system/cpu/cpu3/cache/index0/level
[25Jul2026 23:47:29.613] [Render thread/DEBUG] [oshi.util.FileUtil/]: Reading file /sys/devices/system/cpu/cpu3/cache/index0/type
[25Jul2026 23:47:29.613] [Render thread/DEBUG] [oshi.util.FileUtil/]: Reading file /sys/devices/system/cpu/cpu3/cache/index0/type
[25Jul2026 23:47:29.613] [Render thread/DEBUG] [oshi.util.FileUtil/]: Reading file /sys/devices/system/cpu/cpu3/cache/index0/ways_of_associativity
[25Jul2026 23:47:29.613] [Render thread/DEBUG] [oshi.util.FileUtil/]: Reading file /sys/devices/system/cpu/cpu3/cache/index0/ways_of_associativity
[25Jul2026 23:47:29.613] [Render thread/DEBUG] [oshi.util.FileUtil/]: Reading file /sys/devices/system/cpu/cpu3/cache/index0/coherency_line_size
[25Jul2026 23:47:29.613] [Render thread/DEBUG] [oshi.util.FileUtil/]: Reading file /sys/devices/system/cpu/cpu3/cache/index0/coherency_line_size
[25Jul2026 23:47:29.613] [Render thread/DEBUG] [oshi.util.FileUtil/]: Reading file /sys/devices/system/cpu/cpu3/cache/index0/size
[25Jul2026 23:47:29.613] [Render thread/DEBUG] [oshi.util.FileUtil/]: Reading file /sys/devices/system/cpu/cpu3/cache/index0/size
[25Jul2026 23:47:29.613] [Render thread/DEBUG] [oshi.util.FileUtil/]: Reading file /sys/devices/system/cpu/cpu3/cache/index3/level
[25Jul2026 23:47:29.613] [Render thread/DEBUG] [oshi.util.FileUtil/]: Reading file /sys/devices/system/cpu/cpu3/cache/index3/level
[25Jul2026 23:47:29.613] [Render thread/DEBUG] [oshi.util.FileUtil/]: Reading file /sys/devices/system/cpu/cpu3/cache/index3/type
[25Jul2026 23:47:29.613] [Render thread/DEBUG] [oshi.util.FileUtil/]: Reading file /sys/devices/system/cpu/cpu3/cache/index3/type
[25Jul2026 23:47:29.613] [Render thread/DEBUG] [oshi.util.FileUtil/]: Reading file /sys/devices/system/cpu/cpu3/cache/index3/ways_of_associativity
[25Jul2026 23:47:29.613] [Render thread/DEBUG] [oshi.util.FileUtil/]: Reading file /sys/devices/system/cpu/cpu3/cache/index3/ways_of_associativity
[25Jul2026 23:47:29.613] [Render thread/DEBUG] [oshi.util.FileUtil/]: Reading file /sys/devices/system/cpu/cpu3/cache/index3/coherency_line_size
[25Jul2026 23:47:29.613] [Render thread/DEBUG] [oshi.util.FileUtil/]: Reading file /sys/devices/system/cpu/cpu3/cache/index3/coherency_line_size
[25Jul2026 23:47:29.613] [Render thread/DEBUG] [oshi.util.FileUtil/]: Reading file /sys/devices/system/cpu/cpu3/cache/index3/size
[25Jul2026 23:47:29.613] [Render thread/DEBUG] [oshi.util.FileUtil/]: Reading file /sys/devices/system/cpu/cpu3/cache/index3/size
[25Jul2026 23:47:29.613] [Render thread/DEBUG] [oshi.util.FileUtil/]: Reading file /sys/devices/system/cpu/cpu3/cache/index1/level
[25Jul2026 23:47:29.613] [Render thread/DEBUG] [oshi.util.FileUtil/]: Reading file /sys/devices/system/cpu/cpu3/cache/index1/level
[25Jul2026 23:47:29.614] [Render thread/DEBUG] [oshi.util.FileUtil/]: Reading file /sys/devices/system/cpu/cpu3/cache/index1/type
[25Jul2026 23:47:29.614] [Render thread/DEBUG] [oshi.util.FileUtil/]: Reading file /sys/devices/system/cpu/cpu3/cache/index1/type
[25Jul2026 23:47:29.614] [Render thread/DEBUG] [oshi.util.FileUtil/]: Reading file /sys/devices/system/cpu/cpu3/cache/index1/ways_of_associativity
[25Jul2026 23:47:29.614] [Render thread/DEBUG] [oshi.util.FileUtil/]: Reading file /sys/devices/system/cpu/cpu3/cache/index1/ways_of_associativity
[25Jul2026 23:47:29.614] [Render thread/DEBUG] [oshi.util.FileUtil/]: Reading file /sys/devices/system/cpu/cpu3/cache/index1/coherency_line_size
[25Jul2026 23:47:29.614] [Render thread/DEBUG] [oshi.util.FileUtil/]: Reading file /sys/devices/system/cpu/cpu3/cache/index1/coherency_line_size
[25Jul2026 23:47:29.614] [Render thread/DEBUG] [oshi.util.FileUtil/]: Reading file /sys/devices/system/cpu/cpu3/cache/index1/size
[25Jul2026 23:47:29.614] [Render thread/DEBUG] [oshi.util.FileUtil/]: Reading file /sys/devices/system/cpu/cpu3/cache/index1/size
[25Jul2026 23:47:29.614] [Render thread/DEBUG] [oshi.util.FileUtil/]: Reading file /sys/devices/system/cpu/cpu4/topology/core_id
[25Jul2026 23:47:29.614] [Render thread/DEBUG] [oshi.util.FileUtil/]: Reading file /sys/devices/system/cpu/cpu4/topology/core_id
[25Jul2026 23:47:29.614] [Render thread/DEBUG] [oshi.util.FileUtil/]: Reading file /sys/devices/system/cpu/cpu4/topology/physical_package_id
[25Jul2026 23:47:29.614] [Render thread/DEBUG] [oshi.util.FileUtil/]: Reading file /sys/devices/system/cpu/cpu4/topology/physical_package_id
[25Jul2026 23:47:29.614] [Render thread/DEBUG] [oshi.util.FileUtil/]: Reading file /sys/devices/system/cpu/cpu4/cpu_capacity
[25Jul2026 23:47:29.614] [Render thread/DEBUG] [oshi.util.FileUtil/]: Reading file /sys/devices/system/cpu/cpu4/cpu_capacity
[25Jul2026 23:47:29.614] [Render thread/DEBUG] [oshi.util.FileUtil/]: Reading file /sys/devices/system/cpu/cpu4/cache/index2/level
[25Jul2026 23:47:29.614] [Render thread/DEBUG] [oshi.util.FileUtil/]: Reading file /sys/devices/system/cpu/cpu4/cache/index2/level
[25Jul2026 23:47:29.614] [Render thread/DEBUG] [oshi.util.FileUtil/]: Reading file /sys/devices/system/cpu/cpu4/cache/index2/type
[25Jul2026 23:47:29.614] [Render thread/DEBUG] [oshi.util.FileUtil/]: Reading file /sys/devices/system/cpu/cpu4/cache/index2/type
[25Jul2026 23:47:29.614] [Render thread/DEBUG] [oshi.util.FileUtil/]: Reading file /sys/devices/system/cpu/cpu4/cache/index2/ways_of_associativity
[25Jul2026 23:47:29.614] [Render thread/DEBUG] [oshi.util.FileUtil/]: Reading file /sys/devices/system/cpu/cpu4/cache/index2/ways_of_associativity
[25Jul2026 23:47:29.614] [Render thread/DEBUG] [oshi.util.FileUtil/]: Reading file /sys/devices/system/cpu/cpu4/cache/index2/coherency_line_size
[25Jul2026 23:47:29.614] [Render thread/DEBUG] [oshi.util.FileUtil/]: Reading file /sys/devices/system/cpu/cpu4/cache/index2/coherency_line_size
[25Jul2026 23:47:29.614] [Render thread/DEBUG] [oshi.util.FileUtil/]: Reading file /sys/devices/system/cpu/cpu4/cache/index2/size
[25Jul2026 23:47:29.614] [Render thread/DEBUG] [oshi.util.FileUtil/]: Reading file /sys/devices/system/cpu/cpu4/cache/index2/size
[25Jul2026 23:47:29.614] [Render thread/DEBUG] [oshi.util.FileUtil/]: Reading file /sys/devices/system/cpu/cpu4/cache/index0/level
[25Jul2026 23:47:29.614] [Render thread/DEBUG] [oshi.util.FileUtil/]: Reading file /sys/devices/system/cpu/cpu4/cache/index0/level
[25Jul2026 23:47:29.615] [Render thread/DEBUG] [oshi.util.FileUtil/]: Reading file /sys/devices/system/cpu/cpu4/cache/index0/type
[25Jul2026 23:47:29.615] [Render thread/DEBUG] [oshi.util.FileUtil/]: Reading file /sys/devices/system/cpu/cpu4/cache/index0/type
[25Jul2026 23:47:29.615] [Render thread/DEBUG] [oshi.util.FileUtil/]: Reading file /sys/devices/system/cpu/cpu4/cache/index0/ways_of_associativity
[25Jul2026 23:47:29.615] [Render thread/DEBUG] [oshi.util.FileUtil/]: Reading file /sys/devices/system/cpu/cpu4/cache/index0/ways_of_associativity
[25Jul2026 23:47:29.615] [Render thread/DEBUG] [oshi.util.FileUtil/]: Reading file /sys/devices/system/cpu/cpu4/cache/index0/coherency_line_size
[25Jul2026 23:47:29.615] [Render thread/DEBUG] [oshi.util.FileUtil/]: Reading file /sys/devices/system/cpu/cpu4/cache/index0/coherency_line_size
[25Jul2026 23:47:29.615] [Render thread/DEBUG] [oshi.util.FileUtil/]: Reading file /sys/devices/system/cpu/cpu4/cache/index0/size
[25Jul2026 23:47:29.615] [Render thread/DEBUG] [oshi.util.FileUtil/]: Reading file /sys/devices/system/cpu/cpu4/cache/index0/size
[25Jul2026 23:47:29.615] [Render thread/DEBUG] [oshi.util.FileUtil/]: Reading file /sys/devices/system/cpu/cpu4/cache/index3/level
[25Jul2026 23:47:29.615] [Render thread/DEBUG] [oshi.util.FileUtil/]: Reading file /sys/devices/system/cpu/cpu4/cache/index3/level
[25Jul2026 23:47:29.615] [Render thread/DEBUG] [oshi.util.FileUtil/]: Reading file /sys/devices/system/cpu/cpu4/cache/index3/type
[25Jul2026 23:47:29.615] [Render thread/DEBUG] [oshi.util.FileUtil/]: Reading file /sys/devices/system/cpu/cpu4/cache/index3/type
[25Jul2026 23:47:29.615] [Render thread/DEBUG] [oshi.util.FileUtil/]: Reading file /sys/devices/system/cpu/cpu4/cache/index3/ways_of_associativity
[25Jul2026 23:47:29.615] [Render thread/DEBUG] [oshi.util.FileUtil/]: Reading file /sys/devices/system/cpu/cpu4/cache/index3/ways_of_associativity
[25Jul2026 23:47:29.615] [Render thread/DEBUG] [oshi.util.FileUtil/]: Reading file /sys/devices/system/cpu/cpu4/cache/index3/coherency_line_size
[25Jul2026 23:47:29.615] [Render thread/DEBUG] [oshi.util.FileUtil/]: Reading file /sys/devices/system/cpu/cpu4/cache/index3/coherency_line_size
[25Jul2026 23:47:29.615] [Render thread/DEBUG] [oshi.util.FileUtil/]: Reading file /sys/devices/system/cpu/cpu4/cache/index3/size
[25Jul2026 23:47:29.615] [Render thread/DEBUG] [oshi.util.FileUtil/]: Reading file /sys/devices/system/cpu/cpu4/cache/index3/size
[25Jul2026 23:47:29.615] [Render thread/DEBUG] [oshi.util.FileUtil/]: Reading file /sys/devices/system/cpu/cpu4/cache/index1/level
[25Jul2026 23:47:29.615] [Render thread/DEBUG] [oshi.util.FileUtil/]: Reading file /sys/devices/system/cpu/cpu4/cache/index1/level
[25Jul2026 23:47:29.615] [Render thread/DEBUG] [oshi.util.FileUtil/]: Reading file /sys/devices/system/cpu/cpu4/cache/index1/type
[25Jul2026 23:47:29.615] [Render thread/DEBUG] [oshi.util.FileUtil/]: Reading file /sys/devices/system/cpu/cpu4/cache/index1/type
[25Jul2026 23:47:29.615] [Render thread/DEBUG] [oshi.util.FileUtil/]: Reading file /sys/devices/system/cpu/cpu4/cache/index1/ways_of_associativity
[25Jul2026 23:47:29.615] [Render thread/DEBUG] [oshi.util.FileUtil/]: Reading file /sys/devices/system/cpu/cpu4/cache/index1/ways_of_associativity
[25Jul2026 23:47:29.615] [Render thread/DEBUG] [oshi.util.FileUtil/]: Reading file /sys/devices/system/cpu/cpu4/cache/index1/coherency_line_size
[25Jul2026 23:47:29.615] [Render thread/DEBUG] [oshi.util.FileUtil/]: Reading file /sys/devices/system/cpu/cpu4/cache/index1/coherency_line_size
[25Jul2026 23:47:29.615] [Render thread/DEBUG] [oshi.util.FileUtil/]: Reading file /sys/devices/system/cpu/cpu4/cache/index1/size
[25Jul2026 23:47:29.615] [Render thread/DEBUG] [oshi.util.FileUtil/]: Reading file /sys/devices/system/cpu/cpu4/cache/index1/size
[25Jul2026 23:47:29.615] [Render thread/DEBUG] [oshi.util.FileUtil/]: Reading file /sys/devices/system/cpu/cpu5/topology/core_id
[25Jul2026 23:47:29.616] [Render thread/DEBUG] [oshi.util.FileUtil/]: Reading file /sys/devices/system/cpu/cpu5/topology/core_id
[25Jul2026 23:47:29.616] [Render thread/DEBUG] [oshi.util.FileUtil/]: Reading file /sys/devices/system/cpu/cpu5/topology/physical_package_id
[25Jul2026 23:47:29.616] [Render thread/DEBUG] [oshi.util.FileUtil/]: Reading file /sys/devices/system/cpu/cpu5/topology/physical_package_id
[25Jul2026 23:47:29.616] [Render thread/DEBUG] [oshi.util.FileUtil/]: Reading file /sys/devices/system/cpu/cpu5/cpu_capacity
[25Jul2026 23:47:29.616] [Render thread/DEBUG] [oshi.util.FileUtil/]: Reading file /sys/devices/system/cpu/cpu5/cpu_capacity
[25Jul2026 23:47:29.616] [Render thread/DEBUG] [oshi.util.FileUtil/]: Reading file /sys/devices/system/cpu/cpu5/cache/index2/level
[25Jul2026 23:47:29.616] [Render thread/DEBUG] [oshi.util.FileUtil/]: Reading file /sys/devices/system/cpu/cpu5/cache/index2/level
[25Jul2026 23:47:29.616] [Render thread/DEBUG] [oshi.util.FileUtil/]: Reading file /sys/devices/system/cpu/cpu5/cache/index2/type
[25Jul2026 23:47:29.616] [Render thread/DEBUG] [oshi.util.FileUtil/]: Reading file /sys/devices/system/cpu/cpu5/cache/index2/type
[25Jul2026 23:47:29.616] [Render thread/DEBUG] [oshi.util.FileUtil/]: Reading file /sys/devices/system/cpu/cpu5/cache/index2/ways_of_associativity
[25Jul2026 23:47:29.616] [Render thread/DEBUG] [oshi.util.FileUtil/]: Reading file /sys/devices/system/cpu/cpu5/cache/index2/ways_of_associativity
[25Jul2026 23:47:29.616] [Render thread/DEBUG] [oshi.util.FileUtil/]: Reading file /sys/devices/system/cpu/cpu5/cache/index2/coherency_line_size
[25Jul2026 23:47:29.616] [Render thread/DEBUG] [oshi.util.FileUtil/]: Reading file /sys/devices/system/cpu/cpu5/cache/index2/coherency_line_size
[25Jul2026 23:47:29.616] [Render thread/DEBUG] [oshi.util.FileUtil/]: Reading file /sys/devices/system/cpu/cpu5/cache/index2/size
[25Jul2026 23:47:29.616] [Render thread/DEBUG] [oshi.util.FileUtil/]: Reading file /sys/devices/system/cpu/cpu5/cache/index2/size
[25Jul2026 23:47:29.616] [Render thread/DEBUG] [oshi.util.FileUtil/]: Reading file /sys/devices/system/cpu/cpu5/cache/index0/level
[25Jul2026 23:47:29.616] [Render thread/DEBUG] [oshi.util.FileUtil/]: Reading file /sys/devices/system/cpu/cpu5/cache/index0/level
[25Jul2026 23:47:29.616] [Render thread/DEBUG] [oshi.util.FileUtil/]: Reading file /sys/devices/system/cpu/cpu5/cache/index0/type
[25Jul2026 23:47:29.616] [Render thread/DEBUG] [oshi.util.FileUtil/]: Reading file /sys/devices/system/cpu/cpu5/cache/index0/type
[25Jul2026 23:47:29.616] [Render thread/DEBUG] [oshi.util.FileUtil/]: Reading file /sys/devices/system/cpu/cpu5/cache/index0/ways_of_associativity
[25Jul2026 23:47:29.616] [Render thread/DEBUG] [oshi.util.FileUtil/]: Reading file /sys/devices/system/cpu/cpu5/cache/index0/ways_of_associativity
[25Jul2026 23:47:29.616] [Render thread/DEBUG] [oshi.util.FileUtil/]: Reading file /sys/devices/system/cpu/cpu5/cache/index0/coherency_line_size
[25Jul2026 23:47:29.616] [Render thread/DEBUG] [oshi.util.FileUtil/]: Reading file /sys/devices/system/cpu/cpu5/cache/index0/coherency_line_size
[25Jul2026 23:47:29.617] [Render thread/DEBUG] [oshi.util.FileUtil/]: Reading file /sys/devices/system/cpu/cpu5/cache/index0/size
[25Jul2026 23:47:29.617] [Render thread/DEBUG] [oshi.util.FileUtil/]: Reading file /sys/devices/system/cpu/cpu5/cache/index0/size
[25Jul2026 23:47:29.617] [Render thread/DEBUG] [oshi.util.FileUtil/]: Reading file /sys/devices/system/cpu/cpu5/cache/index3/level
[25Jul2026 23:47:29.617] [Render thread/DEBUG] [oshi.util.FileUtil/]: Reading file /sys/devices/system/cpu/cpu5/cache/index3/level
[25Jul2026 23:47:29.617] [Render thread/DEBUG] [oshi.util.FileUtil/]: Reading file /sys/devices/system/cpu/cpu5/cache/index3/type
[25Jul2026 23:47:29.617] [Render thread/DEBUG] [oshi.util.FileUtil/]: Reading file /sys/devices/system/cpu/cpu5/cache/index3/type
[25Jul2026 23:47:29.617] [Render thread/DEBUG] [oshi.util.FileUtil/]: Reading file /sys/devices/system/cpu/cpu5/cache/index3/ways_of_associativity
[25Jul2026 23:47:29.617] [Render thread/DEBUG] [oshi.util.FileUtil/]: Reading file /sys/devices/system/cpu/cpu5/cache/index3/ways_of_associativity
[25Jul2026 23:47:29.617] [Render thread/DEBUG] [oshi.util.FileUtil/]: Reading file /sys/devices/system/cpu/cpu5/cache/index3/coherency_line_size
[25Jul2026 23:47:29.617] [Render thread/DEBUG] [oshi.util.FileUtil/]: Reading file /sys/devices/system/cpu/cpu5/cache/index3/coherency_line_size
[25Jul2026 23:47:29.617] [Render thread/DEBUG] [oshi.util.FileUtil/]: Reading file /sys/devices/system/cpu/cpu5/cache/index3/size
[25Jul2026 23:47:29.617] [Render thread/DEBUG] [oshi.util.FileUtil/]: Reading file /sys/devices/system/cpu/cpu5/cache/index3/size
[25Jul2026 23:47:29.617] [Render thread/DEBUG] [oshi.util.FileUtil/]: Reading file /sys/devices/system/cpu/cpu5/cache/index1/level
[25Jul2026 23:47:29.617] [Render thread/DEBUG] [oshi.util.FileUtil/]: Reading file /sys/devices/system/cpu/cpu5/cache/index1/level
[25Jul2026 23:47:29.617] [Render thread/DEBUG] [oshi.util.FileUtil/]: Reading file /sys/devices/system/cpu/cpu5/cache/index1/type
[25Jul2026 23:47:29.617] [Render thread/DEBUG] [oshi.util.FileUtil/]: Reading file /sys/devices/system/cpu/cpu5/cache/index1/type
[25Jul2026 23:47:29.617] [Render thread/DEBUG] [oshi.util.FileUtil/]: Reading file /sys/devices/system/cpu/cpu5/cache/index1/ways_of_associativity
[25Jul2026 23:47:29.617] [Render thread/DEBUG] [oshi.util.FileUtil/]: Reading file /sys/devices/system/cpu/cpu5/cache/index1/ways_of_associativity
[25Jul2026 23:47:29.617] [Render thread/DEBUG] [oshi.util.FileUtil/]: Reading file /sys/devices/system/cpu/cpu5/cache/index1/coherency_line_size
[25Jul2026 23:47:29.617] [Render thread/DEBUG] [oshi.util.FileUtil/]: Reading file /sys/devices/system/cpu/cpu5/cache/index1/coherency_line_size
[25Jul2026 23:47:29.617] [Render thread/DEBUG] [oshi.util.FileUtil/]: Reading file /sys/devices/system/cpu/cpu5/cache/index1/size
[25Jul2026 23:47:29.617] [Render thread/DEBUG] [oshi.util.FileUtil/]: Reading file /sys/devices/system/cpu/cpu5/cache/index1/size
[25Jul2026 23:47:29.617] [Render thread/DEBUG] [oshi.util.FileUtil/]: Reading file /sys/devices/system/cpu/cpu6/topology/core_id
[25Jul2026 23:47:29.617] [Render thread/DEBUG] [oshi.util.FileUtil/]: Reading file /sys/devices/system/cpu/cpu6/topology/core_id
[25Jul2026 23:47:29.617] [Render thread/DEBUG] [oshi.util.FileUtil/]: Reading file /sys/devices/system/cpu/cpu6/topology/physical_package_id
[25Jul2026 23:47:29.617] [Render thread/DEBUG] [oshi.util.FileUtil/]: Reading file /sys/devices/system/cpu/cpu6/topology/physical_package_id
[25Jul2026 23:47:29.618] [Render thread/DEBUG] [oshi.util.FileUtil/]: Reading file /sys/devices/system/cpu/cpu6/cpu_capacity
[25Jul2026 23:47:29.618] [Render thread/DEBUG] [oshi.util.FileUtil/]: Reading file /sys/devices/system/cpu/cpu6/cpu_capacity
[25Jul2026 23:47:29.618] [Render thread/DEBUG] [oshi.util.FileUtil/]: Reading file /sys/devices/system/cpu/cpu6/cache/index2/level
[25Jul2026 23:47:29.618] [Render thread/DEBUG] [oshi.util.FileUtil/]: Reading file /sys/devices/system/cpu/cpu6/cache/index2/level
[25Jul2026 23:47:29.618] [Render thread/DEBUG] [oshi.util.FileUtil/]: Reading file /sys/devices/system/cpu/cpu6/cache/index2/type
[25Jul2026 23:47:29.618] [Render thread/DEBUG] [oshi.util.FileUtil/]: Reading file /sys/devices/system/cpu/cpu6/cache/index2/type
[25Jul2026 23:47:29.618] [Render thread/DEBUG] [oshi.util.FileUtil/]: Reading file /sys/devices/system/cpu/cpu6/cache/index2/ways_of_associativity
[25Jul2026 23:47:29.618] [Render thread/DEBUG] [oshi.util.FileUtil/]: Reading file /sys/devices/system/cpu/cpu6/cache/index2/ways_of_associativity
[25Jul2026 23:47:29.618] [Render thread/DEBUG] [oshi.util.FileUtil/]: Reading file /sys/devices/system/cpu/cpu6/cache/index2/coherency_line_size
[25Jul2026 23:47:29.618] [Render thread/DEBUG] [oshi.util.FileUtil/]: Reading file /sys/devices/system/cpu/cpu6/cache/index2/coherency_line_size
[25Jul2026 23:47:29.618] [Render thread/DEBUG] [oshi.util.FileUtil/]: Reading file /sys/devices/system/cpu/cpu6/cache/index2/size
[25Jul2026 23:47:29.618] [Render thread/DEBUG] [oshi.util.FileUtil/]: Reading file /sys/devices/system/cpu/cpu6/cache/index2/size
[25Jul2026 23:47:29.618] [Render thread/DEBUG] [oshi.util.FileUtil/]: Reading file /sys/devices/system/cpu/cpu6/cache/index0/level
[25Jul2026 23:47:29.618] [Render thread/DEBUG] [oshi.util.FileUtil/]: Reading file /sys/devices/system/cpu/cpu6/cache/index0/level
[25Jul2026 23:47:29.618] [Render thread/DEBUG] [oshi.util.FileUtil/]: Reading file /sys/devices/system/cpu/cpu6/cache/index0/type
[25Jul2026 23:47:29.618] [Render thread/DEBUG] [oshi.util.FileUtil/]: Reading file /sys/devices/system/cpu/cpu6/cache/index0/type
[25Jul2026 23:47:29.618] [Render thread/DEBUG] [oshi.util.FileUtil/]: Reading file /sys/devices/system/cpu/cpu6/cache/index0/ways_of_associativity
[25Jul2026 23:47:29.618] [Render thread/DEBUG] [oshi.util.FileUtil/]: Reading file /sys/devices/system/cpu/cpu6/cache/index0/ways_of_associativity
[25Jul2026 23:47:29.618] [Render thread/DEBUG] [oshi.util.FileUtil/]: Reading file /sys/devices/system/cpu/cpu6/cache/index0/coherency_line_size
[25Jul2026 23:47:29.618] [Render thread/DEBUG] [oshi.util.FileUtil/]: Reading file /sys/devices/system/cpu/cpu6/cache/index0/coherency_line_size
[25Jul2026 23:47:29.618] [Render thread/DEBUG] [oshi.util.FileUtil/]: Reading file /sys/devices/system/cpu/cpu6/cache/index0/size
[25Jul2026 23:47:29.618] [Render thread/DEBUG] [oshi.util.FileUtil/]: Reading file /sys/devices/system/cpu/cpu6/cache/index0/size
[25Jul2026 23:47:29.618] [Render thread/DEBUG] [oshi.util.FileUtil/]: Reading file /sys/devices/system/cpu/cpu6/cache/index3/level
[25Jul2026 23:47:29.618] [Render thread/DEBUG] [oshi.util.FileUtil/]: Reading file /sys/devices/system/cpu/cpu6/cache/index3/level
[25Jul2026 23:47:29.619] [Render thread/DEBUG] [oshi.util.FileUtil/]: Reading file /sys/devices/system/cpu/cpu6/cache/index3/type
[25Jul2026 23:47:29.619] [Render thread/DEBUG] [oshi.util.FileUtil/]: Reading file /sys/devices/system/cpu/cpu6/cache/index3/type
[25Jul2026 23:47:29.633] [Render thread/DEBUG] [oshi.util.FileUtil/]: Reading file /sys/devices/system/cpu/cpu6/cache/index3/ways_of_associativity
[25Jul2026 23:47:29.634] [Render thread/DEBUG] [oshi.util.FileUtil/]: Reading file /sys/devices/system/cpu/cpu6/cache/index3/ways_of_associativity
[25Jul2026 23:47:29.634] [Render thread/DEBUG] [oshi.util.FileUtil/]: Reading file /sys/devices/system/cpu/cpu6/cache/index3/coherency_line_size
[25Jul2026 23:47:29.634] [Render thread/DEBUG] [oshi.util.FileUtil/]: Reading file /sys/devices/system/cpu/cpu6/cache/index3/coherency_line_size
[25Jul2026 23:47:29.634] [Render thread/DEBUG] [oshi.util.FileUtil/]: Reading file /sys/devices/system/cpu/cpu6/cache/index3/size
[25Jul2026 23:47:29.634] [Render thread/DEBUG] [oshi.util.FileUtil/]: Reading file /sys/devices/system/cpu/cpu6/cache/index3/size
[25Jul2026 23:47:29.635] [Render thread/DEBUG] [oshi.util.FileUtil/]: Reading file /sys/devices/system/cpu/cpu6/cache/index1/level
[25Jul2026 23:47:29.635] [Render thread/DEBUG] [oshi.util.FileUtil/]: Reading file /sys/devices/system/cpu/cpu6/cache/index1/level
[25Jul2026 23:47:29.635] [Render thread/DEBUG] [oshi.util.FileUtil/]: Reading file /sys/devices/system/cpu/cpu6/cache/index1/type
[25Jul2026 23:47:29.635] [Render thread/DEBUG] [oshi.util.FileUtil/]: Reading file /sys/devices/system/cpu/cpu6/cache/index1/type
[25Jul2026 23:47:29.635] [Render thread/DEBUG] [oshi.util.FileUtil/]: Reading file /sys/devices/system/cpu/cpu6/cache/index1/ways_of_associativity
[25Jul2026 23:47:29.635] [Render thread/DEBUG] [oshi.util.FileUtil/]: Reading file /sys/devices/system/cpu/cpu6/cache/index1/ways_of_associativity
[25Jul2026 23:47:29.635] [Render thread/DEBUG] [oshi.util.FileUtil/]: Reading file /sys/devices/system/cpu/cpu6/cache/index1/coherency_line_size
[25Jul2026 23:47:29.635] [Render thread/DEBUG] [oshi.util.FileUtil/]: Reading file /sys/devices/system/cpu/cpu6/cache/index1/coherency_line_size
[25Jul2026 23:47:29.635] [Render thread/DEBUG] [oshi.util.FileUtil/]: Reading file /sys/devices/system/cpu/cpu6/cache/index1/size
[25Jul2026 23:47:29.635] [Render thread/DEBUG] [oshi.util.FileUtil/]: Reading file /sys/devices/system/cpu/cpu6/cache/index1/size
[25Jul2026 23:47:29.636] [Render thread/DEBUG] [oshi.util.FileUtil/]: Reading file /sys/devices/system/cpu/cpu7/topology/core_id
[25Jul2026 23:47:29.636] [Render thread/DEBUG] [oshi.util.FileUtil/]: Reading file /sys/devices/system/cpu/cpu7/topology/core_id
[25Jul2026 23:47:29.636] [Render thread/DEBUG] [oshi.util.FileUtil/]: Reading file /sys/devices/system/cpu/cpu7/topology/physical_package_id
[25Jul2026 23:47:29.636] [Render thread/DEBUG] [oshi.util.FileUtil/]: Reading file /sys/devices/system/cpu/cpu7/topology/physical_package_id
[25Jul2026 23:47:29.636] [Render thread/DEBUG] [oshi.util.FileUtil/]: Reading file /sys/devices/system/cpu/cpu7/cpu_capacity
[25Jul2026 23:47:29.636] [Render thread/DEBUG] [oshi.util.FileUtil/]: Reading file /sys/devices/system/cpu/cpu7/cpu_capacity
[25Jul2026 23:47:29.636] [Render thread/DEBUG] [oshi.util.FileUtil/]: Reading file /sys/devices/system/cpu/cpu7/cache/index2/level
[25Jul2026 23:47:29.636] [Render thread/DEBUG] [oshi.util.FileUtil/]: Reading file /sys/devices/system/cpu/cpu7/cache/index2/level
[25Jul2026 23:47:29.636] [Render thread/DEBUG] [oshi.util.FileUtil/]: Reading file /sys/devices/system/cpu/cpu7/cache/index2/type
[25Jul2026 23:47:29.636] [Render thread/DEBUG] [oshi.util.FileUtil/]: Reading file /sys/devices/system/cpu/cpu7/cache/index2/type
[25Jul2026 23:47:29.636] [Render thread/DEBUG] [oshi.util.FileUtil/]: Reading file /sys/devices/system/cpu/cpu7/cache/index2/ways_of_associativity
[25Jul2026 23:47:29.636] [Render thread/DEBUG] [oshi.util.FileUtil/]: Reading file /sys/devices/system/cpu/cpu7/cache/index2/ways_of_associativity
[25Jul2026 23:47:29.636] [Render thread/DEBUG] [oshi.util.FileUtil/]: Reading file /sys/devices/system/cpu/cpu7/cache/index2/coherency_line_size
[25Jul2026 23:47:29.636] [Render thread/DEBUG] [oshi.util.FileUtil/]: Reading file /sys/devices/system/cpu/cpu7/cache/index2/coherency_line_size
[25Jul2026 23:47:29.636] [Render thread/DEBUG] [oshi.util.FileUtil/]: Reading file /sys/devices/system/cpu/cpu7/cache/index2/size
[25Jul2026 23:47:29.636] [Render thread/DEBUG] [oshi.util.FileUtil/]: Reading file /sys/devices/system/cpu/cpu7/cache/index2/size
[25Jul2026 23:47:29.636] [Render thread/DEBUG] [oshi.util.FileUtil/]: Reading file /sys/devices/system/cpu/cpu7/cache/index0/level
[25Jul2026 23:47:29.636] [Render thread/DEBUG] [oshi.util.FileUtil/]: Reading file /sys/devices/system/cpu/cpu7/cache/index0/level
[25Jul2026 23:47:29.636] [Render thread/DEBUG] [oshi.util.FileUtil/]: Reading file /sys/devices/system/cpu/cpu7/cache/index0/type
[25Jul2026 23:47:29.637] [Render thread/DEBUG] [oshi.util.FileUtil/]: Reading file /sys/devices/system/cpu/cpu7/cache/index0/type
[25Jul2026 23:47:29.637] [Render thread/DEBUG] [oshi.util.FileUtil/]: Reading file /sys/devices/system/cpu/cpu7/cache/index0/ways_of_associativity
[25Jul2026 23:47:29.637] [Render thread/DEBUG] [oshi.util.FileUtil/]: Reading file /sys/devices/system/cpu/cpu7/cache/index0/ways_of_associativity
[25Jul2026 23:47:29.637] [Render thread/DEBUG] [oshi.util.FileUtil/]: Reading file /sys/devices/system/cpu/cpu7/cache/index0/coherency_line_size
[25Jul2026 23:47:29.637] [Render thread/DEBUG] [oshi.util.FileUtil/]: Reading file /sys/devices/system/cpu/cpu7/cache/index0/coherency_line_size
[25Jul2026 23:47:29.637] [Render thread/DEBUG] [oshi.util.FileUtil/]: Reading file /sys/devices/system/cpu/cpu7/cache/index0/size
[25Jul2026 23:47:29.637] [Render thread/DEBUG] [oshi.util.FileUtil/]: Reading file /sys/devices/system/cpu/cpu7/cache/index0/size
[25Jul2026 23:47:29.637] [Render thread/DEBUG] [oshi.util.FileUtil/]: Reading file /sys/devices/system/cpu/cpu7/cache/index3/level
[25Jul2026 23:47:29.637] [Render thread/DEBUG] [oshi.util.FileUtil/]: Reading file /sys/devices/system/cpu/cpu7/cache/index3/level
[25Jul2026 23:47:29.637] [Render thread/DEBUG] [oshi.util.FileUtil/]: Reading file /sys/devices/system/cpu/cpu7/cache/index3/type
[25Jul2026 23:47:29.637] [Render thread/DEBUG] [oshi.util.FileUtil/]: Reading file /sys/devices/system/cpu/cpu7/cache/index3/type
[25Jul2026 23:47:29.637] [Render thread/DEBUG] [oshi.util.FileUtil/]: Reading file /sys/devices/system/cpu/cpu7/cache/index3/ways_of_associativity
[25Jul2026 23:47:29.637] [Render thread/DEBUG] [oshi.util.FileUtil/]: Reading file /sys/devices/system/cpu/cpu7/cache/index3/ways_of_associativity
[25Jul2026 23:47:29.637] [Render thread/DEBUG] [oshi.util.FileUtil/]: Reading file /sys/devices/system/cpu/cpu7/cache/index3/coherency_line_size
[25Jul2026 23:47:29.637] [Render thread/DEBUG] [oshi.util.FileUtil/]: Reading file /sys/devices/system/cpu/cpu7/cache/index3/coherency_line_size
[25Jul2026 23:47:29.637] [Render thread/DEBUG] [oshi.util.FileUtil/]: Reading file /sys/devices/system/cpu/cpu7/cache/index3/size
[25Jul2026 23:47:29.637] [Render thread/DEBUG] [oshi.util.FileUtil/]: Reading file /sys/devices/system/cpu/cpu7/cache/index3/size
[25Jul2026 23:47:29.637] [Render thread/DEBUG] [oshi.util.FileUtil/]: Reading file /sys/devices/system/cpu/cpu7/cache/index1/level
[25Jul2026 23:47:29.637] [Render thread/DEBUG] [oshi.util.FileUtil/]: Reading file /sys/devices/system/cpu/cpu7/cache/index1/level
[25Jul2026 23:47:29.637] [Render thread/DEBUG] [oshi.util.FileUtil/]: Reading file /sys/devices/system/cpu/cpu7/cache/index1/type
[25Jul2026 23:47:29.637] [Render thread/DEBUG] [oshi.util.FileUtil/]: Reading file /sys/devices/system/cpu/cpu7/cache/index1/type
[25Jul2026 23:47:29.637] [Render thread/DEBUG] [oshi.util.FileUtil/]: Reading file /sys/devices/system/cpu/cpu7/cache/index1/ways_of_associativity
[25Jul2026 23:47:29.637] [Render thread/DEBUG] [oshi.util.FileUtil/]: Reading file /sys/devices/system/cpu/cpu7/cache/index1/ways_of_associativity
[25Jul2026 23:47:29.637] [Render thread/DEBUG] [oshi.util.FileUtil/]: Reading file /sys/devices/system/cpu/cpu7/cache/index1/coherency_line_size
[25Jul2026 23:47:29.637] [Render thread/DEBUG] [oshi.util.FileUtil/]: Reading file /sys/devices/system/cpu/cpu7/cache/index1/coherency_line_size
[25Jul2026 23:47:29.637] [Render thread/DEBUG] [oshi.util.FileUtil/]: Reading file /sys/devices/system/cpu/cpu7/cache/index1/size
[25Jul2026 23:47:29.637] [Render thread/DEBUG] [oshi.util.FileUtil/]: Reading file /sys/devices/system/cpu/cpu7/cache/index1/size
[25Jul2026 23:47:29.638] [Render thread/DEBUG] [oshi.util.FileUtil/]: Reading file /sys/devices/system/cpu/cpu8/topology/core_id
[25Jul2026 23:47:29.638] [Render thread/DEBUG] [oshi.util.FileUtil/]: Reading file /sys/devices/system/cpu/cpu8/topology/core_id
[25Jul2026 23:47:29.638] [Render thread/DEBUG] [oshi.util.FileUtil/]: Reading file /sys/devices/system/cpu/cpu8/topology/physical_package_id
[25Jul2026 23:47:29.638] [Render thread/DEBUG] [oshi.util.FileUtil/]: Reading file /sys/devices/system/cpu/cpu8/topology/physical_package_id
[25Jul2026 23:47:29.638] [Render thread/DEBUG] [oshi.util.FileUtil/]: Reading file /sys/devices/system/cpu/cpu8/cpu_capacity
[25Jul2026 23:47:29.638] [Render thread/DEBUG] [oshi.util.FileUtil/]: Reading file /sys/devices/system/cpu/cpu8/cpu_capacity
[25Jul2026 23:47:29.638] [Render thread/DEBUG] [oshi.util.FileUtil/]: Reading file /sys/devices/system/cpu/cpu8/cache/index2/level
[25Jul2026 23:47:29.638] [Render thread/DEBUG] [oshi.util.FileUtil/]: Reading file /sys/devices/system/cpu/cpu8/cache/index2/level
[25Jul2026 23:47:29.638] [Render thread/DEBUG] [oshi.util.FileUtil/]: Reading file /sys/devices/system/cpu/cpu8/cache/index2/type
[25Jul2026 23:47:29.638] [Render thread/DEBUG] [oshi.util.FileUtil/]: Reading file /sys/devices/system/cpu/cpu8/cache/index2/type
[25Jul2026 23:47:29.638] [Render thread/DEBUG] [oshi.util.FileUtil/]: Reading file /sys/devices/system/cpu/cpu8/cache/index2/ways_of_associativity
[25Jul2026 23:47:29.638] [Render thread/DEBUG] [oshi.util.FileUtil/]: Reading file /sys/devices/system/cpu/cpu8/cache/index2/ways_of_associativity
[25Jul2026 23:47:29.638] [Render thread/DEBUG] [oshi.util.FileUtil/]: Reading file /sys/devices/system/cpu/cpu8/cache/index2/coherency_line_size
[25Jul2026 23:47:29.638] [Render thread/DEBUG] [oshi.util.FileUtil/]: Reading file /sys/devices/system/cpu/cpu8/cache/index2/coherency_line_size
[25Jul2026 23:47:29.638] [Render thread/DEBUG] [oshi.util.FileUtil/]: Reading file /sys/devices/system/cpu/cpu8/cache/index2/size
[25Jul2026 23:47:29.638] [Render thread/DEBUG] [oshi.util.FileUtil/]: Reading file /sys/devices/system/cpu/cpu8/cache/index2/size
[25Jul2026 23:47:29.638] [Render thread/DEBUG] [oshi.util.FileUtil/]: Reading file /sys/devices/system/cpu/cpu8/cache/index0/level
[25Jul2026 23:47:29.638] [Render thread/DEBUG] [oshi.util.FileUtil/]: Reading file /sys/devices/system/cpu/cpu8/cache/index0/level
[25Jul2026 23:47:29.638] [Render thread/DEBUG] [oshi.util.FileUtil/]: Reading file /sys/devices/system/cpu/cpu8/cache/index0/type
[25Jul2026 23:47:29.638] [Render thread/DEBUG] [oshi.util.FileUtil/]: Reading file /sys/devices/system/cpu/cpu8/cache/index0/type
[25Jul2026 23:47:29.638] [Render thread/DEBUG] [oshi.util.FileUtil/]: Reading file /sys/devices/system/cpu/cpu8/cache/index0/ways_of_associativity
[25Jul2026 23:47:29.638] [Render thread/DEBUG] [oshi.util.FileUtil/]: Reading file /sys/devices/system/cpu/cpu8/cache/index0/ways_of_associativity
[25Jul2026 23:47:29.638] [Render thread/DEBUG] [oshi.util.FileUtil/]: Reading file /sys/devices/system/cpu/cpu8/cache/index0/coherency_line_size
[25Jul2026 23:47:29.638] [Render thread/DEBUG] [oshi.util.FileUtil/]: Reading file /sys/devices/system/cpu/cpu8/cache/index0/coherency_line_size
[25Jul2026 23:47:29.638] [Render thread/DEBUG] [oshi.util.FileUtil/]: Reading file /sys/devices/system/cpu/cpu8/cache/index0/size
[25Jul2026 23:47:29.638] [Render thread/DEBUG] [oshi.util.FileUtil/]: Reading file /sys/devices/system/cpu/cpu8/cache/index0/size
[25Jul2026 23:47:29.639] [Render thread/DEBUG] [oshi.util.FileUtil/]: Reading file /sys/devices/system/cpu/cpu8/cache/index3/level
[25Jul2026 23:47:29.639] [Render thread/DEBUG] [oshi.util.FileUtil/]: Reading file /sys/devices/system/cpu/cpu8/cache/index3/level
[25Jul2026 23:47:29.639] [Render thread/DEBUG] [oshi.util.FileUtil/]: Reading file /sys/devices/system/cpu/cpu8/cache/index3/type
[25Jul2026 23:47:29.639] [Render thread/DEBUG] [oshi.util.FileUtil/]: Reading file /sys/devices/system/cpu/cpu8/cache/index3/type
[25Jul2026 23:47:29.639] [Render thread/DEBUG] [oshi.util.FileUtil/]: Reading file /sys/devices/system/cpu/cpu8/cache/index3/ways_of_associativity
[25Jul2026 23:47:29.639] [Render thread/DEBUG] [oshi.util.FileUtil/]: Reading file /sys/devices/system/cpu/cpu8/cache/index3/ways_of_associativity
[25Jul2026 23:47:29.639] [Render thread/DEBUG] [oshi.util.FileUtil/]: Reading file /sys/devices/system/cpu/cpu8/cache/index3/coherency_line_size
[25Jul2026 23:47:29.639] [Render thread/DEBUG] [oshi.util.FileUtil/]: Reading file /sys/devices/system/cpu/cpu8/cache/index3/coherency_line_size
[25Jul2026 23:47:29.639] [Render thread/DEBUG] [oshi.util.FileUtil/]: Reading file /sys/devices/system/cpu/cpu8/cache/index3/size
[25Jul2026 23:47:29.639] [Render thread/DEBUG] [oshi.util.FileUtil/]: Reading file /sys/devices/system/cpu/cpu8/cache/index3/size
[25Jul2026 23:47:29.639] [Render thread/DEBUG] [oshi.util.FileUtil/]: Reading file /sys/devices/system/cpu/cpu8/cache/index1/level
[25Jul2026 23:47:29.639] [Render thread/DEBUG] [oshi.util.FileUtil/]: Reading file /sys/devices/system/cpu/cpu8/cache/index1/level
[25Jul2026 23:47:29.639] [Render thread/DEBUG] [oshi.util.FileUtil/]: Reading file /sys/devices/system/cpu/cpu8/cache/index1/type
[25Jul2026 23:47:29.639] [Render thread/DEBUG] [oshi.util.FileUtil/]: Reading file /sys/devices/system/cpu/cpu8/cache/index1/type
[25Jul2026 23:47:29.639] [Render thread/DEBUG] [oshi.util.FileUtil/]: Reading file /sys/devices/system/cpu/cpu8/cache/index1/ways_of_associativity
[25Jul2026 23:47:29.639] [Render thread/DEBUG] [oshi.util.FileUtil/]: Reading file /sys/devices/system/cpu/cpu8/cache/index1/ways_of_associativity
[25Jul2026 23:47:29.639] [Render thread/DEBUG] [oshi.util.FileUtil/]: Reading file /sys/devices/system/cpu/cpu8/cache/index1/coherency_line_size
[25Jul2026 23:47:29.639] [Render thread/DEBUG] [oshi.util.FileUtil/]: Reading file /sys/devices/system/cpu/cpu8/cache/index1/coherency_line_size
[25Jul2026 23:47:29.639] [Render thread/DEBUG] [oshi.util.FileUtil/]: Reading file /sys/devices/system/cpu/cpu8/cache/index1/size
[25Jul2026 23:47:29.639] [Render thread/DEBUG] [oshi.util.FileUtil/]: Reading file /sys/devices/system/cpu/cpu8/cache/index1/size
[25Jul2026 23:47:29.639] [Render thread/DEBUG] [oshi.util.FileUtil/]: Reading file /sys/devices/system/cpu/cpu9/topology/core_id
[25Jul2026 23:47:29.639] [Render thread/DEBUG] [oshi.util.FileUtil/]: Reading file /sys/devices/system/cpu/cpu9/topology/core_id
[25Jul2026 23:47:29.639] [Render thread/DEBUG] [oshi.util.FileUtil/]: Reading file /sys/devices/system/cpu/cpu9/topology/physical_package_id
[25Jul2026 23:47:29.639] [Render thread/DEBUG] [oshi.util.FileUtil/]: Reading file /sys/devices/system/cpu/cpu9/topology/physical_package_id
[25Jul2026 23:47:29.639] [Render thread/DEBUG] [oshi.util.FileUtil/]: Reading file /sys/devices/system/cpu/cpu9/cpu_capacity
[25Jul2026 23:47:29.639] [Render thread/DEBUG] [oshi.util.FileUtil/]: Reading file /sys/devices/system/cpu/cpu9/cpu_capacity
[25Jul2026 23:47:29.640] [Render thread/DEBUG] [oshi.util.FileUtil/]: Reading file /sys/devices/system/cpu/cpu9/cache/index2/level
[25Jul2026 23:47:29.640] [Render thread/DEBUG] [oshi.util.FileUtil/]: Reading file /sys/devices/system/cpu/cpu9/cache/index2/level
[25Jul2026 23:47:29.640] [Render thread/DEBUG] [oshi.util.FileUtil/]: Reading file /sys/devices/system/cpu/cpu9/cache/index2/type
[25Jul2026 23:47:29.640] [Render thread/DEBUG] [oshi.util.FileUtil/]: Reading file /sys/devices/system/cpu/cpu9/cache/index2/type
[25Jul2026 23:47:29.640] [Render thread/DEBUG] [oshi.util.FileUtil/]: Reading file /sys/devices/system/cpu/cpu9/cache/index2/ways_of_associativity
[25Jul2026 23:47:29.640] [Render thread/DEBUG] [oshi.util.FileUtil/]: Reading file /sys/devices/system/cpu/cpu9/cache/index2/ways_of_associativity
[25Jul2026 23:47:29.640] [Render thread/DEBUG] [oshi.util.FileUtil/]: Reading file /sys/devices/system/cpu/cpu9/cache/index2/coherency_line_size
[25Jul2026 23:47:29.640] [Render thread/DEBUG] [oshi.util.FileUtil/]: Reading file /sys/devices/system/cpu/cpu9/cache/index2/coherency_line_size
[25Jul2026 23:47:29.640] [Render thread/DEBUG] [oshi.util.FileUtil/]: Reading file /sys/devices/system/cpu/cpu9/cache/index2/size
[25Jul2026 23:47:29.640] [Render thread/DEBUG] [oshi.util.FileUtil/]: Reading file /sys/devices/system/cpu/cpu9/cache/index2/size
[25Jul2026 23:47:29.640] [Render thread/DEBUG] [oshi.util.FileUtil/]: Reading file /sys/devices/system/cpu/cpu9/cache/index0/level
[25Jul2026 23:47:29.640] [Render thread/DEBUG] [oshi.util.FileUtil/]: Reading file /sys/devices/system/cpu/cpu9/cache/index0/level
[25Jul2026 23:47:29.640] [Render thread/DEBUG] [oshi.util.FileUtil/]: Reading file /sys/devices/system/cpu/cpu9/cache/index0/type
[25Jul2026 23:47:29.640] [Render thread/DEBUG] [oshi.util.FileUtil/]: Reading file /sys/devices/system/cpu/cpu9/cache/index0/type
[25Jul2026 23:47:29.640] [Render thread/DEBUG] [oshi.util.FileUtil/]: Reading file /sys/devices/system/cpu/cpu9/cache/index0/ways_of_associativity
[25Jul2026 23:47:29.640] [Render thread/DEBUG] [oshi.util.FileUtil/]: Reading file /sys/devices/system/cpu/cpu9/cache/index0/ways_of_associativity
[25Jul2026 23:47:29.640] [Render thread/DEBUG] [oshi.util.FileUtil/]: Reading file /sys/devices/system/cpu/cpu9/cache/index0/coherency_line_size
[25Jul2026 23:47:29.640] [Render thread/DEBUG] [oshi.util.FileUtil/]: Reading file /sys/devices/system/cpu/cpu9/cache/index0/coherency_line_size
[25Jul2026 23:47:29.640] [Render thread/DEBUG] [oshi.util.FileUtil/]: Reading file /sys/devices/system/cpu/cpu9/cache/index0/size
[25Jul2026 23:47:29.640] [Render thread/DEBUG] [oshi.util.FileUtil/]: Reading file /sys/devices/system/cpu/cpu9/cache/index0/size
[25Jul2026 23:47:29.640] [Render thread/DEBUG] [oshi.util.FileUtil/]: Reading file /sys/devices/system/cpu/cpu9/cache/index3/level
[25Jul2026 23:47:29.640] [Render thread/DEBUG] [oshi.util.FileUtil/]: Reading file /sys/devices/system/cpu/cpu9/cache/index3/level
[25Jul2026 23:47:29.640] [Render thread/DEBUG] [oshi.util.FileUtil/]: Reading file /sys/devices/system/cpu/cpu9/cache/index3/type
[25Jul2026 23:47:29.640] [Render thread/DEBUG] [oshi.util.FileUtil/]: Reading file /sys/devices/system/cpu/cpu9/cache/index3/type
[25Jul2026 23:47:29.640] [Render thread/DEBUG] [oshi.util.FileUtil/]: Reading file /sys/devices/system/cpu/cpu9/cache/index3/ways_of_associativity
[25Jul2026 23:47:29.640] [Render thread/DEBUG] [oshi.util.FileUtil/]: Reading file /sys/devices/system/cpu/cpu9/cache/index3/ways_of_associativity
[25Jul2026 23:47:29.640] [Render thread/DEBUG] [oshi.util.FileUtil/]: Reading file /sys/devices/system/cpu/cpu9/cache/index3/coherency_line_size
[25Jul2026 23:47:29.640] [Render thread/DEBUG] [oshi.util.FileUtil/]: Reading file /sys/devices/system/cpu/cpu9/cache/index3/coherency_line_size
[25Jul2026 23:47:29.640] [Render thread/DEBUG] [oshi.util.FileUtil/]: Reading file /sys/devices/system/cpu/cpu9/cache/index3/size
[25Jul2026 23:47:29.640] [Render thread/DEBUG] [oshi.util.FileUtil/]: Reading file /sys/devices/system/cpu/cpu9/cache/index3/size
[25Jul2026 23:47:29.640] [Render thread/DEBUG] [oshi.util.FileUtil/]: Reading file /sys/devices/system/cpu/cpu9/cache/index1/level
[25Jul2026 23:47:29.640] [Render thread/DEBUG] [oshi.util.FileUtil/]: Reading file /sys/devices/system/cpu/cpu9/cache/index1/level
[25Jul2026 23:47:29.640] [Render thread/DEBUG] [oshi.util.FileUtil/]: Reading file /sys/devices/system/cpu/cpu9/cache/index1/type
[25Jul2026 23:47:29.640] [Render thread/DEBUG] [oshi.util.FileUtil/]: Reading file /sys/devices/system/cpu/cpu9/cache/index1/type
[25Jul2026 23:47:29.640] [Render thread/DEBUG] [oshi.util.FileUtil/]: Reading file /sys/devices/system/cpu/cpu9/cache/index1/ways_of_associativity
[25Jul2026 23:47:29.640] [Render thread/DEBUG] [oshi.util.FileUtil/]: Reading file /sys/devices/system/cpu/cpu9/cache/index1/ways_of_associativity
[25Jul2026 23:47:29.640] [Render thread/DEBUG] [oshi.util.FileUtil/]: Reading file /sys/devices/system/cpu/cpu9/cache/index1/coherency_line_size
[25Jul2026 23:47:29.640] [Render thread/DEBUG] [oshi.util.FileUtil/]: Reading file /sys/devices/system/cpu/cpu9/cache/index1/coherency_line_size
[25Jul2026 23:47:29.640] [Render thread/DEBUG] [oshi.util.FileUtil/]: Reading file /sys/devices/system/cpu/cpu9/cache/index1/size
[25Jul2026 23:47:29.641] [Render thread/DEBUG] [oshi.util.FileUtil/]: Reading file /sys/devices/system/cpu/cpu9/cache/index1/size
[25Jul2026 23:47:29.641] [Render thread/DEBUG] [oshi.util.FileUtil/]: Reading file /proc/cpuinfo
[25Jul2026 23:47:29.642] [Render thread/DEBUG] [oshi.util.FileUtil/]: Reading file /proc/cpuinfo
[25Jul2026 23:47:29.649] [Render thread/DEBUG] [oshi.util.FileUtil/]: Reading file /proc/self/auxv
[25Jul2026 23:47:29.681] [Render thread/INFO] [net.minecraft.client.Minecraft/]: Using optional rendering extensions: GL_ARB_buffer_storage, GL_KHR_debug, GL_ARB_vertex_attrib_binding, GL_ARB_direct_state_access
[25Jul2026 23:47:29.890] [Render thread/DEBUG] [mixin/]: Mixing AvatarRendererMixin from player_animation_library.mixins.json into net.minecraft.client.renderer.entity.player.AvatarRenderer
[25Jul2026 23:47:29.891] [Render thread/DEBUG] [mixin/]: Renaming synthetic method getShadowRadius(Lnet/minecraft/client/renderer/entity/state/EntityRenderState;)F to md6f6e06$player_animation_library$getShadowRadius$0 in player_animation_library.mixins.json:AvatarRendererMixin from mod player_animation_library
[25Jul2026 23:47:29.892] [Render thread/DEBUG] [mixin/]: player_animation_library.mixins.json:AvatarRendererMixin from mod player_animation_library->@Inject::modifyRenderState(Lnet/minecraft/world/entity/Avatar;Lnet/minecraft/client/renderer/entity/state/AvatarRenderState;FLorg/spongepowered/asm/mixin/injection/callback/CallbackInfo;)V doesn't use it's CallbackInfo
[25Jul2026 23:47:29.892] [Render thread/DEBUG] [mixin/]: player_animation_library.mixins.json:AvatarRendererMixin from mod player_animation_library->@Inject::modifyRenderState(Lnet/minecraft/world/entity/Avatar;Lnet/minecraft/client/renderer/entity/state/AvatarRenderState;FLorg/spongepowered/asm/mixin/injection/callback/CallbackInfo;)V has 0 override(s) in child classes
[25Jul2026 23:47:29.892] [Render thread/DEBUG] [mixin/]: player_animation_library.mixins.json:AvatarRendererMixin from mod player_animation_library->@Inject::modifyRenderState(Lnet/minecraft/world/entity/Avatar;Lnet/minecraft/client/renderer/entity/state/AvatarRenderState;FLorg/spongepowered/asm/mixin/injection/callback/CallbackInfo;)V won't be passed a CallbackInfo as a result
[25Jul2026 23:47:29.894] [Render thread/DEBUG] [mixin/]: Mixing LivingEntityRendererMixin from player_animation_library.mixins.json into net.minecraft.client.renderer.entity.LivingEntityRenderer
[25Jul2026 23:47:29.895] [Render thread/DEBUG] [mixin/]: Mixing firstPerson.LivingEntityRendererMixin from player_animation_library.mixins.json into net.minecraft.client.renderer.entity.LivingEntityRenderer
[25Jul2026 23:47:29.896] [Render thread/DEBUG] [mixin/]: player_animation_library.mixins.json:LivingEntityRendererMixin from mod player_animation_library->@Inject::doTranslations(Lnet/minecraft/client/renderer/entity/state/LivingEntityRenderState;Lcom/mojang/blaze3d/vertex/PoseStack;Lnet/minecraft/client/renderer/SubmitNodeCollector;Lnet/minecraft/client/renderer/state/CameraRenderState;Lorg/spongepowered/asm/mixin/injection/callback/CallbackInfo;)V doesn't use it's CallbackInfo
[25Jul2026 23:47:29.896] [Render thread/DEBUG] [mixin/]: player_animation_library.mixins.json:LivingEntityRendererMixin from mod player_animation_library->@Inject::doTranslations(Lnet/minecraft/client/renderer/entity/state/LivingEntityRenderState;Lcom/mojang/blaze3d/vertex/PoseStack;Lnet/minecraft/client/renderer/SubmitNodeCollector;Lnet/minecraft/client/renderer/state/CameraRenderState;Lorg/spongepowered/asm/mixin/injection/callback/CallbackInfo;)V has 0 override(s) in child classes
[25Jul2026 23:47:29.896] [Render thread/DEBUG] [mixin/]: player_animation_library.mixins.json:LivingEntityRendererMixin from mod player_animation_library->@Inject::doTranslations(Lnet/minecraft/client/renderer/entity/state/LivingEntityRenderState;Lcom/mojang/blaze3d/vertex/PoseStack;Lnet/minecraft/client/renderer/SubmitNodeCollector;Lnet/minecraft/client/renderer/state/CameraRenderState;Lorg/spongepowered/asm/mixin/injection/callback/CallbackInfo;)V won't be passed a CallbackInfo as a result
[25Jul2026 23:47:29.898] [Render thread/DEBUG] [mixin/]: Mixing firstPerson.ItemInHandRendererMixin from player_animation_library.mixins.json into net.minecraft.client.renderer.ItemInHandRenderer
[25Jul2026 23:47:29.901] [Render thread/DEBUG] [mixin/]: player_animation_library.mixins.json:firstPerson.ItemInHandRendererMixin from mod player_animation_library->@Inject::disableDefaultItemIfNeeded(FLcom/mojang/blaze3d/vertex/PoseStack;Lnet/minecraft/client/renderer/SubmitNodeCollector;Lnet/minecraft/client/player/LocalPlayer;ILorg/spongepowered/asm/mixin/injection/callback/CallbackInfo;)V does use it's CallbackInfo
[25Jul2026 23:47:29.901] [Render thread/DEBUG] [mixin/]: player_animation_library.mixins.json:firstPerson.ItemInHandRendererMixin from mod player_animation_library->@Inject::cancelItemRender(Lnet/minecraft/world/entity/LivingEntity;Lnet/minecraft/world/item/ItemStack;Lnet/minecraft/world/item/ItemDisplayContext;Lcom/mojang/blaze3d/vertex/PoseStack;Lnet/minecraft/client/renderer/SubmitNodeCollector;ILorg/spongepowered/asm/mixin/injection/callback/CallbackInfo;)V does use it's CallbackInfo
[25Jul2026 23:47:29.904] [Download-2/ERROR] [net.minecraft.client.Minecraft/]: Failed to fetch user properties
com.mojang.authlib.exceptions.InvalidCredentialsException: Status: 401
	at com.mojang.authlib.exceptions.MinecraftClientHttpException.toAuthenticationException(MinecraftClientHttpException.java:59) ~[authlib-7.0.61.jar:?]
	at com.mojang.authlib.yggdrasil.YggdrasilUserApiService.fetchProperties(YggdrasilUserApiService.java:150) ~[authlib-7.0.61.jar:?]
	at TRANSFORMER/minecraft@1.21.10/net.minecraft.client.Minecraft.lambda$new$1(Minecraft.java:437) ~[neoforge-21.10.64.jar:?]
	at java.base/java.util.concurrent.CompletableFuture$AsyncSupply.run(CompletableFuture.java:1768) ~[?:?]
	at java.base/java.util.concurrent.ThreadPoolExecutor.runWorker(ThreadPoolExecutor.java:1144) ~[?:?]
	at java.base/java.util.concurrent.ThreadPoolExecutor$Worker.run(ThreadPoolExecutor.java:642) ~[?:?]
	at java.base/java.lang.Thread.run(Thread.java:1583) [?:?]
Caused by: com.mojang.authlib.exceptions.MinecraftClientHttpException: Status: 401
	at com.mojang.authlib.minecraft.client.MinecraftClient.readInputStream(MinecraftClient.java:103) ~[authlib-7.0.61.jar:?]
	at com.mojang.authlib.minecraft.client.MinecraftClient.get(MinecraftClient.java:56) ~[authlib-7.0.61.jar:?]
	at com.mojang.authlib.yggdrasil.YggdrasilUserApiService.fetchProperties(YggdrasilUserApiService.java:121) ~[authlib-7.0.61.jar:?]
	... 5 more
[25Jul2026 23:47:30.000] [Render thread/DEBUG] [mixin/]: Mixing firstPerson.LevelRendererMixin from player_animation_library.mixins.json into net.minecraft.client.renderer.LevelRenderer
[25Jul2026 23:47:30.010] [Render thread/DEBUG] [mixin/]: player_animation_library.mixins.json:firstPerson.LevelRendererMixin from mod player_animation_library->@Inject::setRenderStateToFirstPerson(Lnet/minecraft/client/Camera;Lnet/minecraft/client/renderer/culling/Frustum;Lnet/minecraft/client/DeltaTracker;Lnet/minecraft/client/renderer/state/LevelRenderState;Lorg/spongepowered/asm/mixin/injection/callback/CallbackInfo;)V doesn't use it's CallbackInfo
[25Jul2026 23:47:30.010] [Render thread/DEBUG] [mixin/]: player_animation_library.mixins.json:firstPerson.LevelRendererMixin from mod player_animation_library->@Inject::setRenderStateToFirstPerson(Lnet/minecraft/client/Camera;Lnet/minecraft/client/renderer/culling/Frustum;Lnet/minecraft/client/DeltaTracker;Lnet/minecraft/client/renderer/state/LevelRenderState;Lorg/spongepowered/asm/mixin/injection/callback/CallbackInfo;)V has 0 override(s) in child classes
[25Jul2026 23:47:30.010] [Render thread/DEBUG] [mixin/]: player_animation_library.mixins.json:firstPerson.LevelRendererMixin from mod player_animation_library->@Inject::setRenderStateToFirstPerson(Lnet/minecraft/client/Camera;Lnet/minecraft/client/renderer/culling/Frustum;Lnet/minecraft/client/DeltaTracker;Lnet/minecraft/client/renderer/state/LevelRenderState;Lorg/spongepowered/asm/mixin/injection/callback/CallbackInfo;)V won't be passed a CallbackInfo as a result
[25Jul2026 23:47:30.015] [Render thread/DEBUG] [mixin/]: player_animation_library.mixins.json:firstPerson.LevelRendererMixin from mod player_animation_library->@Inject::dontRenderEntity_End(Lcom/mojang/blaze3d/vertex/PoseStack;Lnet/minecraft/client/renderer/state/LevelRenderState;Lnet/minecraft/client/renderer/SubmitNodeCollector;Lorg/spongepowered/asm/mixin/injection/callback/CallbackInfo;)V doesn't use it's CallbackInfo
[25Jul2026 23:47:30.015] [Render thread/DEBUG] [mixin/]: player_animation_library.mixins.json:firstPerson.LevelRendererMixin from mod player_animation_library->@Inject::dontRenderEntity_End(Lcom/mojang/blaze3d/vertex/PoseStack;Lnet/minecraft/client/renderer/state/LevelRenderState;Lnet/minecraft/client/renderer/SubmitNodeCollector;Lorg/spongepowered/asm/mixin/injection/callback/CallbackInfo;)V has 0 override(s) in child classes
[25Jul2026 23:47:30.015] [Render thread/DEBUG] [mixin/]: player_animation_library.mixins.json:firstPerson.LevelRendererMixin from mod player_animation_library->@Inject::dontRenderEntity_End(Lcom/mojang/blaze3d/vertex/PoseStack;Lnet/minecraft/client/renderer/state/LevelRenderState;Lnet/minecraft/client/renderer/SubmitNodeCollector;Lorg/spongepowered/asm/mixin/injection/callback/CallbackInfo;)V won't be passed a CallbackInfo as a result
[25Jul2026 23:47:30.031] [Render thread/DEBUG] [mixin/]: Mixing client.ColliderDebugRenderer from bettercombat.mixins.json into net.minecraft.client.renderer.debug.DebugRenderer
[25Jul2026 23:47:30.032] [Render thread/DEBUG] [mixin/]: Renaming synthetic method lambda$renderColliderDebug$0(Lnet/minecraft/world/phys/Vec3;Lnet/minecraft/world/entity/Entity;)Lnet/bettercombat/client/collision/OrientedBoundingBox; to md6f6e06$bettercombat$lambda$renderColliderDebug$0$0 in bettercombat.mixins.json:client.ColliderDebugRenderer from mod bettercombat
[25Jul2026 23:47:30.051] [Render thread/DEBUG] [mixin/]: bettercombat.mixins.json:client.ColliderDebugRenderer from mod bettercombat->@Inject::renderColliderDebug(Lcom/mojang/blaze3d/vertex/PoseStack;Lnet/minecraft/client/renderer/culling/Frustum;Lnet/minecraft/client/renderer/MultiBufferSource$BufferSource;DDDZLorg/spongepowered/asm/mixin/injection/callback/CallbackInfo;)V doesn't use it's CallbackInfo
[25Jul2026 23:47:30.051] [Render thread/DEBUG] [mixin/]: bettercombat.mixins.json:client.ColliderDebugRenderer from mod bettercombat->@Inject::renderColliderDebug(Lcom/mojang/blaze3d/vertex/PoseStack;Lnet/minecraft/client/renderer/culling/Frustum;Lnet/minecraft/client/renderer/MultiBufferSource$BufferSource;DDDZLorg/spongepowered/asm/mixin/injection/callback/CallbackInfo;)V has 0 override(s) in child classes
[25Jul2026 23:47:30.051] [Render thread/DEBUG] [mixin/]: bettercombat.mixins.json:client.ColliderDebugRenderer from mod bettercombat->@Inject::renderColliderDebug(Lcom/mojang/blaze3d/vertex/PoseStack;Lnet/minecraft/client/renderer/culling/Frustum;Lnet/minecraft/client/renderer/MultiBufferSource$BufferSource;DDDZLorg/spongepowered/asm/mixin/injection/callback/CallbackInfo;)V won't be passed a CallbackInfo as a result
[25Jul2026 23:47:30.061] [Render thread/DEBUG] [mixin/]: Mixing client.InGameHudInject from bettercombat.mixins.json into net.minecraft.client.gui.Gui
[25Jul2026 23:47:30.167] [Render thread/ERROR] [com.mojang.text2speech.Narrator/]: Error while loading the narrator
com.mojang.text2speech.Narrator$InitializeException: Failed to load library flite
	at com.mojang.text2speech.NarratorLinux$FliteLibrary.loadNative(NarratorLinux.java:81) ~[text2speech-1.18.11.jar:?]
	at com.mojang.text2speech.NarratorLinux.<init>(NarratorLinux.java:18) ~[text2speech-1.18.11.jar:?]
	at com.mojang.text2speech.Narrator.getNarrator(Narrator.java:41) [text2speech-1.18.11.jar:?]
	at TRANSFORMER/minecraft@1.21.10/net.minecraft.client.GameNarrator.<init>(GameNarrator.java:22) [neoforge-21.10.64.jar:?]
	at TRANSFORMER/minecraft@1.21.10/net.minecraft.client.Minecraft.<init>(Minecraft.java:676) [neoforge-21.10.64.jar:?]
	at TRANSFORMER/minecraft@1.21.10/net.minecraft.client.main.Main.main(Main.java:214) [neoforge-21.10.64.jar:?]
	at net.neoforged.fml.startup.Client.main(Client.java:19) [loader-10.0.32.jar:10.0]
Caused by: java.lang.UnsatisfiedLinkError: Unable to load library 'flite':
libflite.so: cannot open shared object file: No such file or directory
libflite.so: cannot open shared object file: No such file or directory
Native library (linux-x86-64/libflite.so) not found in resource path (/home/fiverka/Projects/fiverkas-weapons-1.21.5-1.21.11/build/classes/java/main:/home/fiverka/Projects/fiverkas-weapons-1.21.5-1.21.11/build/resources/main:/home/fiverka/Projects/fiverkas-weapons-1.21.5-1.21.11/.gradle/repositories/ng_dummy_ng/net/neoforged/neoforge/21.10.64/neoforge-21.10.64.jar:/home/fiverka/.gradle/caches/modules-2/files-2.1/com.microsoft.azure/msal4j/1.17.2/a6211e3d71d0388929babaa0ff0951b30d001852/msal4j-1.17.2.jar:/home/fiverka/.gradle/caches/modules-2/files-2.1/com.fasterxml.jackson.core/jackson-databind/2.13.4.2/325c06bdfeb628cfb80ebaaf1a26cc1eb558a585/jackson-databind-2.13.4.2.jar:/home/fiverka/.gradle/caches/modules-2/files-2.1/com.fasterxml.jackson.core/jackson-annotations/2.13.4/858c6cc78e1f08a885b1613e1d817c829df70a6e/jackson-annotations-2.13.4.jar:/home/fiverka/.gradle/caches/modules-2/files-2.1/com.fasterxml.jackson.core/jackson-core/2.13.4/cf934c681294b97ef6d80082faeefbe1edadf56/jackson-core-2.13.4.jar:/home/fiverka/.gradle/caches/modules-2/files-2.1/com.github.oshi/oshi-core/6.6.5/e1099981fd15dc4236c4499d82aba1276fb43a9a/oshi-core-6.6.5.jar:/home/fiverka/.gradle/caches/modules-2/files-2.1/com.nimbusds/oauth2-oidc-sdk/11.18/7c7ec4f4066625ff07a711ad856fa04da1ff9de/oauth2-oidc-sdk-11.18.jar:/home/fiverka/.gradle/caches/modules-2/files-2.1/com.github.stephenc.jcip/jcip-annotations/1.0-1/ef31541dd28ae2cefdd17c7ebf352d93e9058c63/jcip-annotations-1.0-1.jar:/home/fiverka/.gradle/caches/modules-2/files-2.1/com.mojang/authlib/7.0.61/efee1e6b54e863108576eb3b3ae71144626aaefc/authlib-7.0.61.jar:/home/fiverka/.gradle/caches/modules-2/files-2.1/com.mojang/datafixerupper/8.0.16/67d4de6d7f95d89bcf5862995fb854ebaec02a34/datafixerupper-8.0.16.jar:/home/fiverka/.gradle/caches/modules-2/files-2.1/net.neoforged.fancymodloader/earlydisplay/10.0.32/1ca2e62504996c417c19e740513f8d09b880359e/earlydisplay-10.0.32.jar:/home/fiverka/.gradle/caches/modules-2/files-2.1/net.neoforged.fancymodloader/loader/10.0.32/ef0364b1413d96932ddf4b4dc4a5660a4d861b5b/loader-10.0.32.jar:/home/fiverka/.gradle/caches/modules-2/files-2.1/net.neoforged/JarJarSelector/0.5.0/64e4956b8dcdd6537eba96590f12fa1f3ba2f831/JarJarSelector-0.5.0.jar:/home/fiverka/.gradle/caches/modules-2/files-2.1/net.neoforged/JarJarMetadata/0.5.0/6f03d0ac17102c33cb7384e42a2e22eda2a3ad8c/JarJarMetadata-0.5.0.jar:/home/fiverka/.gradle/caches/modules-2/files-2.1/net.fabricmc/sponge-mixin/0.16.5+mixin.0.8.7/80fc3a9f592673cea87f4cd702f87991c6c9fe4d/sponge-mixin-0.16.5+mixin.0.8.7.jar:/home/fiverka/.gradle/caches/modules-2/files-2.1/com.google.code.gson/gson/2.11.0/527175ca6d81050b53bdd4c457a6d6e017626b0e/gson-2.11.0.jar:/home/fiverka/.gradle/caches/modules-2/files-2.1/com.mojang/patchy/2.2.10/da05971b07cbb379d002cf7eaec6a2048211fefc/patchy-2.2.10.jar:/home/fiverka/.gradle/caches/modules-2/files-2.1/com.mojang/text2speech/1.18.11/e853a12cdd6ba4f4836e8f4bf3b37844a13482b6/text2speech-1.18.11.jar:/home/fiverka/.gradle/caches/modules-2/files-2.1/com.google.guava/guava/33.3.1-jre/852f8b363da0111e819460021ca693cacca3e8db/guava-33.3.1-jre.jar:/home/fiverka/.gradle/caches/modules-2/files-2.1/com.google.guava/failureaccess/1.0.2/c4a06a64e650562f30b7bf9aaec1bfed43aca12b/failureaccess-1.0.2.jar:/home/fiverka/.gradle/caches/modules-2/files-2.1/com.ibm.icu/icu4j/76.1/215f3a8e936d4069344bd75f2b1368fd58112894/icu4j-76.1.jar:/home/fiverka/.gradle/caches/modules-2/files-2.1/com.mojang/blocklist/1.0.10/5c685c5ffa94c4cd39496c7184c1d122e515ecef/blocklist-1.0.10.jar:/home/fiverka/.gradle/caches/modules-2/files-2.1/com.mojang/brigadier/1.3.10/d15b53a14cf20fdcaa98f731af5dda654452c010/brigadier-1.3.10.jar:/home/fiverka/.gradle/caches/modules-2/files-2.1/com.mojang/jtracy/1.0.36/20a63d06b621bfeb3cb21ef51b7fa40c0fc22021/jtracy-1.0.36.jar:/home/fiverka/.gradle/caches/modules-2/files-2.1/com.mojang/jtracy/1.0.36/8f2967c139b024bf80024a3eab63e906c3ee2e5b/jtracy-1.0.36-natives-linux.jar:/home/fiverka/.gradle/caches/modules-2/files-2.1/com.mojang/logging/1.5.10/9ab1202793717af9df9c1704d0a02892067001eb/logging-1.5.10.jar:/home/fiverka/.gradle/caches/modules-2/files-2.1/com.nimbusds/content-type/2.3/e3aa0be212d7a42839a8f3f506f5b990bcce0222/content-type-2.3.jar:/home/fiverka/.gradle/caches/modules-2/files-2.1/com.nimbusds/lang-tag/1.7/97c73ecd70bc7e8eefb26c5eea84f251a63f1031/lang-tag-1.7.jar:/home/fiverka/.gradle/caches/modules-2/files-2.1/com.nimbusds/nimbus-jose-jwt/9.40/42b1dfa0360e4062951b070bac52dd8d96fd7b38/nimbus-jose-jwt-9.40.jar:/home/fiverka/.gradle/caches/modules-2/files-2.1/org.apache.commons/commons-compress/1.27.1/a19151084758e2fbb6b41eddaa88e7b8ff4e6599/commons-compress-1.27.1.jar:/home/fiverka/.gradle/caches/modules-2/files-2.1/org.apache.httpcomponents/httpclient/4.5.14/1194890e6f56ec29177673f2f12d0b8e627dec98/httpclient-4.5.14.jar:/home/fiverka/.gradle/caches/modules-2/files-2.1/commons-codec/commons-codec/1.17.1/973638b7149d333563584137ebf13a691bb60579/commons-codec-1.17.1.jar:/home/fiverka/.gradle/caches/modules-2/files-2.1/commons-io/commons-io/2.17.0/ddcc8433eb019fb48fe25207c0278143f3e1d7e2/commons-io-2.17.0.jar:/home/fiverka/.gradle/caches/modules-2/files-2.1/commons-logging/commons-logging/1.3.4/b9fc14968d63a8b8a8a2c1885fe3e90564239708/commons-logging-1.3.4.jar:/home/fiverka/.gradle/caches/modules-2/files-2.1/io.netty/netty-codec-http/4.1.118.Final/eda08a71294afe78c779b85fd696bc13491507a8/netty-codec-http-4.1.118.Final.jar:/home/fiverka/.gradle/caches/modules-2/files-2.1/io.netty/netty-handler/4.1.118.Final/30ebb05b6b0fb071dbfcf713017c4a767a97bb9b/netty-handler-4.1.118.Final.jar:/home/fiverka/.gradle/caches/modules-2/files-2.1/io.netty/netty-codec/4.1.118.Final/307f665c08ce57333121de4f460479fc0c3c94d4/netty-codec-4.1.118.Final.jar:/home/fiverka/.gradle/caches/modules-2/files-2.1/io.netty/netty-transport-native-epoll/4.1.118.Final/82f94d0a9d837f6b6a580379373310ff7288c0f8/netty-transport-native-epoll-4.1.118.Final-linux-aarch_64.jar:/home/fiverka/.gradle/caches/modules-2/files-2.1/io.netty/netty-transport-native-epoll/4.1.118.Final/7e6b89e3746acb7cf6f0aad993bbd058fc6d912e/netty-transport-native-epoll-4.1.118.Final-linux-x86_64.jar:/home/fiverka/.gradle/caches/modules-2/files-2.1/io.netty/netty-transport-classes-epoll/4.1.118.Final/376ce95507066f0e755d97c1c8bcd6c33f657617/netty-transport-classes-epoll-4.1.118.Final.jar:/home/fiverka/.gradle/caches/modules-2/files-2.1/io.netty/netty-transport-native-unix-common/4.1.118.Final/9da25a94e6a0edac90da0bc7894e5a54efcb866b/netty-transport-native-unix-common-4.1.118.Final.jar:/home/fiverka/.gradle/caches/modules-2/files-2.1/io.netty/netty-transport/4.1.118.Final/5a27232e5d08218722d94ca14f0b1b4576e7711c/netty-transport-4.1.118.Final.jar:/home/fiverka/.gradle/caches/modules-2/files-2.1/io.netty/netty-buffer/4.1.118.Final/7022990af1e0d449f9d5322035899745e19735c5/netty-buffer-4.1.118.Final.jar:/home/fiverka/.gradle/caches/modules-2/files-2.1/io.netty/netty-resolver/4.1.118.Final/28c378c19c1779eca1104b400452627f3ebc4aea/netty-resolver-4.1.118.Final.jar:/home/fiverka/.gradle/caches/modules-2/files-2.1/io.netty/netty-common/4.1.118.Final/4bb0f9899146484fa89f7b9bc27389d5b8e2ecde/netty-common-4.1.118.Final.jar:/home/fiverka/.gradle/caches/modules-2/files-2.1/it.unimi.dsi/fastutil/8.5.15/1e885b40c9563ab0d3899b871fd0b30e958705dc/fastutil-8.5.15.jar:/home/fiverka/.gradle/caches/modules-2/files-2.1/net.java.dev.jna/jna-platform/5.15.0/86b502cad57d45da172b5e3231c537b042e296ef/jna-platform-5.15.0.jar:/home/fiverka/.gradle/caches/modules-2/files-2.1/ca.weblite/java-objc-bridge/1.1/1227f9e0666314f9de41477e3ec277e542ed7f7b/java-objc-bridge-1.1.jar:/home/fiverka/.gradle/caches/modules-2/files-2.1/net.java.dev.jna/jna/5.15.0/1ee1d80ff44f08280188f7c0e740d57207841ac/jna-5.15.0.jar:/home/fiverka/.gradle/caches/modules-2/files-2.1/net.minidev/json-smart/2.5.1/4c11d2808d009132dfbbf947ebf37de6bf266c8e/json-smart-2.5.1.jar:/home/fiverka/.gradle/caches/modules-2/files-2.1/net.minidev/accessors-smart/2.5.1/19b820261eb2e7de7d5bde11d1c06e4501dd7e5f/accessors-smart-2.5.1.jar:/home/fiverka/.gradle/caches/modules-2/files-2.1/net.neoforged/mergetool/2.0.7/793b18456e92c4a7f66d9b5d8bf7a9c1c7a20b20/mergetool-2.0.7-api.jar:/home/fiverka/.gradle/caches/modules-2/files-2.1/net.sf.jopt-simple/jopt-simple/5.0.4/4fdac2fbe92dfad86aa6e9301736f6b4342a3f5c/jopt-simple-5.0.4.jar:/home/fiverka/.gradle/caches/modules-2/files-2.1/org.apache.commons/commons-lang3/3.17.0/b17d2136f0460dcc0d2016ceefca8723bdf4ee70/commons-lang3-3.17.0.jar:/home/fiverka/.gradle/caches/modules-2/files-2.1/org.apache.httpcomponents/httpcore/4.4.16/51cf043c87253c9f58b539c9f7e44c8894223850/httpcore-4.4.16.jar:/home/fiverka/.gradle/caches/modules-2/files-2.1/org.apache.logging.log4j/log4j-slf4j2-impl/2.24.1/8e3ddc96464ef7f768823e7e001a52b23de8cd0a/log4j-slf4j2-impl-2.24.1.jar:/home/fiverka/.gradle/caches/modules-2/files-2.1/net.minecrell/terminalconsoleappender/1.3.0/b562e9bb61235c9520e26282cdee71f8f802d1fc/terminalconsoleappender-1.3.0.jar:/home/fiverka/.gradle/caches/modules-2/files-2.1/org.apache.logging.log4j/log4j-core/2.24.1/c85285146f28d8c8962384f786e2dff04172fb43/log4j-core-2.24.1.jar:/home/fiverka/.gradle/caches/modules-2/files-2.1/net.neoforged/bus/8.0.5/5b2d33285ab5d1554e9798ad98c40d6ea3868bd5/bus-8.0.5.jar:/home/fiverka/.gradle/caches/modules-2/files-2.1/org.apache.logging.log4j/log4j-api/2.24.1/7ebeb12c20606373005af4232cd0ecca72613dda/log4j-api-2.24.1.jar:/home/fiverka/.gradle/caches/modules-2/files-2.1/org.jcraft/jorbis/0.0.17/8872d22b293e8f5d7d56ff92be966e6dc28ebdc6/jorbis-0.0.17.jar:/home/fiverka/.gradle/caches/modules-2/files-2.1/org.joml/joml/1.10.8/fc0a71dad90a2cf41d82a76156a0e700af8e4f8d/joml-1.10.8.jar:/home/fiverka/.gradle/caches/modules-2/files-2.1/org.lwjgl/lwjgl-freetype/3.3.3/a0db6c84a8becc8ca05f9dbfa985edc348a824c7/lwjgl-freetype-3.3.3.jar:/home/fiverka/.gradle/caches/modules-2/files-2.1/org.lwjgl/lwjgl-freetype/3.3.3/149070a5480900347071b7074779531f25a6e3dc/lwjgl-freetype-3.3.3-natives-linux.jar:/home/fiverka/.gradle/caches/modules-2/files-2.1/org.lwjgl/lwjgl-glfw/3.3.3/efa1eb78c5ccd840e9f329717109b5e892d72f8e/lwjgl-glfw-3.3.3.jar:/home/fiverka/.gradle/caches/modules-2/files-2.1/org.lwjgl/lwjgl-glfw/3.3.3/a03684c5e4b1b1dbbe0d29dbbdc27b985b6840f2/lwjgl-glfw-3.3.3-natives-linux.jar:/home/fiverka/.gradle/caches/modules-2/files-2.1/org.lwjgl/lwjgl-jemalloc/3.3.3/b543467b7ff3c6920539a88ee602d34098628be5/lwjgl-jemalloc-3.3.3.jar:/home/fiverka/.gradle/caches/modules-2/files-2.1/org.lwjgl/lwjgl-jemalloc/3.3.3/4f86728bf449b1dd61251c4e0ac01df1389cb51e/lwjgl-jemalloc-3.3.3-natives-linux.jar:/home/fiverka/.gradle/caches/modules-2/files-2.1/org.lwjgl/lwjgl-openal/3.3.3/daada81ceb5fc0c291fbfdd4433cb8d9423577f2/lwjgl-openal-3.3.3.jar:/home/fiverka/.gradle/caches/modules-2/files-2.1/org.lwjgl/lwjgl-openal/3.3.3/3037360cc4595079bea240af250b6d1a527e0905/lwjgl-openal-3.3.3-natives-linux.jar:/home/fiverka/.gradle/caches/modules-2/files-2.1/org.lwjgl/lwjgl-opengl/3.3.3/2f6b0147078396a58979125a4c947664e98293a/lwjgl-opengl-3.3.3.jar:/home/fiverka/.gradle/caches/modules-2/files-2.1/org.lwjgl/lwjgl-opengl/3.3.3/62c70a4b00ca5391882b0f4b787c1588d24f1c86/lwjgl-opengl-3.3.3-natives-linux.jar:/home/fiverka/.gradle/caches/modules-2/files-2.1/org.lwjgl/lwjgl-stb/3.3.3/25dd6161988d7e65f71d5065c99902402ee32746/lwjgl-stb-3.3.3.jar:/home/fiverka/.gradle/caches/modules-2/files-2.1/org.lwjgl/lwjgl-stb/3.3.3/fd1271ccd9d85eff2fa31f3fd543e02ccfaf5041/lwjgl-stb-3.3.3-natives-linux.jar:/home/fiverka/.gradle/caches/modules-2/files-2.1/org.lwjgl/lwjgl-tinyfd/3.3.3/82d755ca94b102e9ca77283b9e2dc46d1b15fbe5/lwjgl-tinyfd-3.3.3.jar:/home/fiverka/.gradle/caches/modules-2/files-2.1/org.lwjgl/lwjgl-tinyfd/3.3.3/d8d58daa0c3e5fd906fee96f5fddbcbc07cc308b/lwjgl-tinyfd-3.3.3-natives-linux.jar:/home/fiverka/.gradle/caches/modules-2/files-2.1/org.lwjgl/lwjgl/3.3.3/29589b5f87ed335a6c7e7ee6a5775f81f97ecb84/lwjgl-3.3.3.jar:/home/fiverka/.gradle/caches/modules-2/files-2.1/org.lwjgl/lwjgl/3.3.3/1713758e3660ba66e1e954396fd18126038b33c0/lwjgl-3.3.3-natives-linux.jar:/home/fiverka/.gradle/caches/modules-2/files-2.1/org.lz4/lz4-java/1.8.0/4b986a99445e49ea5fbf5d149c4b63f6ed6c6780/lz4-java-1.8.0.jar:/home/fiverka/.gradle/caches/modules-2/files-2.1/net.neoforged/accesstransformers/11.0.2/25dcb69c78b16669935f0ab91dff830ce192379d/accesstransformers-11.0.2.jar:/home/fiverka/.gradle/caches/modules-2/files-2.1/org.ow2.asm/asm-commons/9.8/36e4d212970388e5bd2c5180292012502df461bb/asm-commons-9.8.jar:/home/fiverka/.gradle/caches/modules-2/files-2.1/org.ow2.asm/asm-util/9.8/395f1c1f035258511f27bc9b2583d76e4b143f59/asm-util-9.8.jar:/home/fiverka/.gradle/caches/modules-2/files-2.1/org.ow2.asm/asm-analysis/9.8/b9747a320844b6cb1eacd90d8ecfd260a16c01d3/asm-analysis-9.8.jar:/home/fiverka/.gradle/caches/modules-2/files-2.1/org.ow2.asm/asm-tree/9.8/18419ca5b77a2f81097c741e7872e6ab8d2f40d/asm-tree-9.8.jar:/home/fiverka/.gradle/caches/modules-2/files-2.1/org.ow2.asm/asm/9.8/dc19ecb3f7889b7860697215cae99c0f9b6f6b4b/asm-9.8.jar:/home/fiverka/.gradle/caches/modules-2/files-2.1/net.neoforged.accesstransformers/at-parser/11.0.2/64aae57d6d26d69543c5275181fe6971707a4e16/at-parser-11.0.2.jar:/home/fiverka/.gradle/caches/modules-2/files-2.1/org.slf4j/slf4j-api/2.0.16/172931663a09a1fa515567af5fbef00897d3c04/slf4j-api-2.0.16.jar:/home/fiverka/.gradle/caches/modules-2/files-2.1/com.google.code.findbugs/jsr305/3.0.2/25ea2e8b0c338a877313bd4672d3fe056ea78f0d/jsr305-3.0.2.jar:/home/fiverka/.gradle/caches/modules-2/files-2.1/org.jetbrains/annotations/26.0.2-1/c7ce3cdeda3d18909368dfe5977332dfad326c6d/annotations-26.0.2-1.jar:/home/fiverka/.gradle/caches/modules-2/files-2.1/net.neoforged/neoforge/21.10.64/f3fdbbbda21bad3e3adafdddf31f9e7f26ea5d58/neoforge-21.10.64-universal.jar:/home/fiverka/.gradle/caches/modules-2/files-2.1/com.electronwill.night-config/toml/3.8.3/90b2fd6efcb4a7d5b9810cf78f9d824994d717f2/toml-3.8.3.jar:/home/fiverka/.gradle/caches/modules-2/files-2.1/com.electronwill.night-config/core/3.8.3/b442a95f09e349927f5a945ecb594455870fcf4f/core-3.8.3.jar:/home/fiverka/.gradle/caches/modules-2/files-2.1/org.apache.maven/maven-artifact/3.9.9/a130ec431ef32e12a4424f9b074735bb58e15d2d/maven-artifact-3.9.9.jar:/home/fiverka/.gradle/caches/modules-2/files-2.1/net.jodah/typetools/0.6.3/a01aaa6ddaea9ec07ec4f209487b7a46a526283a/typetools-0.6.3.jar:/home/fiverka/.gradle/caches/modules-2/files-2.1/io.github.llamalad7/mixinextras-neoforge/0.5.0/d734b83ce6542bb70ea31755c1595b88992dbe65/mixinextras-neoforge-0.5.0.jar:/home/fiverka/.gradle/caches/modules-2/files-2.1/org.jline/jline-reader/3.20.0/8f15415b022a25b473e8e16c28ae913186ffb9c4/jline-reader-3.20.0.jar:/home/fiverka/.gradle/caches/modules-2/files-2.1/org.jline/jline-terminal/3.20.0/d0ddcc708ddf527a3454c941b7b9225cc83a15ff/jline-terminal-3.20.0.jar:/home/fiverka/.gradle/caches/modules-2/files-2.1/net.minecraftforge/srgutils/0.4.15/ca408b131759478f164e010fae0d73997e125fb5/srgutils-0.4.15.jar:/home/fiverka/.gradle/caches/modules-2/files-2.1/com.google.guava/listenablefuture/9999.0-empty-to-avoid-conflict-with-guava/b421526c5f297295adef1c886e5246c39d4ac629/listenablefuture-9999.0-empty-to-avoid-conflict-with-guava.jar:/home/fiverka/.gradle/caches/modules-2/files-2.1/org.checkerframework/checker-qual/3.43.0/9425eee39e56b116d2b998b7c2cebcbd11a3c98b/checker-qual-3.43.0.jar:/home/fiverka/.gradle/caches/modules-2/files-2.1/com.google.errorprone/error_prone_annotations/2.28.0/59fc00087ce372de42e394d2c789295dff2d19f0/error_prone_annotations-2.28.0.jar:/home/fiverka/.gradle/caches/modules-2/files-2.1/com.google.j2objc/j2objc-annotations/3.0.0/7399e65dd7e9ff3404f4535b2f017093bdb134c7/j2objc-annotations-3.0.0.jar:/home/fiverka/.gradle/caches/modules-2/files-2.1/org.codehaus.plexus/plexus-utils/3.5.1/c6bfb17c97ecc8863e88778ea301be742c62b06d/plexus-utils-3.5.1.jar:/home/fiverka/.gradle/caches/modules-2/files-2.1/net.neoforged/srgutils/1.0.10/abb471237b33b19f040ada00bfbad1ec45b949b6/srgutils-1.0.10.jar)
	at com.sun.jna.NativeLibrary.loadLibrary(NativeLibrary.java:325) ~[jna-5.15.0.jar:5.15.0 (b0)]
	at com.sun.jna.NativeLibrary.getInstance(NativeLibrary.java:481) ~[jna-5.15.0.jar:5.15.0 (b0)]
	at com.sun.jna.NativeLibrary.getInstance(NativeLibrary.java:423) ~[jna-5.15.0.jar:5.15.0 (b0)]
	at com.mojang.text2speech.NarratorLinux$FliteLibrary.loadNative(NarratorLinux.java:79) ~[text2speech-1.18.11.jar:?]
	... 6 more
	Suppressed: java.lang.UnsatisfiedLinkError: libflite.so: cannot open shared object file: No such file or directory
		at com.sun.jna.Native.open(Native Method) ~[jna-5.15.0.jar:5.15.0 (b0)]
		at com.sun.jna.NativeLibrary.loadLibrary(NativeLibrary.java:213) ~[jna-5.15.0.jar:5.15.0 (b0)]
		at com.sun.jna.NativeLibrary.getInstance(NativeLibrary.java:481) ~[jna-5.15.0.jar:5.15.0 (b0)]
		at com.sun.jna.NativeLibrary.getInstance(NativeLibrary.java:423) ~[jna-5.15.0.jar:5.15.0 (b0)]
		at com.mojang.text2speech.NarratorLinux$FliteLibrary.loadNative(NarratorLinux.java:79) ~[text2speech-1.18.11.jar:?]
		at com.mojang.text2speech.NarratorLinux.<init>(NarratorLinux.java:18) ~[text2speech-1.18.11.jar:?]
		at com.mojang.text2speech.Narrator.getNarrator(Narrator.java:41) [text2speech-1.18.11.jar:?]
		at TRANSFORMER/minecraft@1.21.10/net.minecraft.client.GameNarrator.<init>(GameNarrator.java:22) [neoforge-21.10.64.jar:?]
		at TRANSFORMER/minecraft@1.21.10/net.minecraft.client.Minecraft.<init>(Minecraft.java:676) [neoforge-21.10.64.jar:?]
		at TRANSFORMER/minecraft@1.21.10/net.minecraft.client.main.Main.main(Main.java:214) [neoforge-21.10.64.jar:?]
		at net.neoforged.fml.startup.Client.main(Client.java:19) [loader-10.0.32.jar:10.0]
	Suppressed: java.lang.UnsatisfiedLinkError: libflite.so: cannot open shared object file: No such file or directory
		at com.sun.jna.Native.open(Native Method) ~[jna-5.15.0.jar:5.15.0 (b0)]
		at com.sun.jna.NativeLibrary.loadLibrary(NativeLibrary.java:226) ~[jna-5.15.0.jar:5.15.0 (b0)]
		at com.sun.jna.NativeLibrary.getInstance(NativeLibrary.java:481) ~[jna-5.15.0.jar:5.15.0 (b0)]
		at com.sun.jna.NativeLibrary.getInstance(NativeLibrary.java:423) ~[jna-5.15.0.jar:5.15.0 (b0)]
		at com.mojang.text2speech.NarratorLinux$FliteLibrary.loadNative(NarratorLinux.java:79) ~[text2speech-1.18.11.jar:?]
		at com.mojang.text2speech.NarratorLinux.<init>(NarratorLinux.java:18) ~[text2speech-1.18.11.jar:?]
		at com.mojang.text2speech.Narrator.getNarrator(Narrator.java:41) [text2speech-1.18.11.jar:?]
		at TRANSFORMER/minecraft@1.21.10/net.minecraft.client.GameNarrator.<init>(GameNarrator.java:22) [neoforge-21.10.64.jar:?]
		at TRANSFORMER/minecraft@1.21.10/net.minecraft.client.Minecraft.<init>(Minecraft.java:676) [neoforge-21.10.64.jar:?]
		at TRANSFORMER/minecraft@1.21.10/net.minecraft.client.main.Main.main(Main.java:214) [neoforge-21.10.64.jar:?]
		at net.neoforged.fml.startup.Client.main(Client.java:19) [loader-10.0.32.jar:10.0]
	Suppressed: java.io.IOException: Native library (linux-x86-64/libflite.so) not found in resource path (/home/fiverka/Projects/fiverkas-weapons-1.21.5-1.21.11/build/classes/java/main:/home/fiverka/Projects/fiverkas-weapons-1.21.5-1.21.11/build/resources/main:/home/fiverka/Projects/fiverkas-weapons-1.21.5-1.21.11/.gradle/repositories/ng_dummy_ng/net/neoforged/neoforge/21.10.64/neoforge-21.10.64.jar:/home/fiverka/.gradle/caches/modules-2/files-2.1/com.microsoft.azure/msal4j/1.17.2/a6211e3d71d0388929babaa0ff0951b30d001852/msal4j-1.17.2.jar:/home/fiverka/.gradle/caches/modules-2/files-2.1/com.fasterxml.jackson.core/jackson-databind/2.13.4.2/325c06bdfeb628cfb80ebaaf1a26cc1eb558a585/jackson-databind-2.13.4.2.jar:/home/fiverka/.gradle/caches/modules-2/files-2.1/com.fasterxml.jackson.core/jackson-annotations/2.13.4/858c6cc78e1f08a885b1613e1d817c829df70a6e/jackson-annotations-2.13.4.jar:/home/fiverka/.gradle/caches/modules-2/files-2.1/com.fasterxml.jackson.core/jackson-core/2.13.4/cf934c681294b97ef6d80082faeefbe1edadf56/jackson-core-2.13.4.jar:/home/fiverka/.gradle/caches/modules-2/files-2.1/com.github.oshi/oshi-core/6.6.5/e1099981fd15dc4236c4499d82aba1276fb43a9a/oshi-core-6.6.5.jar:/home/fiverka/.gradle/caches/modules-2/files-2.1/com.nimbusds/oauth2-oidc-sdk/11.18/7c7ec4f4066625ff07a711ad856fa04da1ff9de/oauth2-oidc-sdk-11.18.jar:/home/fiverka/.gradle/caches/modules-2/files-2.1/com.github.stephenc.jcip/jcip-annotations/1.0-1/ef31541dd28ae2cefdd17c7ebf352d93e9058c63/jcip-annotations-1.0-1.jar:/home/fiverka/.gradle/caches/modules-2/files-2.1/com.mojang/authlib/7.0.61/efee1e6b54e863108576eb3b3ae71144626aaefc/authlib-7.0.61.jar:/home/fiverka/.gradle/caches/modules-2/files-2.1/com.mojang/datafixerupper/8.0.16/67d4de6d7f95d89bcf5862995fb854ebaec02a34/datafixerupper-8.0.16.jar:/home/fiverka/.gradle/caches/modules-2/files-2.1/net.neoforged.fancymodloader/earlydisplay/10.0.32/1ca2e62504996c417c19e740513f8d09b880359e/earlydisplay-10.0.32.jar:/home/fiverka/.gradle/caches/modules-2/files-2.1/net.neoforged.fancymodloader/loader/10.0.32/ef0364b1413d96932ddf4b4dc4a5660a4d861b5b/loader-10.0.32.jar:/home/fiverka/.gradle/caches/modules-2/files-2.1/net.neoforged/JarJarSelector/0.5.0/64e4956b8dcdd6537eba96590f12fa1f3ba2f831/JarJarSelector-0.5.0.jar:/home/fiverka/.gradle/caches/modules-2/files-2.1/net.neoforged/JarJarMetadata/0.5.0/6f03d0ac17102c33cb7384e42a2e22eda2a3ad8c/JarJarMetadata-0.5.0.jar:/home/fiverka/.gradle/caches/modules-2/files-2.1/net.fabricmc/sponge-mixin/0.16.5+mixin.0.8.7/80fc3a9f592673cea87f4cd702f87991c6c9fe4d/sponge-mixin-0.16.5+mixin.0.8.7.jar:/home/fiverka/.gradle/caches/modules-2/files-2.1/com.google.code.gson/gson/2.11.0/527175ca6d81050b53bdd4c457a6d6e017626b0e/gson-2.11.0.jar:/home/fiverka/.gradle/caches/modules-2/files-2.1/com.mojang/patchy/2.2.10/da05971b07cbb379d002cf7eaec6a2048211fefc/patchy-2.2.10.jar:/home/fiverka/.gradle/caches/modules-2/files-2.1/com.mojang/text2speech/1.18.11/e853a12cdd6ba4f4836e8f4bf3b37844a13482b6/text2speech-1.18.11.jar:/home/fiverka/.gradle/caches/modules-2/files-2.1/com.google.guava/guava/33.3.1-jre/852f8b363da0111e819460021ca693cacca3e8db/guava-33.3.1-jre.jar:/home/fiverka/.gradle/caches/modules-2/files-2.1/com.google.guava/failureaccess/1.0.2/c4a06a64e650562f30b7bf9aaec1bfed43aca12b/failureaccess-1.0.2.jar:/home/fiverka/.gradle/caches/modules-2/files-2.1/com.ibm.icu/icu4j/76.1/215f3a8e936d4069344bd75f2b1368fd58112894/icu4j-76.1.jar:/home/fiverka/.gradle/caches/modules-2/files-2.1/com.mojang/blocklist/1.0.10/5c685c5ffa94c4cd39496c7184c1d122e515ecef/blocklist-1.0.10.jar:/home/fiverka/.gradle/caches/modules-2/files-2.1/com.mojang/brigadier/1.3.10/d15b53a14cf20fdcaa98f731af5dda654452c010/brigadier-1.3.10.jar:/home/fiverka/.gradle/caches/modules-2/files-2.1/com.mojang/jtracy/1.0.36/20a63d06b621bfeb3cb21ef51b7fa40c0fc22021/jtracy-1.0.36.jar:/home/fiverka/.gradle/caches/modules-2/files-2.1/com.mojang/jtracy/1.0.36/8f2967c139b024bf80024a3eab63e906c3ee2e5b/jtracy-1.0.36-natives-linux.jar:/home/fiverka/.gradle/caches/modules-2/files-2.1/com.mojang/logging/1.5.10/9ab1202793717af9df9c1704d0a02892067001eb/logging-1.5.10.jar:/home/fiverka/.gradle/caches/modules-2/files-2.1/com.nimbusds/content-type/2.3/e3aa0be212d7a42839a8f3f506f5b990bcce0222/content-type-2.3.jar:/home/fiverka/.gradle/caches/modules-2/files-2.1/com.nimbusds/lang-tag/1.7/97c73ecd70bc7e8eefb26c5eea84f251a63f1031/lang-tag-1.7.jar:/home/fiverka/.gradle/caches/modules-2/files-2.1/com.nimbusds/nimbus-jose-jwt/9.40/42b1dfa0360e4062951b070bac52dd8d96fd7b38/nimbus-jose-jwt-9.40.jar:/home/fiverka/.gradle/caches/modules-2/files-2.1/org.apache.commons/commons-compress/1.27.1/a19151084758e2fbb6b41eddaa88e7b8ff4e6599/commons-compress-1.27.1.jar:/home/fiverka/.gradle/caches/modules-2/files-2.1/org.apache.httpcomponents/httpclient/4.5.14/1194890e6f56ec29177673f2f12d0b8e627dec98/httpclient-4.5.14.jar:/home/fiverka/.gradle/caches/modules-2/files-2.1/commons-codec/commons-codec/1.17.1/973638b7149d333563584137ebf13a691bb60579/commons-codec-1.17.1.jar:/home/fiverka/.gradle/caches/modules-2/files-2.1/commons-io/commons-io/2.17.0/ddcc8433eb019fb48fe25207c0278143f3e1d7e2/commons-io-2.17.0.jar:/home/fiverka/.gradle/caches/modules-2/files-2.1/commons-logging/commons-logging/1.3.4/b9fc14968d63a8b8a8a2c1885fe3e90564239708/commons-logging-1.3.4.jar:/home/fiverka/.gradle/caches/modules-2/files-2.1/io.netty/netty-codec-http/4.1.118.Final/eda08a71294afe78c779b85fd696bc13491507a8/netty-codec-http-4.1.118.Final.jar:/home/fiverka/.gradle/caches/modules-2/files-2.1/io.netty/netty-handler/4.1.118.Final/30ebb05b6b0fb071dbfcf713017c4a767a97bb9b/netty-handler-4.1.118.Final.jar:/home/fiverka/.gradle/caches/modules-2/files-2.1/io.netty/netty-codec/4.1.118.Final/307f665c08ce57333121de4f460479fc0c3c94d4/netty-codec-4.1.118.Final.jar:/home/fiverka/.gradle/caches/modules-2/files-2.1/io.netty/netty-transport-native-epoll/4.1.118.Final/82f94d0a9d837f6b6a580379373310ff7288c0f8/netty-transport-native-epoll-4.1.118.Final-linux-aarch_64.jar:/home/fiverka/.gradle/caches/modules-2/files-2.1/io.netty/netty-transport-native-epoll/4.1.118.Final/7e6b89e3746acb7cf6f0aad993bbd058fc6d912e/netty-transport-native-epoll-4.1.118.Final-linux-x86_64.jar:/home/fiverka/.gradle/caches/modules-2/files-2.1/io.netty/netty-transport-classes-epoll/4.1.118.Final/376ce95507066f0e755d97c1c8bcd6c33f657617/netty-transport-classes-epoll-4.1.118.Final.jar:/home/fiverka/.gradle/caches/modules-2/files-2.1/io.netty/netty-transport-native-unix-common/4.1.118.Final/9da25a94e6a0edac90da0bc7894e5a54efcb866b/netty-transport-native-unix-common-4.1.118.Final.jar:/home/fiverka/.gradle/caches/modules-2/files-2.1/io.netty/netty-transport/4.1.118.Final/5a27232e5d08218722d94ca14f0b1b4576e7711c/netty-transport-4.1.118.Final.jar:/home/fiverka/.gradle/caches/modules-2/files-2.1/io.netty/netty-buffer/4.1.118.Final/7022990af1e0d449f9d5322035899745e19735c5/netty-buffer-4.1.118.Final.jar:/home/fiverka/.gradle/caches/modules-2/files-2.1/io.netty/netty-resolver/4.1.118.Final/28c378c19c1779eca1104b400452627f3ebc4aea/netty-resolver-4.1.118.Final.jar:/home/fiverka/.gradle/caches/modules-2/files-2.1/io.netty/netty-common/4.1.118.Final/4bb0f9899146484fa89f7b9bc27389d5b8e2ecde/netty-common-4.1.118.Final.jar:/home/fiverka/.gradle/caches/modules-2/files-2.1/it.unimi.dsi/fastutil/8.5.15/1e885b40c9563ab0d3899b871fd0b30e958705dc/fastutil-8.5.15.jar:/home/fiverka/.gradle/caches/modules-2/files-2.1/net.java.dev.jna/jna-platform/5.15.0/86b502cad57d45da172b5e3231c537b042e296ef/jna-platform-5.15.0.jar:/home/fiverka/.gradle/caches/modules-2/files-2.1/ca.weblite/java-objc-bridge/1.1/1227f9e0666314f9de41477e3ec277e542ed7f7b/java-objc-bridge-1.1.jar:/home/fiverka/.gradle/caches/modules-2/files-2.1/net.java.dev.jna/jna/5.15.0/1ee1d80ff44f08280188f7c0e740d57207841ac/jna-5.15.0.jar:/home/fiverka/.gradle/caches/modules-2/files-2.1/net.minidev/json-smart/2.5.1/4c11d2808d009132dfbbf947ebf37de6bf266c8e/json-smart-2.5.1.jar:/home/fiverka/.gradle/caches/modules-2/files-2.1/net.minidev/accessors-smart/2.5.1/19b820261eb2e7de7d5bde11d1c06e4501dd7e5f/accessors-smart-2.5.1.jar:/home/fiverka/.gradle/caches/modules-2/files-2.1/net.neoforged/mergetool/2.0.7/793b18456e92c4a7f66d9b5d8bf7a9c1c7a20b20/mergetool-2.0.7-api.jar:/home/fiverka/.gradle/caches/modules-2/files-2.1/net.sf.jopt-simple/jopt-simple/5.0.4/4fdac2fbe92dfad86aa6e9301736f6b4342a3f5c/jopt-simple-5.0.4.jar:/home/fiverka/.gradle/caches/modules-2/files-2.1/org.apache.commons/commons-lang3/3.17.0/b17d2136f0460dcc0d2016ceefca8723bdf4ee70/commons-lang3-3.17.0.jar:/home/fiverka/.gradle/caches/modules-2/files-2.1/org.apache.httpcomponents/httpcore/4.4.16/51cf043c87253c9f58b539c9f7e44c8894223850/httpcore-4.4.16.jar:/home/fiverka/.gradle/caches/modules-2/files-2.1/org.apache.logging.log4j/log4j-slf4j2-impl/2.24.1/8e3ddc96464ef7f768823e7e001a52b23de8cd0a/log4j-slf4j2-impl-2.24.1.jar:/home/fiverka/.gradle/caches/modules-2/files-2.1/net.minecrell/terminalconsoleappender/1.3.0/b562e9bb61235c9520e26282cdee71f8f802d1fc/terminalconsoleappender-1.3.0.jar:/home/fiverka/.gradle/caches/modules-2/files-2.1/org.apache.logging.log4j/log4j-core/2.24.1/c85285146f28d8c8962384f786e2dff04172fb43/log4j-core-2.24.1.jar:/home/fiverka/.gradle/caches/modules-2/files-2.1/net.neoforged/bus/8.0.5/5b2d33285ab5d1554e9798ad98c40d6ea3868bd5/bus-8.0.5.jar:/home/fiverka/.gradle/caches/modules-2/files-2.1/org.apache.logging.log4j/log4j-api/2.24.1/7ebeb12c20606373005af4232cd0ecca72613dda/log4j-api-2.24.1.jar:/home/fiverka/.gradle/caches/modules-2/files-2.1/org.jcraft/jorbis/0.0.17/8872d22b293e8f5d7d56ff92be966e6dc28ebdc6/jorbis-0.0.17.jar:/home/fiverka/.gradle/caches/modules-2/files-2.1/org.joml/joml/1.10.8/fc0a71dad90a2cf41d82a76156a0e700af8e4f8d/joml-1.10.8.jar:/home/fiverka/.gradle/caches/modules-2/files-2.1/org.lwjgl/lwjgl-freetype/3.3.3/a0db6c84a8becc8ca05f9dbfa985edc348a824c7/lwjgl-freetype-3.3.3.jar:/home/fiverka/.gradle/caches/modules-2/files-2.1/org.lwjgl/lwjgl-freetype/3.3.3/149070a5480900347071b7074779531f25a6e3dc/lwjgl-freetype-3.3.3-natives-linux.jar:/home/fiverka/.gradle/caches/modules-2/files-2.1/org.lwjgl/lwjgl-glfw/3.3.3/efa1eb78c5ccd840e9f329717109b5e892d72f8e/lwjgl-glfw-3.3.3.jar:/home/fiverka/.gradle/caches/modules-2/files-2.1/org.lwjgl/lwjgl-glfw/3.3.3/a03684c5e4b1b1dbbe0d29dbbdc27b985b6840f2/lwjgl-glfw-3.3.3-natives-linux.jar:/home/fiverka/.gradle/caches/modules-2/files-2.1/org.lwjgl/lwjgl-jemalloc/3.3.3/b543467b7ff3c6920539a88ee602d34098628be5/lwjgl-jemalloc-3.3.3.jar:/home/fiverka/.gradle/caches/modules-2/files-2.1/org.lwjgl/lwjgl-jemalloc/3.3.3/4f86728bf449b1dd61251c4e0ac01df1389cb51e/lwjgl-jemalloc-3.3.3-natives-linux.jar:/home/fiverka/.gradle/caches/modules-2/files-2.1/org.lwjgl/lwjgl-openal/3.3.3/daada81ceb5fc0c291fbfdd4433cb8d9423577f2/lwjgl-openal-3.3.3.jar:/home/fiverka/.gradle/caches/modules-2/files-2.1/org.lwjgl/lwjgl-openal/3.3.3/3037360cc4595079bea240af250b6d1a527e0905/lwjgl-openal-3.3.3-natives-linux.jar:/home/fiverka/.gradle/caches/modules-2/files-2.1/org.lwjgl/lwjgl-opengl/3.3.3/2f6b0147078396a58979125a4c947664e98293a/lwjgl-opengl-3.3.3.jar:/home/fiverka/.gradle/caches/modules-2/files-2.1/org.lwjgl/lwjgl-opengl/3.3.3/62c70a4b00ca5391882b0f4b787c1588d24f1c86/lwjgl-opengl-3.3.3-natives-linux.jar:/home/fiverka/.gradle/caches/modules-2/files-2.1/org.lwjgl/lwjgl-stb/3.3.3/25dd6161988d7e65f71d5065c99902402ee32746/lwjgl-stb-3.3.3.jar:/home/fiverka/.gradle/caches/modules-2/files-2.1/org.lwjgl/lwjgl-stb/3.3.3/fd1271ccd9d85eff2fa31f3fd543e02ccfaf5041/lwjgl-stb-3.3.3-natives-linux.jar:/home/fiverka/.gradle/caches/modules-2/files-2.1/org.lwjgl/lwjgl-tinyfd/3.3.3/82d755ca94b102e9ca77283b9e2dc46d1b15fbe5/lwjgl-tinyfd-3.3.3.jar:/home/fiverka/.gradle/caches/modules-2/files-2.1/org.lwjgl/lwjgl-tinyfd/3.3.3/d8d58daa0c3e5fd906fee96f5fddbcbc07cc308b/lwjgl-tinyfd-3.3.3-natives-linux.jar:/home/fiverka/.gradle/caches/modules-2/files-2.1/org.lwjgl/lwjgl/3.3.3/29589b5f87ed335a6c7e7ee6a5775f81f97ecb84/lwjgl-3.3.3.jar:/home/fiverka/.gradle/caches/modules-2/files-2.1/org.lwjgl/lwjgl/3.3.3/1713758e3660ba66e1e954396fd18126038b33c0/lwjgl-3.3.3-natives-linux.jar:/home/fiverka/.gradle/caches/modules-2/files-2.1/org.lz4/lz4-java/1.8.0/4b986a99445e49ea5fbf5d149c4b63f6ed6c6780/lz4-java-1.8.0.jar:/home/fiverka/.gradle/caches/modules-2/files-2.1/net.neoforged/accesstransformers/11.0.2/25dcb69c78b16669935f0ab91dff830ce192379d/accesstransformers-11.0.2.jar:/home/fiverka/.gradle/caches/modules-2/files-2.1/org.ow2.asm/asm-commons/9.8/36e4d212970388e5bd2c5180292012502df461bb/asm-commons-9.8.jar:/home/fiverka/.gradle/caches/modules-2/files-2.1/org.ow2.asm/asm-util/9.8/395f1c1f035258511f27bc9b2583d76e4b143f59/asm-util-9.8.jar:/home/fiverka/.gradle/caches/modules-2/files-2.1/org.ow2.asm/asm-analysis/9.8/b9747a320844b6cb1eacd90d8ecfd260a16c01d3/asm-analysis-9.8.jar:/home/fiverka/.gradle/caches/modules-2/files-2.1/org.ow2.asm/asm-tree/9.8/18419ca5b77a2f81097c741e7872e6ab8d2f40d/asm-tree-9.8.jar:/home/fiverka/.gradle/caches/modules-2/files-2.1/org.ow2.asm/asm/9.8/dc19ecb3f7889b7860697215cae99c0f9b6f6b4b/asm-9.8.jar:/home/fiverka/.gradle/caches/modules-2/files-2.1/net.neoforged.accesstransformers/at-parser/11.0.2/64aae57d6d26d69543c5275181fe6971707a4e16/at-parser-11.0.2.jar:/home/fiverka/.gradle/caches/modules-2/files-2.1/org.slf4j/slf4j-api/2.0.16/172931663a09a1fa515567af5fbef00897d3c04/slf4j-api-2.0.16.jar:/home/fiverka/.gradle/caches/modules-2/files-2.1/com.google.code.findbugs/jsr305/3.0.2/25ea2e8b0c338a877313bd4672d3fe056ea78f0d/jsr305-3.0.2.jar:/home/fiverka/.gradle/caches/modules-2/files-2.1/org.jetbrains/annotations/26.0.2-1/c7ce3cdeda3d18909368dfe5977332dfad326c6d/annotations-26.0.2-1.jar:/home/fiverka/.gradle/caches/modules-2/files-2.1/net.neoforged/neoforge/21.10.64/f3fdbbbda21bad3e3adafdddf31f9e7f26ea5d58/neoforge-21.10.64-universal.jar:/home/fiverka/.gradle/caches/modules-2/files-2.1/com.electronwill.night-config/toml/3.8.3/90b2fd6efcb4a7d5b9810cf78f9d824994d717f2/toml-3.8.3.jar:/home/fiverka/.gradle/caches/modules-2/files-2.1/com.electronwill.night-config/core/3.8.3/b442a95f09e349927f5a945ecb594455870fcf4f/core-3.8.3.jar:/home/fiverka/.gradle/caches/modules-2/files-2.1/org.apache.maven/maven-artifact/3.9.9/a130ec431ef32e12a4424f9b074735bb58e15d2d/maven-artifact-3.9.9.jar:/home/fiverka/.gradle/caches/modules-2/files-2.1/net.jodah/typetools/0.6.3/a01aaa6ddaea9ec07ec4f209487b7a46a526283a/typetools-0.6.3.jar:/home/fiverka/.gradle/caches/modules-2/files-2.1/io.github.llamalad7/mixinextras-neoforge/0.5.0/d734b83ce6542bb70ea31755c1595b88992dbe65/mixinextras-neoforge-0.5.0.jar:/home/fiverka/.gradle/caches/modules-2/files-2.1/org.jline/jline-reader/3.20.0/8f15415b022a25b473e8e16c28ae913186ffb9c4/jline-reader-3.20.0.jar:/home/fiverka/.gradle/caches/modules-2/files-2.1/org.jline/jline-terminal/3.20.0/d0ddcc708ddf527a3454c941b7b9225cc83a15ff/jline-terminal-3.20.0.jar:/home/fiverka/.gradle/caches/modules-2/files-2.1/net.minecraftforge/srgutils/0.4.15/ca408b131759478f164e010fae0d73997e125fb5/srgutils-0.4.15.jar:/home/fiverka/.gradle/caches/modules-2/files-2.1/com.google.guava/listenablefuture/9999.0-empty-to-avoid-conflict-with-guava/b421526c5f297295adef1c886e5246c39d4ac629/listenablefuture-9999.0-empty-to-avoid-conflict-with-guava.jar:/home/fiverka/.gradle/caches/modules-2/files-2.1/org.checkerframework/checker-qual/3.43.0/9425eee39e56b116d2b998b7c2cebcbd11a3c98b/checker-qual-3.43.0.jar:/home/fiverka/.gradle/caches/modules-2/files-2.1/com.google.errorprone/error_prone_annotations/2.28.0/59fc00087ce372de42e394d2c789295dff2d19f0/error_prone_annotations-2.28.0.jar:/home/fiverka/.gradle/caches/modules-2/files-2.1/com.google.j2objc/j2objc-annotations/3.0.0/7399e65dd7e9ff3404f4535b2f017093bdb134c7/j2objc-annotations-3.0.0.jar:/home/fiverka/.gradle/caches/modules-2/files-2.1/org.codehaus.plexus/plexus-utils/3.5.1/c6bfb17c97ecc8863e88778ea301be742c62b06d/plexus-utils-3.5.1.jar:/home/fiverka/.gradle/caches/modules-2/files-2.1/net.neoforged/srgutils/1.0.10/abb471237b33b19f040ada00bfbad1ec45b949b6/srgutils-1.0.10.jar)
		at com.sun.jna.Native.extractFromResourcePath(Native.java:1141) ~[jna-5.15.0.jar:5.15.0 (b0)]
		at com.sun.jna.NativeLibrary.loadLibrary(NativeLibrary.java:297) ~[jna-5.15.0.jar:5.15.0 (b0)]
		at com.sun.jna.NativeLibrary.getInstance(NativeLibrary.java:481) ~[jna-5.15.0.jar:5.15.0 (b0)]
		at com.sun.jna.NativeLibrary.getInstance(NativeLibrary.java:423) ~[jna-5.15.0.jar:5.15.0 (b0)]
		at com.mojang.text2speech.NarratorLinux$FliteLibrary.loadNative(NarratorLinux.java:79) ~[text2speech-1.18.11.jar:?]
		at com.mojang.text2speech.NarratorLinux.<init>(NarratorLinux.java:18) ~[text2speech-1.18.11.jar:?]
		at com.mojang.text2speech.Narrator.getNarrator(Narrator.java:41) [text2speech-1.18.11.jar:?]
		at TRANSFORMER/minecraft@1.21.10/net.minecraft.client.GameNarrator.<init>(GameNarrator.java:22) [neoforge-21.10.64.jar:?]
		at TRANSFORMER/minecraft@1.21.10/net.minecraft.client.Minecraft.<init>(Minecraft.java:676) [neoforge-21.10.64.jar:?]
		at TRANSFORMER/minecraft@1.21.10/net.minecraft.client.main.Main.main(Main.java:214) [neoforge-21.10.64.jar:?]
		at net.neoforged.fml.startup.Client.main(Client.java:19) [loader-10.0.32.jar:10.0]
[25Jul2026 23:47:30.189] [Render thread/INFO] [net.minecraft.server.packs.resources.ReloadableResourceManager/]: Reloading ResourceManager: vanilla, mod_resources, mod/player_animation_library, mod/tiny_config, mod/cloth_config, mod/bettercombat, mod/fweapons, mod/neoforge
[25Jul2026 23:47:30.249] [Render thread/DEBUG] [net.neoforged.fml.DeferredWorkQueue/LOADING]: Dispatching synchronous work for work queue Common setup: 1 jobs
[25Jul2026 23:47:30.259] [Render thread/DEBUG] [net.neoforged.fml.DeferredWorkQueue/LOADING]: Synchronous work queue completed in 6.828 ms
[25Jul2026 23:47:30.268] [resourceLoad/INFO] [net.minecraft.client.gui.font.providers.UnihexProvider/]: Found unifont_all_no_pua-15.1.05.hex, loading
[25Jul2026 23:47:30.285] [resourceLoad/INFO] [net.minecraft.client.gui.font.providers.UnihexProvider/]: Found unifont_jp_patch-15.1.05.hex, loading
[25Jul2026 23:47:30.299] [Download-2/INFO] [com.mojang.realmsclient.client.RealmsClient/]: Could not authorize you against Realms server: java.lang.RuntimeException: Failed to parse into SignedJWT: 0
[25Jul2026 23:47:30.300] [Download-2/ERROR] [com.mojang.realmsclient.client.RealmsClient/]: Failed to fetch Realms feature flags
com.mojang.realmsclient.exception.RealmsServiceException: Realms authentication error with message 'java.lang.RuntimeException: Failed to parse into SignedJWT: 0'
	at TRANSFORMER/minecraft@1.21.10/com.mojang.realmsclient.client.RealmsClient.execute(RealmsClient.java:522) ~[neoforge-21.10.64.jar:?]
	at TRANSFORMER/minecraft@1.21.10/com.mojang.realmsclient.client.RealmsClient.fetchFeatureFlags(RealmsClient.java:163) ~[neoforge-21.10.64.jar:?]
	at java.base/java.util.concurrent.CompletableFuture$AsyncSupply.run(CompletableFuture.java:1768) ~[?:?]
	at java.base/java.util.concurrent.ThreadPoolExecutor.runWorker(ThreadPoolExecutor.java:1144) ~[?:?]
	at java.base/java.util.concurrent.ThreadPoolExecutor$Worker.run(ThreadPoolExecutor.java:642) ~[?:?]
	at java.base/java.lang.Thread.run(Thread.java:1583) [?:?]
[25Jul2026 23:47:30.322] [Render thread/DEBUG] [net.neoforged.fml.DeferredWorkQueue/LOADING]: Dispatching synchronous work for work queue Sided setup: 3 jobs
[25Jul2026 23:47:30.323] [resourceLoad/DEBUG] [mixin/]: Mixing PlayerModelMixin from player_animation_library.mixins.json into net.minecraft.client.model.PlayerModel
[25Jul2026 23:47:30.330] [resourceLoad/DEBUG] [mixin/]: player_animation_library.mixins.json:PlayerModelMixin from mod player_animation_library->@Inject::setDefaultBeforeRender(Lnet/minecraft/client/renderer/entity/state/AvatarRenderState;Lorg/spongepowered/asm/mixin/injection/callback/CallbackInfo;)V doesn't use it's CallbackInfo
[25Jul2026 23:47:30.330] [resourceLoad/DEBUG] [mixin/]: player_animation_library.mixins.json:PlayerModelMixin from mod player_animation_library->@Inject::setDefaultBeforeRender(Lnet/minecraft/client/renderer/entity/state/AvatarRenderState;Lorg/spongepowered/asm/mixin/injection/callback/CallbackInfo;)V has 0 override(s) in child classes
[25Jul2026 23:47:30.330] [resourceLoad/DEBUG] [mixin/]: player_animation_library.mixins.json:PlayerModelMixin from mod player_animation_library->@Inject::setDefaultBeforeRender(Lnet/minecraft/client/renderer/entity/state/AvatarRenderState;Lorg/spongepowered/asm/mixin/injection/callback/CallbackInfo;)V won't be passed a CallbackInfo as a result
[25Jul2026 23:47:30.330] [resourceLoad/DEBUG] [mixin/]: player_animation_library.mixins.json:PlayerModelMixin from mod player_animation_library->@Inject::setupPlayerAnimation(Lnet/minecraft/client/renderer/entity/state/AvatarRenderState;Lorg/spongepowered/asm/mixin/injection/callback/CallbackInfo;)V doesn't use it's CallbackInfo
[25Jul2026 23:47:30.330] [resourceLoad/DEBUG] [mixin/]: player_animation_library.mixins.json:PlayerModelMixin from mod player_animation_library->@Inject::setupPlayerAnimation(Lnet/minecraft/client/renderer/entity/state/AvatarRenderState;Lorg/spongepowered/asm/mixin/injection/callback/CallbackInfo;)V has 0 override(s) in child classes
[25Jul2026 23:47:30.330] [resourceLoad/DEBUG] [mixin/]: player_animation_library.mixins.json:PlayerModelMixin from mod player_animation_library->@Inject::setupPlayerAnimation(Lnet/minecraft/client/renderer/entity/state/AvatarRenderState;Lorg/spongepowered/asm/mixin/injection/callback/CallbackInfo;)V won't be passed a CallbackInfo as a result
[25Jul2026 23:47:30.336] [resourceLoad/DEBUG] [mixin/]: Mixing AvatarRenderStateMixin from player_animation_library.mixins.json into net.minecraft.client.renderer.entity.state.AvatarRenderState
[25Jul2026 23:47:30.380] [Render thread/DEBUG] [net.neoforged.fml.DeferredWorkQueue/LOADING]: Synchronous work queue completed in 56.46 ms
[25Jul2026 23:47:30.487] [resourceLoad/DEBUG] [mixin/]: Mixing CapeModelAccessor from player_animation_library.mixins.json into net.minecraft.client.model.PlayerCapeModel
[25Jul2026 23:47:30.488] [resourceLoad/DEBUG] [mixin/]: Mixing PlayerCapeModelMixin from player_animation_library.mixins.json into net.minecraft.client.model.PlayerCapeModel
[25Jul2026 23:47:30.495] [resourceLoad/DEBUG] [mixin/]: player_animation_library.mixins.json:PlayerCapeModelMixin from mod player_animation_library->@Inject::resetPose(Lnet/minecraft/client/renderer/entity/state/AvatarRenderState;Lorg/spongepowered/asm/mixin/injection/callback/CallbackInfo;)V doesn't use it's CallbackInfo
[25Jul2026 23:47:30.495] [resourceLoad/DEBUG] [mixin/]: player_animation_library.mixins.json:PlayerCapeModelMixin from mod player_animation_library->@Inject::resetPose(Lnet/minecraft/client/renderer/entity/state/AvatarRenderState;Lorg/spongepowered/asm/mixin/injection/callback/CallbackInfo;)V has 0 override(s) in child classes
[25Jul2026 23:47:30.495] [resourceLoad/DEBUG] [mixin/]: player_animation_library.mixins.json:PlayerCapeModelMixin from mod player_animation_library->@Inject::resetPose(Lnet/minecraft/client/renderer/entity/state/AvatarRenderState;Lorg/spongepowered/asm/mixin/injection/callback/CallbackInfo;)V won't be passed a CallbackInfo as a result
[25Jul2026 23:47:30.496] [resourceLoad/DEBUG] [mixin/]: player_animation_library.mixins.json:PlayerCapeModelMixin from mod player_animation_library->@Inject::setupAnim(Lnet/minecraft/client/renderer/entity/state/AvatarRenderState;Lorg/spongepowered/asm/mixin/injection/callback/CallbackInfo;)V doesn't use it's CallbackInfo
[25Jul2026 23:47:30.497] [resourceLoad/DEBUG] [mixin/]: player_animation_library.mixins.json:PlayerCapeModelMixin from mod player_animation_library->@Inject::setupAnim(Lnet/minecraft/client/renderer/entity/state/AvatarRenderState;Lorg/spongepowered/asm/mixin/injection/callback/CallbackInfo;)V has 0 override(s) in child classes
[25Jul2026 23:47:30.497] [resourceLoad/DEBUG] [mixin/]: player_animation_library.mixins.json:PlayerCapeModelMixin from mod player_animation_library->@Inject::setupAnim(Lnet/minecraft/client/renderer/entity/state/AvatarRenderState;Lorg/spongepowered/asm/mixin/injection/callback/CallbackInfo;)V won't be passed a CallbackInfo as a result
[25Jul2026 23:47:31.184] [Render thread/ERROR] [net.minecraft.client.sounds.SoundManager/]: Missing subtitle translation{key='subtitles.block.trapdoor.toggle', args=[]} for sound event: minecraft:block.bamboo_wood_trapdoor.open
[25Jul2026 23:47:31.184] [Render thread/ERROR] [net.minecraft.client.sounds.SoundManager/]: Missing subtitle translation{key='subtitles.entity.wolf.ambient', args=[]} for sound event: minecraft:entity.wolf.ambient
[25Jul2026 23:47:31.184] [Render thread/ERROR] [net.minecraft.client.sounds.SoundManager/]: Missing subtitle translation{key='subtitles.block.iron_trapdoor.open', args=[]} for sound event: minecraft:block.iron_trapdoor.open
[25Jul2026 23:47:31.184] [Render thread/ERROR] [net.minecraft.client.sounds.SoundManager/]: Missing subtitle translation{key='subtitles.block.iron_trapdoor.close', args=[]} for sound event: minecraft:block.iron_trapdoor.close
[25Jul2026 23:47:31.184] [Render thread/ERROR] [net.minecraft.client.sounds.SoundManager/]: Missing subtitle translation{key='subtitles.entity.wolf.ambient', args=[]} for sound event: minecraft:entity.wolf.pant
[25Jul2026 23:47:31.184] [Render thread/ERROR] [net.minecraft.client.sounds.SoundManager/]: Missing subtitle translation{key='subtitles.entity.wolf.ambient', args=[]} for sound event: minecraft:entity.wolf.whine
[25Jul2026 23:47:31.184] [Render thread/ERROR] [net.minecraft.client.sounds.SoundManager/]: Missing subtitle translation{key='subtitles.block.trapdoor.toggle', args=[]} for sound event: minecraft:block.cherry_wood_trapdoor.open
[25Jul2026 23:47:31.184] [Render thread/ERROR] [net.minecraft.client.sounds.SoundManager/]: Missing subtitle translation{key='subtitles.block.trapdoor.toggle', args=[]} for sound event: minecraft:block.cherry_wood_trapdoor.close
[25Jul2026 23:47:31.184] [Render thread/ERROR] [net.minecraft.client.sounds.SoundManager/]: Missing subtitle translation{key='subtitles.ambient.cave', args=[]} for sound event: minecraft:ambient.cave
[25Jul2026 23:47:31.184] [Render thread/ERROR] [net.minecraft.client.sounds.SoundManager/]: Missing subtitle translation{key='subtitles.block.trapdoor.toggle', args=[]} for sound event: minecraft:block.bamboo_wood_trapdoor.close
[25Jul2026 23:47:31.184] [Render thread/ERROR] [net.minecraft.client.sounds.SoundManager/]: Missing subtitle translation{key='subtitles.block.trapdoor.toggle', args=[]} for sound event: minecraft:block.nether_wood_trapdoor.close
[25Jul2026 23:47:31.184] [Render thread/ERROR] [net.minecraft.client.sounds.SoundManager/]: Missing subtitle translation{key='subtitles.block.trapdoor.toggle', args=[]} for sound event: minecraft:block.wooden_trapdoor.close
[25Jul2026 23:47:31.184] [Render thread/ERROR] [net.minecraft.client.sounds.SoundManager/]: Missing subtitle translation{key='subtitles.block.trapdoor.toggle', args=[]} for sound event: minecraft:block.nether_wood_trapdoor.open
[25Jul2026 23:47:31.185] [Render thread/ERROR] [net.minecraft.client.sounds.SoundManager/]: Missing subtitle translation{key='subtitles.block.trapdoor.toggle', args=[]} for sound event: minecraft:block.wooden_trapdoor.open
[25Jul2026 23:47:31.185] [Render thread/WARN] [net.minecraft.client.sounds.SoundEngine/]: Missing sound for event: minecraft:item.armor.equip_copper
[25Jul2026 23:47:31.185] [Render thread/WARN] [net.minecraft.client.sounds.SoundEngine/]: Missing sound for event: minecraft:ui.hud.bubble_pop
[25Jul2026 23:47:31.185] [Render thread/WARN] [net.minecraft.client.sounds.SoundEngine/]: Missing sound for event: minecraft:block.cactus_flower.break
[25Jul2026 23:47:31.185] [Render thread/WARN] [net.minecraft.client.sounds.SoundEngine/]: Missing sound for event: minecraft:block.cactus_flower.place
[25Jul2026 23:47:31.185] [Render thread/WARN] [net.minecraft.client.sounds.SoundEngine/]: Missing sound for event: minecraft:block.copper_chest.close
[25Jul2026 23:47:31.185] [Render thread/WARN] [net.minecraft.client.sounds.SoundEngine/]: Missing sound for event: minecraft:block.copper_chest.open
[25Jul2026 23:47:31.185] [Render thread/WARN] [net.minecraft.client.sounds.SoundEngine/]: Missing sound for event: minecraft:block.copper_chest_weathered.close
[25Jul2026 23:47:31.185] [Render thread/WARN] [net.minecraft.client.sounds.SoundEngine/]: Missing sound for event: minecraft:block.copper_chest_weathered.open
[25Jul2026 23:47:31.185] [Render thread/WARN] [net.minecraft.client.sounds.SoundEngine/]: Missing sound for event: minecraft:block.copper_chest_oxidized.close
[25Jul2026 23:47:31.185] [Render thread/WARN] [net.minecraft.client.sounds.SoundEngine/]: Missing sound for event: minecraft:block.copper_chest_oxidized.open
[25Jul2026 23:47:31.185] [Render thread/WARN] [net.minecraft.client.sounds.SoundEngine/]: Missing sound for event: minecraft:entity.copper_golem.step
[25Jul2026 23:47:31.185] [Render thread/WARN] [net.minecraft.client.sounds.SoundEngine/]: Missing sound for event: minecraft:entity.copper_golem.hurt
[25Jul2026 23:47:31.185] [Render thread/WARN] [net.minecraft.client.sounds.SoundEngine/]: Missing sound for event: minecraft:entity.copper_golem.death
[25Jul2026 23:47:31.185] [Render thread/WARN] [net.minecraft.client.sounds.SoundEngine/]: Missing sound for event: minecraft:entity.copper_golem_weathered.step
[25Jul2026 23:47:31.185] [Render thread/WARN] [net.minecraft.client.sounds.SoundEngine/]: Missing sound for event: minecraft:entity.copper_golem_weathered.hurt
[25Jul2026 23:47:31.185] [Render thread/WARN] [net.minecraft.client.sounds.SoundEngine/]: Missing sound for event: minecraft:entity.copper_golem_weathered.death
[25Jul2026 23:47:31.185] [Render thread/WARN] [net.minecraft.client.sounds.SoundEngine/]: Missing sound for event: minecraft:entity.copper_golem_oxidized.step
[25Jul2026 23:47:31.185] [Render thread/WARN] [net.minecraft.client.sounds.SoundEngine/]: Missing sound for event: minecraft:entity.copper_golem_oxidized.hurt
[25Jul2026 23:47:31.185] [Render thread/WARN] [net.minecraft.client.sounds.SoundEngine/]: Missing sound for event: minecraft:entity.copper_golem_oxidized.death
[25Jul2026 23:47:31.185] [Render thread/WARN] [net.minecraft.client.sounds.SoundEngine/]: Missing sound for event: minecraft:entity.copper_golem.spin
[25Jul2026 23:47:31.185] [Render thread/WARN] [net.minecraft.client.sounds.SoundEngine/]: Missing sound for event: minecraft:entity.copper_golem_weathered.spin
[25Jul2026 23:47:31.185] [Render thread/WARN] [net.minecraft.client.sounds.SoundEngine/]: Missing sound for event: minecraft:entity.copper_golem_oxidized.spin
[25Jul2026 23:47:31.185] [Render thread/WARN] [net.minecraft.client.sounds.SoundEngine/]: Missing sound for event: minecraft:entity.copper_golem.no_item_get
[25Jul2026 23:47:31.185] [Render thread/WARN] [net.minecraft.client.sounds.SoundEngine/]: Missing sound for event: minecraft:entity.copper_golem.no_item_no_get
[25Jul2026 23:47:31.185] [Render thread/WARN] [net.minecraft.client.sounds.SoundEngine/]: Missing sound for event: minecraft:entity.copper_golem.item_drop
[25Jul2026 23:47:31.185] [Render thread/WARN] [net.minecraft.client.sounds.SoundEngine/]: Missing sound for event: minecraft:entity.copper_golem.item_no_drop
[25Jul2026 23:47:31.185] [Render thread/WARN] [net.minecraft.client.sounds.SoundEngine/]: Missing sound for event: minecraft:entity.copper_golem_become_statue
[25Jul2026 23:47:31.185] [Render thread/WARN] [net.minecraft.client.sounds.SoundEngine/]: Missing sound for event: minecraft:block.copper_golem_statue.break
[25Jul2026 23:47:31.185] [Render thread/WARN] [net.minecraft.client.sounds.SoundEngine/]: Missing sound for event: minecraft:block.copper_golem_statue.place
[25Jul2026 23:47:31.185] [Render thread/WARN] [net.minecraft.client.sounds.SoundEngine/]: Missing sound for event: minecraft:block.copper_golem_statue.hit
[25Jul2026 23:47:31.185] [Render thread/WARN] [net.minecraft.client.sounds.SoundEngine/]: Missing sound for event: minecraft:block.copper_golem_statue.step
[25Jul2026 23:47:31.185] [Render thread/WARN] [net.minecraft.client.sounds.SoundEngine/]: Missing sound for event: minecraft:block.copper_golem_statue.fall
[25Jul2026 23:47:31.185] [Render thread/WARN] [net.minecraft.client.sounds.SoundEngine/]: Missing sound for event: minecraft:entity.copper_golem.spawn
[25Jul2026 23:47:31.185] [Render thread/WARN] [net.minecraft.client.sounds.SoundEngine/]: Missing sound for event: minecraft:entity.copper_golem.shear
[25Jul2026 23:47:31.185] [Render thread/WARN] [net.minecraft.client.sounds.SoundEngine/]: Missing sound for event: minecraft:entity.creaking.ambient
[25Jul2026 23:47:31.185] [Render thread/WARN] [net.minecraft.client.sounds.SoundEngine/]: Missing sound for event: minecraft:entity.creaking.activate
[25Jul2026 23:47:31.185] [Render thread/WARN] [net.minecraft.client.sounds.SoundEngine/]: Missing sound for event: minecraft:entity.creaking.deactivate
[25Jul2026 23:47:31.185] [Render thread/WARN] [net.minecraft.client.sounds.SoundEngine/]: Missing sound for event: minecraft:entity.creaking.attack
[25Jul2026 23:47:31.185] [Render thread/WARN] [net.minecraft.client.sounds.SoundEngine/]: Missing sound for event: minecraft:entity.creaking.death
[25Jul2026 23:47:31.185] [Render thread/WARN] [net.minecraft.client.sounds.SoundEngine/]: Missing sound for event: minecraft:entity.creaking.step
[25Jul2026 23:47:31.185] [Render thread/WARN] [net.minecraft.client.sounds.SoundEngine/]: Missing sound for event: minecraft:entity.creaking.freeze
[25Jul2026 23:47:31.185] [Render thread/WARN] [net.minecraft.client.sounds.SoundEngine/]: Missing sound for event: minecraft:entity.creaking.unfreeze
[25Jul2026 23:47:31.185] [Render thread/WARN] [net.minecraft.client.sounds.SoundEngine/]: Missing sound for event: minecraft:entity.creaking.spawn
[25Jul2026 23:47:31.185] [Render thread/WARN] [net.minecraft.client.sounds.SoundEngine/]: Missing sound for event: minecraft:entity.creaking.sway
[25Jul2026 23:47:31.185] [Render thread/WARN] [net.minecraft.client.sounds.SoundEngine/]: Missing sound for event: minecraft:entity.creaking.twitch
[25Jul2026 23:47:31.185] [Render thread/WARN] [net.minecraft.client.sounds.SoundEngine/]: Missing sound for event: minecraft:block.creaking_heart.break
[25Jul2026 23:47:31.186] [Render thread/WARN] [net.minecraft.client.sounds.SoundEngine/]: Missing sound for event: minecraft:block.creaking_heart.fall
[25Jul2026 23:47:31.186] [Render thread/WARN] [net.minecraft.client.sounds.SoundEngine/]: Missing sound for event: minecraft:block.creaking_heart.hit
[25Jul2026 23:47:31.186] [Render thread/WARN] [net.minecraft.client.sounds.SoundEngine/]: Missing sound for event: minecraft:block.creaking_heart.hurt
[25Jul2026 23:47:31.186] [Render thread/WARN] [net.minecraft.client.sounds.SoundEngine/]: Missing sound for event: minecraft:block.creaking_heart.place
[25Jul2026 23:47:31.186] [Render thread/WARN] [net.minecraft.client.sounds.SoundEngine/]: Missing sound for event: minecraft:block.creaking_heart.step
[25Jul2026 23:47:31.186] [Render thread/WARN] [net.minecraft.client.sounds.SoundEngine/]: Missing sound for event: minecraft:block.creaking_heart.idle
[25Jul2026 23:47:31.186] [Render thread/WARN] [net.minecraft.client.sounds.SoundEngine/]: Missing sound for event: minecraft:block.creaking_heart.spawn
[25Jul2026 23:47:31.186] [Render thread/WARN] [net.minecraft.client.sounds.SoundEngine/]: Missing sound for event: minecraft:block.deadbush.idle
[25Jul2026 23:47:31.186] [Render thread/WARN] [net.minecraft.client.sounds.SoundEngine/]: Missing sound for event: minecraft:block.dried_ghast.break
[25Jul2026 23:47:31.186] [Render thread/WARN] [net.minecraft.client.sounds.SoundEngine/]: Missing sound for event: minecraft:block.dried_ghast.step
[25Jul2026 23:47:31.186] [Render thread/WARN] [net.minecraft.client.sounds.SoundEngine/]: Missing sound for event: minecraft:block.dried_ghast.fall
[25Jul2026 23:47:31.186] [Render thread/WARN] [net.minecraft.client.sounds.SoundEngine/]: Missing sound for event: minecraft:block.dried_ghast.ambient
[25Jul2026 23:47:31.186] [Render thread/WARN] [net.minecraft.client.sounds.SoundEngine/]: Missing sound for event: minecraft:block.dried_ghast.ambient_water
[25Jul2026 23:47:31.186] [Render thread/WARN] [net.minecraft.client.sounds.SoundEngine/]: Missing sound for event: minecraft:block.dried_ghast.place
[25Jul2026 23:47:31.186] [Render thread/WARN] [net.minecraft.client.sounds.SoundEngine/]: Missing sound for event: minecraft:block.dried_ghast.place_in_water
[25Jul2026 23:47:31.186] [Render thread/WARN] [net.minecraft.client.sounds.SoundEngine/]: Missing sound for event: minecraft:block.dried_ghast.transition
[25Jul2026 23:47:31.186] [Render thread/WARN] [net.minecraft.client.sounds.SoundEngine/]: Missing sound for event: minecraft:block.dry_grass.ambient
[25Jul2026 23:47:31.186] [Render thread/WARN] [net.minecraft.client.sounds.SoundEngine/]: Missing sound for event: minecraft:block.eyeblossom.open_long
[25Jul2026 23:47:31.186] [Render thread/WARN] [net.minecraft.client.sounds.SoundEngine/]: Missing sound for event: minecraft:block.eyeblossom.open
[25Jul2026 23:47:31.186] [Render thread/WARN] [net.minecraft.client.sounds.SoundEngine/]: Missing sound for event: minecraft:block.eyeblossom.close_long
[25Jul2026 23:47:31.186] [Render thread/WARN] [net.minecraft.client.sounds.SoundEngine/]: Missing sound for event: minecraft:block.eyeblossom.close
[25Jul2026 23:47:31.186] [Render thread/WARN] [net.minecraft.client.sounds.SoundEngine/]: Missing sound for event: minecraft:block.eyeblossom.idle
[25Jul2026 23:47:31.186] [Render thread/WARN] [net.minecraft.client.sounds.SoundEngine/]: Missing sound for event: minecraft:block.firefly_bush.idle
[25Jul2026 23:47:31.186] [Render thread/WARN] [net.minecraft.client.sounds.SoundEngine/]: Missing sound for event: minecraft:entity.ghastling.ambient
[25Jul2026 23:47:31.186] [Render thread/WARN] [net.minecraft.client.sounds.SoundEngine/]: Missing sound for event: minecraft:entity.ghastling.death
[25Jul2026 23:47:31.186] [Render thread/WARN] [net.minecraft.client.sounds.SoundEngine/]: Missing sound for event: minecraft:entity.ghastling.hurt
[25Jul2026 23:47:31.186] [Render thread/WARN] [net.minecraft.client.sounds.SoundEngine/]: Missing sound for event: minecraft:entity.ghastling.spawn
[25Jul2026 23:47:31.186] [Render thread/WARN] [net.minecraft.client.sounds.SoundEngine/]: Missing sound for event: minecraft:entity.happy_ghast.ambient
[25Jul2026 23:47:31.186] [Render thread/WARN] [net.minecraft.client.sounds.SoundEngine/]: Missing sound for event: minecraft:entity.happy_ghast.death
[25Jul2026 23:47:31.186] [Render thread/WARN] [net.minecraft.client.sounds.SoundEngine/]: Missing sound for event: minecraft:entity.happy_ghast.hurt
[25Jul2026 23:47:31.186] [Render thread/WARN] [net.minecraft.client.sounds.SoundEngine/]: Missing sound for event: minecraft:entity.happy_ghast.riding
[25Jul2026 23:47:31.186] [Render thread/WARN] [net.minecraft.client.sounds.SoundEngine/]: Missing sound for event: minecraft:entity.happy_ghast.equip
[25Jul2026 23:47:31.186] [Render thread/WARN] [net.minecraft.client.sounds.SoundEngine/]: Missing sound for event: minecraft:entity.happy_ghast.unequip
[25Jul2026 23:47:31.186] [Render thread/WARN] [net.minecraft.client.sounds.SoundEngine/]: Missing sound for event: minecraft:entity.happy_ghast.harness_goggles_up
[25Jul2026 23:47:31.186] [Render thread/WARN] [net.minecraft.client.sounds.SoundEngine/]: Missing sound for event: minecraft:entity.happy_ghast.harness_goggles_down
[25Jul2026 23:47:31.186] [Render thread/WARN] [net.minecraft.client.sounds.SoundEngine/]: Missing sound for event: minecraft:item.horse_armor.unequip
[25Jul2026 23:47:31.186] [Render thread/WARN] [net.minecraft.client.sounds.SoundEngine/]: Missing sound for event: minecraft:block.iron.break
[25Jul2026 23:47:31.186] [Render thread/WARN] [net.minecraft.client.sounds.SoundEngine/]: Missing sound for event: minecraft:block.iron.step
[25Jul2026 23:47:31.186] [Render thread/WARN] [net.minecraft.client.sounds.SoundEngine/]: Missing sound for event: minecraft:block.iron.place
[25Jul2026 23:47:31.186] [Render thread/WARN] [net.minecraft.client.sounds.SoundEngine/]: Missing sound for event: minecraft:block.iron.hit
[25Jul2026 23:47:31.186] [Render thread/WARN] [net.minecraft.client.sounds.SoundEngine/]: Missing sound for event: minecraft:block.iron.fall
[25Jul2026 23:47:31.186] [Render thread/WARN] [net.minecraft.client.sounds.SoundEngine/]: Missing sound for event: minecraft:block.leaf_litter.break
[25Jul2026 23:47:31.186] [Render thread/WARN] [net.minecraft.client.sounds.SoundEngine/]: Missing sound for event: minecraft:block.leaf_litter.step
[25Jul2026 23:47:31.186] [Render thread/WARN] [net.minecraft.client.sounds.SoundEngine/]: Missing sound for event: minecraft:block.leaf_litter.place
[25Jul2026 23:47:31.186] [Render thread/WARN] [net.minecraft.client.sounds.SoundEngine/]: Missing sound for event: minecraft:block.leaf_litter.hit
[25Jul2026 23:47:31.186] [Render thread/WARN] [net.minecraft.client.sounds.SoundEngine/]: Missing sound for event: minecraft:block.leaf_litter.fall
[25Jul2026 23:47:31.186] [Render thread/WARN] [net.minecraft.client.sounds.SoundEngine/]: Missing sound for event: minecraft:item.lead.untied
[25Jul2026 23:47:31.186] [Render thread/WARN] [net.minecraft.client.sounds.SoundEngine/]: Missing sound for event: minecraft:item.lead.tied
[25Jul2026 23:47:31.186] [Render thread/WARN] [net.minecraft.client.sounds.SoundEngine/]: Missing sound for event: minecraft:item.lead.break
[25Jul2026 23:47:31.186] [Render thread/WARN] [net.minecraft.client.sounds.SoundEngine/]: Missing sound for event: minecraft:item.llama_carpet.unequip
[25Jul2026 23:47:31.187] [Render thread/WARN] [net.minecraft.client.sounds.SoundEngine/]: Missing sound for event: minecraft:music_disc.lava_chicken
[25Jul2026 23:47:31.187] [Render thread/WARN] [net.minecraft.client.sounds.SoundEngine/]: Missing sound for event: minecraft:music_disc.tears
[25Jul2026 23:47:31.187] [Render thread/WARN] [net.minecraft.client.sounds.SoundEngine/]: Missing sound for event: minecraft:block.pale_hanging_moss.idle
[25Jul2026 23:47:31.187] [Render thread/WARN] [net.minecraft.client.sounds.SoundEngine/]: Missing sound for event: minecraft:entity.parrot.imitate.creaking
[25Jul2026 23:47:31.187] [Render thread/WARN] [net.minecraft.client.sounds.SoundEngine/]: Missing sound for event: minecraft:block.sand.idle
[25Jul2026 23:47:31.187] [Render thread/WARN] [net.minecraft.client.sounds.SoundEngine/]: Missing sound for event: minecraft:item.shears.snip
[25Jul2026 23:47:31.187] [Render thread/WARN] [net.minecraft.client.sounds.SoundEngine/]: Missing sound for event: minecraft:block.shelf.activate
[25Jul2026 23:47:31.187] [Render thread/WARN] [net.minecraft.client.sounds.SoundEngine/]: Missing sound for event: minecraft:block.shelf.break
[25Jul2026 23:47:31.187] [Render thread/WARN] [net.minecraft.client.sounds.SoundEngine/]: Missing sound for event: minecraft:block.shelf.deactivate
[25Jul2026 23:47:31.187] [Render thread/WARN] [net.minecraft.client.sounds.SoundEngine/]: Missing sound for event: minecraft:block.shelf.fall
[25Jul2026 23:47:31.187] [Render thread/WARN] [net.minecraft.client.sounds.SoundEngine/]: Missing sound for event: minecraft:block.shelf.hit
[25Jul2026 23:47:31.187] [Render thread/WARN] [net.minecraft.client.sounds.SoundEngine/]: Missing sound for event: minecraft:block.shelf.multi_swap
[25Jul2026 23:47:31.187] [Render thread/WARN] [net.minecraft.client.sounds.SoundEngine/]: Missing sound for event: minecraft:block.shelf.place
[25Jul2026 23:47:31.187] [Render thread/WARN] [net.minecraft.client.sounds.SoundEngine/]: Missing sound for event: minecraft:block.shelf.place_item
[25Jul2026 23:47:31.187] [Render thread/WARN] [net.minecraft.client.sounds.SoundEngine/]: Missing sound for event: minecraft:block.shelf.single_swap
[25Jul2026 23:47:31.187] [Render thread/WARN] [net.minecraft.client.sounds.SoundEngine/]: Missing sound for event: minecraft:block.shelf.step
[25Jul2026 23:47:31.187] [Render thread/WARN] [net.minecraft.client.sounds.SoundEngine/]: Missing sound for event: minecraft:block.shelf.take_item
[25Jul2026 23:47:31.187] [Render thread/WARN] [net.minecraft.client.sounds.SoundEngine/]: Missing sound for event: minecraft:block.spawner.fall
[25Jul2026 23:47:31.187] [Render thread/WARN] [net.minecraft.client.sounds.SoundEngine/]: Missing sound for event: minecraft:block.resin.break
[25Jul2026 23:47:31.187] [Render thread/WARN] [net.minecraft.client.sounds.SoundEngine/]: Missing sound for event: minecraft:block.resin.fall
[25Jul2026 23:47:31.187] [Render thread/WARN] [net.minecraft.client.sounds.SoundEngine/]: Missing sound for event: minecraft:block.resin.place
[25Jul2026 23:47:31.187] [Render thread/WARN] [net.minecraft.client.sounds.SoundEngine/]: Missing sound for event: minecraft:block.resin.step
[25Jul2026 23:47:31.187] [Render thread/WARN] [net.minecraft.client.sounds.SoundEngine/]: Missing sound for event: minecraft:block.resin_bricks.break
[25Jul2026 23:47:31.187] [Render thread/WARN] [net.minecraft.client.sounds.SoundEngine/]: Missing sound for event: minecraft:block.resin_bricks.fall
[25Jul2026 23:47:31.187] [Render thread/WARN] [net.minecraft.client.sounds.SoundEngine/]: Missing sound for event: minecraft:block.resin_bricks.hit
[25Jul2026 23:47:31.187] [Render thread/WARN] [net.minecraft.client.sounds.SoundEngine/]: Missing sound for event: minecraft:block.resin_bricks.place
[25Jul2026 23:47:31.187] [Render thread/WARN] [net.minecraft.client.sounds.SoundEngine/]: Missing sound for event: minecraft:block.resin_bricks.step
[25Jul2026 23:47:31.187] [Render thread/WARN] [net.minecraft.client.sounds.SoundEngine/]: Missing sound for event: minecraft:weather.end_flash
[25Jul2026 23:47:31.187] [Render thread/WARN] [net.minecraft.client.sounds.SoundEngine/]: Missing sound for event: minecraft:entity.wolf_puglin.ambient
[25Jul2026 23:47:31.187] [Render thread/WARN] [net.minecraft.client.sounds.SoundEngine/]: Missing sound for event: minecraft:entity.wolf_puglin.death
[25Jul2026 23:47:31.187] [Render thread/WARN] [net.minecraft.client.sounds.SoundEngine/]: Missing sound for event: minecraft:entity.wolf_puglin.growl
[25Jul2026 23:47:31.187] [Render thread/WARN] [net.minecraft.client.sounds.SoundEngine/]: Missing sound for event: minecraft:entity.wolf_puglin.hurt
[25Jul2026 23:47:31.187] [Render thread/WARN] [net.minecraft.client.sounds.SoundEngine/]: Missing sound for event: minecraft:entity.wolf_puglin.pant
[25Jul2026 23:47:31.187] [Render thread/WARN] [net.minecraft.client.sounds.SoundEngine/]: Missing sound for event: minecraft:entity.wolf_puglin.whine
[25Jul2026 23:47:31.188] [Render thread/WARN] [net.minecraft.client.sounds.SoundEngine/]: Missing sound for event: minecraft:entity.wolf_sad.ambient
[25Jul2026 23:47:31.188] [Render thread/WARN] [net.minecraft.client.sounds.SoundEngine/]: Missing sound for event: minecraft:entity.wolf_sad.death
[25Jul2026 23:47:31.188] [Render thread/WARN] [net.minecraft.client.sounds.SoundEngine/]: Missing sound for event: minecraft:entity.wolf_sad.growl
[25Jul2026 23:47:31.188] [Render thread/WARN] [net.minecraft.client.sounds.SoundEngine/]: Missing sound for event: minecraft:entity.wolf_sad.hurt
[25Jul2026 23:47:31.188] [Render thread/WARN] [net.minecraft.client.sounds.SoundEngine/]: Missing sound for event: minecraft:entity.wolf_sad.pant
[25Jul2026 23:47:31.188] [Render thread/WARN] [net.minecraft.client.sounds.SoundEngine/]: Missing sound for event: minecraft:entity.wolf_sad.whine
[25Jul2026 23:47:31.188] [Render thread/WARN] [net.minecraft.client.sounds.SoundEngine/]: Missing sound for event: minecraft:entity.wolf_angry.ambient
[25Jul2026 23:47:31.188] [Render thread/WARN] [net.minecraft.client.sounds.SoundEngine/]: Missing sound for event: minecraft:entity.wolf_angry.death
[25Jul2026 23:47:31.188] [Render thread/WARN] [net.minecraft.client.sounds.SoundEngine/]: Missing sound for event: minecraft:entity.wolf_angry.growl
[25Jul2026 23:47:31.188] [Render thread/WARN] [net.minecraft.client.sounds.SoundEngine/]: Missing sound for event: minecraft:entity.wolf_angry.hurt
[25Jul2026 23:47:31.188] [Render thread/WARN] [net.minecraft.client.sounds.SoundEngine/]: Missing sound for event: minecraft:entity.wolf_angry.pant
[25Jul2026 23:47:31.188] [Render thread/WARN] [net.minecraft.client.sounds.SoundEngine/]: Missing sound for event: minecraft:entity.wolf_angry.whine
[25Jul2026 23:47:31.188] [Render thread/WARN] [net.minecraft.client.sounds.SoundEngine/]: Missing sound for event: minecraft:entity.wolf_grumpy.ambient
[25Jul2026 23:47:31.188] [Render thread/WARN] [net.minecraft.client.sounds.SoundEngine/]: Missing sound for event: minecraft:entity.wolf_grumpy.death
[25Jul2026 23:47:31.188] [Render thread/WARN] [net.minecraft.client.sounds.SoundEngine/]: Missing sound for event: minecraft:entity.wolf_grumpy.growl
[25Jul2026 23:47:31.188] [Render thread/WARN] [net.minecraft.client.sounds.SoundEngine/]: Missing sound for event: minecraft:entity.wolf_grumpy.hurt
[25Jul2026 23:47:31.188] [Render thread/WARN] [net.minecraft.client.sounds.SoundEngine/]: Missing sound for event: minecraft:entity.wolf_grumpy.pant
[25Jul2026 23:47:31.188] [Render thread/WARN] [net.minecraft.client.sounds.SoundEngine/]: Missing sound for event: minecraft:entity.wolf_grumpy.whine
[25Jul2026 23:47:31.188] [Render thread/WARN] [net.minecraft.client.sounds.SoundEngine/]: Missing sound for event: minecraft:entity.wolf_big.ambient
[25Jul2026 23:47:31.188] [Render thread/WARN] [net.minecraft.client.sounds.SoundEngine/]: Missing sound for event: minecraft:entity.wolf_big.death
[25Jul2026 23:47:31.188] [Render thread/WARN] [net.minecraft.client.sounds.SoundEngine/]: Missing sound for event: minecraft:entity.wolf_big.growl
[25Jul2026 23:47:31.188] [Render thread/WARN] [net.minecraft.client.sounds.SoundEngine/]: Missing sound for event: minecraft:entity.wolf_big.hurt
[25Jul2026 23:47:31.188] [Render thread/WARN] [net.minecraft.client.sounds.SoundEngine/]: Missing sound for event: minecraft:entity.wolf_big.pant
[25Jul2026 23:47:31.188] [Render thread/WARN] [net.minecraft.client.sounds.SoundEngine/]: Missing sound for event: minecraft:entity.wolf_big.whine
[25Jul2026 23:47:31.188] [Render thread/WARN] [net.minecraft.client.sounds.SoundEngine/]: Missing sound for event: minecraft:entity.wolf_cute.ambient
[25Jul2026 23:47:31.188] [Render thread/WARN] [net.minecraft.client.sounds.SoundEngine/]: Missing sound for event: minecraft:entity.wolf_cute.death
[25Jul2026 23:47:31.188] [Render thread/WARN] [net.minecraft.client.sounds.SoundEngine/]: Missing sound for event: minecraft:entity.wolf_cute.growl
[25Jul2026 23:47:31.188] [Render thread/WARN] [net.minecraft.client.sounds.SoundEngine/]: Missing sound for event: minecraft:entity.wolf_cute.hurt
[25Jul2026 23:47:31.188] [Render thread/WARN] [net.minecraft.client.sounds.SoundEngine/]: Missing sound for event: minecraft:entity.wolf_cute.pant
[25Jul2026 23:47:31.188] [Render thread/WARN] [net.minecraft.client.sounds.SoundEngine/]: Missing sound for event: minecraft:entity.wolf_cute.whine
[25Jul2026 23:47:31.188] [Render thread/WARN] [net.minecraft.client.sounds.SoundEngine/]: Missing sound for event: minecraft:item.saddle.unequip
[25Jul2026 23:47:31.201] [Render thread/INFO] [com.mojang.blaze3d.audio.Library/]: OpenAL initialized on device Starship/Matisse HD Audio Controller Analog Stereo
[25Jul2026 23:47:31.202] [Render thread/INFO] [net.minecraft.client.sounds.SoundEngine/SOUNDS]: Sound engine started
[25Jul2026 23:47:31.202] [Render thread/INFO] [net.minecraft.client.renderer.texture.TextureAtlas/]: Created: 2048x1024x0 minecraft:textures/atlas/particles.png-atlas
[25Jul2026 23:47:31.206] [Render thread/INFO] [net.minecraft.client.renderer.texture.TextureAtlas/]: Created: 128x64x0 minecraft:textures/atlas/decorated_pot.png-atlas
[25Jul2026 23:47:31.207] [Render thread/INFO] [net.minecraft.client.renderer.texture.TextureAtlas/]: Created: 2048x1024x0 minecraft:textures/atlas/armor_trims.png-atlas
[25Jul2026 23:47:31.209] [Render thread/INFO] [net.minecraft.client.renderer.texture.TextureAtlas/]: Created: 512x256x0 minecraft:textures/atlas/paintings.png-atlas
[25Jul2026 23:47:31.209] [Render thread/INFO] [net.minecraft.client.renderer.texture.TextureAtlas/]: Created: 512x512x0 minecraft:textures/atlas/shield_patterns.png-atlas
[25Jul2026 23:47:31.210] [Render thread/INFO] [net.minecraft.client.renderer.texture.TextureAtlas/]: Created: 1024x1024x4 minecraft:textures/atlas/blocks.png-atlas
[25Jul2026 23:47:31.216] [Render thread/INFO] [net.minecraft.client.renderer.texture.TextureAtlas/]: Created: 512x256x0 minecraft:textures/atlas/chest.png-atlas
[25Jul2026 23:47:31.216] [Render thread/INFO] [net.minecraft.client.renderer.texture.TextureAtlas/]: Created: 512x512x0 minecraft:textures/atlas/banner_patterns.png-atlas
[25Jul2026 23:47:31.216] [Render thread/INFO] [net.minecraft.client.renderer.texture.TextureAtlas/]: Created: 512x256x0 minecraft:textures/atlas/beds.png-atlas
[25Jul2026 23:47:31.217] [Render thread/INFO] [net.minecraft.client.renderer.texture.TextureAtlas/]: Created: 1024x512x0 minecraft:textures/atlas/gui.png-atlas
[25Jul2026 23:47:31.217] [Render thread/INFO] [net.minecraft.client.renderer.texture.TextureAtlas/]: Created: 64x64x0 minecraft:textures/atlas/map_decorations.png-atlas
[25Jul2026 23:47:31.218] [Render thread/INFO] [net.minecraft.client.renderer.texture.TextureAtlas/]: Created: 256x256x0 minecraft:textures/atlas/signs.png-atlas
[25Jul2026 23:47:31.218] [Render thread/INFO] [net.minecraft.client.renderer.texture.TextureAtlas/]: Created: 512x256x0 minecraft:textures/atlas/shulker_boxes.png-atlas
[25Jul2026 23:47:31.506] [Render thread/INFO] [net.neoforged.neoforge.client.entity.animation.json.AnimationLoader/]: Loaded 0 entity animations
[25Jul2026 23:47:31.517] [Render thread/DEBUG] [mixin/]: Mixing ItemInHandLayerMixin from player_animation_library.mixins.json into net.minecraft.client.renderer.entity.layers.ItemInHandLayer
[25Jul2026 23:47:31.517] [Render thread/DEBUG] [mixin/]: Mixing firstPerson.ItemInHandLayerMixin from player_animation_library.mixins.json into net.minecraft.client.renderer.entity.layers.ItemInHandLayer
[25Jul2026 23:47:31.519] [Render thread/DEBUG] [mixin/]: player_animation_library.mixins.json:ItemInHandLayerMixin from mod player_animation_library->@Inject::changeItemLocation(Lnet/minecraft/client/renderer/entity/state/ArmedEntityRenderState;Lnet/minecraft/client/renderer/item/ItemStackRenderState;Lnet/minecraft/world/entity/HumanoidArm;Lcom/mojang/blaze3d/vertex/PoseStack;Lnet/minecraft/client/renderer/SubmitNodeCollector;ILorg/spongepowered/asm/mixin/injection/callback/CallbackInfo;)V doesn't use it's CallbackInfo
[25Jul2026 23:47:31.519] [Render thread/DEBUG] [mixin/]: player_animation_library.mixins.json:ItemInHandLayerMixin from mod player_animation_library->@Inject::changeItemLocation(Lnet/minecraft/client/renderer/entity/state/ArmedEntityRenderState;Lnet/minecraft/client/renderer/item/ItemStackRenderState;Lnet/minecraft/world/entity/HumanoidArm;Lcom/mojang/blaze3d/vertex/PoseStack;Lnet/minecraft/client/renderer/SubmitNodeCollector;ILorg/spongepowered/asm/mixin/injection/callback/CallbackInfo;)V has 0 override(s) in child classes
[25Jul2026 23:47:31.519] [Render thread/DEBUG] [mixin/]: player_animation_library.mixins.json:ItemInHandLayerMixin from mod player_animation_library->@Inject::changeItemLocation(Lnet/minecraft/client/renderer/entity/state/ArmedEntityRenderState;Lnet/minecraft/client/renderer/item/ItemStackRenderState;Lnet/minecraft/world/entity/HumanoidArm;Lcom/mojang/blaze3d/vertex/PoseStack;Lnet/minecraft/client/renderer/SubmitNodeCollector;ILorg/spongepowered/asm/mixin/injection/callback/CallbackInfo;)V won't be passed a CallbackInfo as a result
[25Jul2026 23:47:31.519] [Render thread/DEBUG] [mixin/]: player_animation_library.mixins.json:ItemInHandLayerMixin from mod player_animation_library->@Inject::changeItemRotationAndScale(Lnet/minecraft/client/renderer/entity/state/ArmedEntityRenderState;Lnet/minecraft/client/renderer/item/ItemStackRenderState;Lnet/minecraft/world/entity/HumanoidArm;Lcom/mojang/blaze3d/vertex/PoseStack;Lnet/minecraft/client/renderer/SubmitNodeCollector;ILorg/spongepowered/asm/mixin/injection/callback/CallbackInfo;)V doesn't use it's CallbackInfo
[25Jul2026 23:47:31.519] [Render thread/DEBUG] [mixin/]: player_animation_library.mixins.json:ItemInHandLayerMixin from mod player_animation_library->@Inject::changeItemRotationAndScale(Lnet/minecraft/client/renderer/entity/state/ArmedEntityRenderState;Lnet/minecraft/client/renderer/item/ItemStackRenderState;Lnet/minecraft/world/entity/HumanoidArm;Lcom/mojang/blaze3d/vertex/PoseStack;Lnet/minecraft/client/renderer/SubmitNodeCollector;ILorg/spongepowered/asm/mixin/injection/callback/CallbackInfo;)V has 0 override(s) in child classes
[25Jul2026 23:47:31.519] [Render thread/DEBUG] [mixin/]: player_animation_library.mixins.json:ItemInHandLayerMixin from mod player_animation_library->@Inject::changeItemRotationAndScale(Lnet/minecraft/client/renderer/entity/state/ArmedEntityRenderState;Lnet/minecraft/client/renderer/item/ItemStackRenderState;Lnet/minecraft/world/entity/HumanoidArm;Lcom/mojang/blaze3d/vertex/PoseStack;Lnet/minecraft/client/renderer/SubmitNodeCollector;ILorg/spongepowered/asm/mixin/injection/callback/CallbackInfo;)V won't be passed a CallbackInfo as a result
[25Jul2026 23:47:31.519] [Render thread/DEBUG] [mixin/]: player_animation_library.mixins.json:firstPerson.ItemInHandLayerMixin from mod player_animation_library->@Inject::dontRenderDisabledFirstPersonItem(Lnet/minecraft/client/renderer/entity/state/ArmedEntityRenderState;Lnet/minecraft/client/renderer/item/ItemStackRenderState;Lnet/minecraft/world/entity/HumanoidArm;Lcom/mojang/blaze3d/vertex/PoseStack;Lnet/minecraft/client/renderer/SubmitNodeCollector;ILorg/spongepowered/asm/mixin/injection/callback/CallbackInfo;)V does use it's CallbackInfo
[25Jul2026 23:47:31.521] [Render thread/DEBUG] [mixin/]: Mixing firstPerson.HumanoidArmorLayerMixin from player_animation_library.mixins.json into net.minecraft.client.renderer.entity.layers.HumanoidArmorLayer
[25Jul2026 23:47:31.522] [Render thread/DEBUG] [mixin/]: player_animation_library.mixins.json:firstPerson.HumanoidArmorLayerMixin from mod player_animation_library->@Inject::modifyArmorVisibility(Lcom/mojang/blaze3d/vertex/PoseStack;Lnet/minecraft/client/renderer/SubmitNodeCollector;Lnet/minecraft/world/item/ItemStack;Lnet/minecraft/world/entity/EquipmentSlot;ILnet/minecraft/client/renderer/entity/state/HumanoidRenderState;Lorg/spongepowered/asm/mixin/injection/callback/CallbackInfo;)V does use it's CallbackInfo
[25Jul2026 23:47:31.522] [Render thread/DEBUG] [mixin/]: Mixing ElytraLayerMixin from player_animation_library.mixins.json into net.minecraft.client.renderer.entity.layers.WingsLayer
[25Jul2026 23:47:31.523] [Render thread/DEBUG] [mixin/]: player_animation_library.mixins.json:ElytraLayerMixin from mod player_animation_library->@Inject::inject(Lcom/mojang/blaze3d/vertex/PoseStack;Lnet/minecraft/client/renderer/SubmitNodeCollector;ILnet/minecraft/client/renderer/entity/state/HumanoidRenderState;FFLorg/spongepowered/asm/mixin/injection/callback/CallbackInfo;)V doesn't use it's CallbackInfo
[25Jul2026 23:47:31.523] [Render thread/DEBUG] [mixin/]: player_animation_library.mixins.json:ElytraLayerMixin from mod player_animation_library->@Inject::inject(Lcom/mojang/blaze3d/vertex/PoseStack;Lnet/minecraft/client/renderer/SubmitNodeCollector;ILnet/minecraft/client/renderer/entity/state/HumanoidRenderState;FFLorg/spongepowered/asm/mixin/injection/callback/CallbackInfo;)V has 0 override(s) in child classes
[25Jul2026 23:47:31.523] [Render thread/DEBUG] [mixin/]: player_animation_library.mixins.json:ElytraLayerMixin from mod player_animation_library->@Inject::inject(Lcom/mojang/blaze3d/vertex/PoseStack;Lnet/minecraft/client/renderer/SubmitNodeCollector;ILnet/minecraft/client/renderer/entity/state/HumanoidRenderState;FFLorg/spongepowered/asm/mixin/injection/callback/CallbackInfo;)V won't be passed a CallbackInfo as a result
[25Jul2026 23:47:31.625] [Render thread/DEBUG] [net.neoforged.fml.classloading.transformation.ClassTransformStatistics/]: Transformed/total loaded classes: 441/7650 (5.76%) and 264 parsed for mixin
[25Jul2026 23:47:34.588] [IO-Worker-1/ERROR] [com.mojang.realmsclient.RealmsAvailability/]: Couldn't connect to realms
com.mojang.realmsclient.exception.RealmsServiceException: Realms service error (502) with message '<div id='content'>
        <div id='message'>
            <h1>502</h1>
<h2><span>The service behind this page isn't responding to Azure Front Door.</span>
</h2>
<hr />
<p>Bad Gateway</p>
<p>Azure Front Door wasn't able to connect to the origin. <br> If the problem persists, use the troubleshooting steps to resolve the issue.</p>
<br />
<a href="https://learn.microsoft.com/en-us/azure/frontdoor/troubleshoot-issues" target="blank">Azure Documentation</a>
<br />
        </div>
        <div id='errorref'>
            <span>Error Info:</span><span>OriginConnectionAborted</span><br />
<span>x-azure-ref ID:</span><span>20260725T214734Z-177769844dfh4qlthC1CPHzvv400000009k0000000002e35            </span>
        </div>
    </div>'
	at TRANSFORMER/minecraft@1.21.10/com.mojang.realmsclient.client.RealmsClient.execute(RealmsClient.java:526) ~[neoforge-21.10.64.jar:?]
	at TRANSFORMER/minecraft@1.21.10/com.mojang.realmsclient.client.RealmsClient.clientCompatible(RealmsClient.java:292) ~[neoforge-21.10.64.jar:?]
	at TRANSFORMER/minecraft@1.21.10/com.mojang.realmsclient.RealmsAvailability.lambda$check$0(RealmsAvailability.java:51) ~[neoforge-21.10.64.jar:?]
	at java.base/java.util.concurrent.CompletableFuture$AsyncSupply.run(CompletableFuture.java:1768) ~[?:?]
	at java.base/java.util.concurrent.ThreadPoolExecutor.runWorker(ThreadPoolExecutor.java:1144) ~[?:?]
	at java.base/java.util.concurrent.ThreadPoolExecutor$Worker.run(ThreadPoolExecutor.java:642) ~[?:?]
	at java.base/java.lang.Thread.run(Thread.java:1583) [?:?]
[25Jul2026 23:47:49.382] [Worker-Main-8/ERROR] [net.minecraft.server.packs.resources.SimpleJsonResourceReloadListener/]: Couldn't parse data file 'fweapons:airmace_smithing' from 'fweapons:recipe/airmace_smithing.json': DataResult.Error['Failed to parse either. First: Input does not contain a key [type]: MapLike[{"item":"minecraft:diamond_block"}]; Second: Failed to parse either. First: Not a string: {"item":"minecraft:diamond_block"}; Second: Failed to parse either. First: Not a json array: {"item":"minecraft:diamond_block"}; Second: Not a string: {"item":"minecraft:diamond_block"}; Input does not contain a key [neoforge:ingredient_type]: MapLike[{"item":"minecraft:diamond_block"}]; Failed to parse either. First: Input does not contain a key [type]: MapLike[{"item":"minecraft:mace"}]; Second: Failed to parse either. First: Not a string: {"item":"minecraft:mace"}; Second: Failed to parse either. First: Not a json array: {"item":"minecraft:mace"}; Second: Not a string: {"item":"minecraft:mace"}; Input does not contain a key [neoforge:ingredient_type]: MapLike[{"item":"minecraft:mace"}]; Failed to parse either. First: Input does not contain a key [type]: MapLike[{"item":"fweapons:gblueprint"}]; Second: Failed to parse either. First: Not a string: {"item":"fweapons:gblueprint"}; Second: Failed to parse either. First: Not a json array: {"item":"fweapons:gblueprint"}; Second: Not a string: {"item":"fweapons:gblueprint"}; Input does not contain a key [neoforge:ingredient_type]: MapLike[{"item":"fweapons:gblueprint"}]']
[25Jul2026 23:47:49.383] [Worker-Main-8/ERROR] [net.minecraft.server.packs.resources.SimpleJsonResourceReloadListener/]: Couldn't parse data file 'fweapons:antem' from 'fweapons:recipe/antem.json': DataResult.Error['Map entry 'S' : Failed to parse either. First: Input does not contain a key [type]: MapLike[{"item":"minecraft:iron_sword"}]; Second: Failed to parse either. First: Not a string: {"item":"minecraft:iron_sword"}; Second: Failed to parse either. First: Not a json array: {"item":"minecraft:iron_sword"}; Second: Not a string: {"item":"minecraft:iron_sword"}; Input does not contain a key [neoforge:ingredient_type]: MapLike[{"item":"minecraft:iron_sword"}]']
[25Jul2026 23:47:49.385] [Worker-Main-8/ERROR] [net.minecraft.server.packs.resources.SimpleJsonResourceReloadListener/]: Couldn't parse data file 'fweapons:bayonet' from 'fweapons:recipe/bayonet.json': DataResult.Error['Map entry 'I' : Failed to parse either. First: Input does not contain a key [type]: MapLike[{"item":"minecraft:iron_block"}]; Second: Failed to parse either. First: Not a string: {"item":"minecraft:iron_block"}; Second: Failed to parse either. First: Not a json array: {"item":"minecraft:iron_block"}; Second: Not a string: {"item":"minecraft:iron_block"}; Input does not contain a key [neoforge:ingredient_type]: MapLike[{"item":"minecraft:iron_block"}]']
[25Jul2026 23:47:49.390] [Worker-Main-8/ERROR] [net.minecraft.server.packs.resources.SimpleJsonResourceReloadListener/]: Couldn't parse data file 'fweapons:blue_katana' from 'fweapons:recipe/blue_katana.json': DataResult.Error['Map entry 'B' : Failed to parse either. First: Input does not contain a key [type]: MapLike[{"item":"minecraft:blue_dye"}]; Second: Failed to parse either. First: Not a string: {"item":"minecraft:blue_dye"}; Second: Failed to parse either. First: Not a json array: {"item":"minecraft:blue_dye"}; Second: Not a string: {"item":"minecraft:blue_dye"}; Input does not contain a key [neoforge:ingredient_type]: MapLike[{"item":"minecraft:blue_dye"}]']
[25Jul2026 23:47:49.405] [Worker-Main-8/ERROR] [net.minecraft.server.packs.resources.SimpleJsonResourceReloadListener/]: Couldn't parse data file 'fweapons:dawn' from 'fweapons:recipe/dawn.json': DataResult.Error['Map entry 'B' : Failed to parse either. First: Input does not contain a key [type]: MapLike[{"item":"minecraft:gold_ingot"}]; Second: Failed to parse either. First: Not a string: {"item":"minecraft:gold_ingot"}; Second: Failed to parse either. First: Not a json array: {"item":"minecraft:gold_ingot"}; Second: Not a string: {"item":"minecraft:gold_ingot"}; Input does not contain a key [neoforge:ingredient_type]: MapLike[{"item":"minecraft:gold_ingot"}]']
[25Jul2026 23:47:49.409] [Worker-Main-8/ERROR] [net.minecraft.server.packs.resources.SimpleJsonResourceReloadListener/]: Couldn't parse data file 'fweapons:dshield' from 'fweapons:recipe/dshield.json': DataResult.Error['Map entry 'O' : Failed to parse either. First: Input does not contain a key [type]: MapLike[{"item":"minecraft:obsidian"}]; Second: Failed to parse either. First: Not a string: {"item":"minecraft:obsidian"}; Second: Failed to parse either. First: Not a json array: {"item":"minecraft:obsidian"}; Second: Not a string: {"item":"minecraft:obsidian"}; Input does not contain a key [neoforge:ingredient_type]: MapLike[{"item":"minecraft:obsidian"}]']
[25Jul2026 23:47:49.410] [Worker-Main-8/ERROR] [net.minecraft.server.packs.resources.SimpleJsonResourceReloadListener/]: Couldn't parse data file 'fweapons:dusk' from 'fweapons:recipe/dusk.json': DataResult.Error['Map entry 'A' : Failed to parse either. First: Input does not contain a key [type]: MapLike[{"item":"minecraft:amethyst_shard"}]; Second: Failed to parse either. First: Not a string: {"item":"minecraft:amethyst_shard"}; Second: Failed to parse either. First: Not a json array: {"item":"minecraft:amethyst_shard"}; Second: Not a string: {"item":"minecraft:amethyst_shard"}; Input does not contain a key [neoforge:ingredient_type]: MapLike[{"item":"minecraft:amethyst_shard"}]']
[25Jul2026 23:47:49.417] [Worker-Main-8/ERROR] [net.minecraft.server.packs.resources.SimpleJsonResourceReloadListener/]: Couldn't parse data file 'fweapons:gblueprint' from 'fweapons:recipe/gblueprint.json': DataResult.Error['Map entry 'B' : Failed to parse either. First: Input does not contain a key [type]: MapLike[{"item":"minecraft:black_dye"}]; Second: Failed to parse either. First: Not a string: {"item":"minecraft:black_dye"}; Second: Failed to parse either. First: Not a json array: {"item":"minecraft:black_dye"}; Second: Not a string: {"item":"minecraft:black_dye"}; Input does not contain a key [neoforge:ingredient_type]: MapLike[{"item":"minecraft:black_dye"}]']
[25Jul2026 23:47:49.421] [Worker-Main-8/ERROR] [net.minecraft.server.packs.resources.SimpleJsonResourceReloadListener/]: Couldn't parse data file 'fweapons:harvester' from 'fweapons:recipe/harvester.json': DataResult.Error['Map entry 'I' : Failed to parse either. First: Input does not contain a key [type]: MapLike[{"item":"minecraft:iron_ingot"}]; Second: Failed to parse either. First: Not a string: {"item":"minecraft:iron_ingot"}; Second: Failed to parse either. First: Not a json array: {"item":"minecraft:iron_ingot"}; Second: Not a string: {"item":"minecraft:iron_ingot"}; Input does not contain a key [neoforge:ingredient_type]: MapLike[{"item":"minecraft:iron_ingot"}]']
[25Jul2026 23:47:49.421] [Worker-Main-8/ERROR] [net.minecraft.server.packs.resources.SimpleJsonResourceReloadListener/]: Couldn't parse data file 'fweapons:hcbow_smithing' from 'fweapons:recipe/hcbow_smithing.json': DataResult.Error['Failed to parse either. First: Input does not contain a key [type]: MapLike[{"item":"minecraft:iron_block"}]; Second: Failed to parse either. First: Not a string: {"item":"minecraft:iron_block"}; Second: Failed to parse either. First: Not a json array: {"item":"minecraft:iron_block"}; Second: Not a string: {"item":"minecraft:iron_block"}; Input does not contain a key [neoforge:ingredient_type]: MapLike[{"item":"minecraft:iron_block"}]; Failed to parse either. First: Input does not contain a key [type]: MapLike[{"item":"minecraft:crossbow"}]; Second: Failed to parse either. First: Not a string: {"item":"minecraft:crossbow"}; Second: Failed to parse either. First: Not a json array: {"item":"minecraft:crossbow"}; Second: Not a string: {"item":"minecraft:crossbow"}; Input does not contain a key [neoforge:ingredient_type]: MapLike[{"item":"minecraft:crossbow"}]; Failed to parse either. First: Input does not contain a key [type]: MapLike[{"item":"fweapons:hcbowprint"}]; Second: Failed to parse either. First: Not a string: {"item":"fweapons:hcbowprint"}; Second: Failed to parse either. First: Not a json array: {"item":"fweapons:hcbowprint"}; Second: Not a string: {"item":"fweapons:hcbowprint"}; Input does not contain a key [neoforge:ingredient_type]: MapLike[{"item":"fweapons:hcbowprint"}]']
[25Jul2026 23:47:49.421] [Worker-Main-8/ERROR] [net.minecraft.server.packs.resources.SimpleJsonResourceReloadListener/]: Couldn't parse data file 'fweapons:hcbowprint' from 'fweapons:recipe/hcbowprint.json': DataResult.Error['Map entry 'I' : Failed to parse either. First: Input does not contain a key [type]: MapLike[{"item":"minecraft:ink_sac"}]; Second: Failed to parse either. First: Not a string: {"item":"minecraft:ink_sac"}; Second: Failed to parse either. First: Not a json array: {"item":"minecraft:ink_sac"}; Second: Not a string: {"item":"minecraft:ink_sac"}; Input does not contain a key [neoforge:ingredient_type]: MapLike[{"item":"minecraft:ink_sac"}]']
[25Jul2026 23:47:49.426] [Worker-Main-8/ERROR] [net.minecraft.server.packs.resources.SimpleJsonResourceReloadListener/]: Couldn't parse data file 'fweapons:lscythe' from 'fweapons:recipe/lscythe.json': DataResult.Error['Map entry 'L' : Failed to parse either. First: Input does not contain a key [type]: MapLike[{"item":"minecraft:lapis_block"}]; Second: Failed to parse either. First: Not a string: {"item":"minecraft:lapis_block"}; Second: Failed to parse either. First: Not a json array: {"item":"minecraft:lapis_block"}; Second: Not a string: {"item":"minecraft:lapis_block"}; Input does not contain a key [neoforge:ingredient_type]: MapLike[{"item":"minecraft:lapis_block"}]']
[25Jul2026 23:47:49.429] [Worker-Main-8/ERROR] [net.minecraft.server.packs.resources.SimpleJsonResourceReloadListener/]: Couldn't parse data file 'fweapons:mkopi' from 'fweapons:recipe/mkopi.json': DataResult.Error['Map entry 'R' : Failed to parse either. First: Input does not contain a key [type]: MapLike[{"item":"minecraft:red_dye"}]; Second: Failed to parse either. First: Not a string: {"item":"minecraft:red_dye"}; Second: Failed to parse either. First: Not a json array: {"item":"minecraft:red_dye"}; Second: Not a string: {"item":"minecraft:red_dye"}; Input does not contain a key [neoforge:ingredient_type]: MapLike[{"item":"minecraft:red_dye"}]']
[25Jul2026 23:47:49.430] [Worker-Main-8/ERROR] [net.minecraft.server.packs.resources.SimpleJsonResourceReloadListener/]: Couldn't parse data file 'fweapons:natureaxe' from 'fweapons:recipe/natureaxe.json': DataResult.Error['Map entry 'L' : Failed to parse either. First: Input does not contain a key [type]: MapLike[{"tag":"minecraft:leaves"}]; Second: Failed to parse either. First: Not a string: {"tag":"minecraft:leaves"}; Second: Failed to parse either. First: Not a json array: {"tag":"minecraft:leaves"}; Second: Not a string: {"tag":"minecraft:leaves"}; Input does not contain a key [neoforge:ingredient_type]: MapLike[{"tag":"minecraft:leaves"}]']
[25Jul2026 23:47:49.443] [Worker-Main-8/ERROR] [net.minecraft.server.packs.resources.SimpleJsonResourceReloadListener/]: Couldn't parse data file 'fweapons:sacrilegious' from 'fweapons:recipe/sacrilegious.json': DataResult.Error['Map entry 'D' : Failed to parse either. First: Input does not contain a key [type]: MapLike[{"item":"minecraft:diamond"}]; Second: Failed to parse either. First: Not a string: {"item":"minecraft:diamond"}; Second: Failed to parse either. First: Not a json array: {"item":"minecraft:diamond"}; Second: Not a string: {"item":"minecraft:diamond"}; Input does not contain a key [neoforge:ingredient_type]: MapLike[{"item":"minecraft:diamond"}]']
[25Jul2026 23:47:49.461] [Worker-Main-8/ERROR] [net.minecraft.server.packs.resources.SimpleJsonResourceReloadListener/]: Couldn't parse data file 'fweapons:thefool' from 'fweapons:recipe/thefool.json': DataResult.Error['Map entry 'G' : Failed to parse either. First: Input does not contain a key [type]: MapLike[{"item":"minecraft:glowstone_dust"}]; Second: Failed to parse either. First: Not a string: {"item":"minecraft:glowstone_dust"}; Second: Failed to parse either. First: Not a json array: {"item":"minecraft:glowstone_dust"}; Second: Not a string: {"item":"minecraft:glowstone_dust"}; Input does not contain a key [neoforge:ingredient_type]: MapLike[{"item":"minecraft:glowstone_dust"}]']
[25Jul2026 23:47:49.465] [Worker-Main-8/ERROR] [net.minecraft.server.packs.resources.SimpleJsonResourceReloadListener/]: Couldn't parse data file 'fweapons:vaporwave_sword' from 'fweapons:recipe/vaporwave_sword.json': DataResult.Error['Map entry 'Y' : Failed to parse either. First: Input does not contain a key [type]: MapLike[{"item":"minecraft:yellow_dye"}]; Second: Failed to parse either. First: Not a string: {"item":"minecraft:yellow_dye"}; Second: Failed to parse either. First: Not a json array: {"item":"minecraft:yellow_dye"}; Second: Not a string: {"item":"minecraft:yellow_dye"}; Input does not contain a key [neoforge:ingredient_type]: MapLike[{"item":"minecraft:yellow_dye"}]']
[25Jul2026 23:47:49.537] [Render thread/INFO] [net.minecraft.world.item.crafting.RecipeManager/]: Loaded 1461 recipes
[25Jul2026 23:47:49.545] [Render thread/INFO] [net.minecraft.advancements.AdvancementTree/]: Loaded 1610 advancements
[25Jul2026 23:47:49.547] [Render thread/INFO] [net.neoforged.neoforge.common.crafting.RecipePriorityManager/]: Loaded 0 recipe priority overrides
[25Jul2026 23:47:49.598] [Render thread/DEBUG] [net.neoforged.neoforge.common.CommonHooks/WP]: Gathered mod list to write to world save New World
[25Jul2026 23:47:49.663] [Server thread/INFO] [net.minecraft.client.server.IntegratedServer/]: Starting integrated minecraft server version 1.21.10
[25Jul2026 23:47:49.664] [Server thread/INFO] [net.minecraft.server.MinecraftServer/]: Generating keypair
[25Jul2026 23:47:49.748] [Server thread/DEBUG] [net.neoforged.fml.config.ConfigTracker/CONFIG]: Loading configs type SERVER
[25Jul2026 23:47:49.749] [Server thread/DEBUG] [net.neoforged.neoforge.common.NeoForgeMod/FORGEMOD]: Loaded NeoForge config file neoforge-server.toml
[25Jul2026 23:47:49.749] [Server thread/DEBUG] [net.neoforged.fml.config.ConfigTracker/CONFIG]: Loaded TOML config file /home/fiverka/Projects/fiverkas-weapons-1.21.5-1.21.11/runs/client/config/neoforge-server.toml
[25Jul2026 23:47:49.749] [Server thread/DEBUG] [net.neoforged.fml.config.ConfigTracker/CONFIG]: Watching TOML config file /home/fiverka/Projects/fiverkas-weapons-1.21.5-1.21.11/runs/client/config/neoforge-server.toml for changes
[25Jul2026 23:47:49.818] [Server thread/INFO] [net.bettercombat.logic.WeaponRegistry/]: Encoded Weapon Attribute registry size (with package overhead): 5415 bytes (in 1 string chunks with the size of 10000)
[25Jul2026 23:47:49.958] [Server thread/INFO] [net.minecraft.server.level.progress.LoggingLevelLoadListener/]: Loading 0 persistent chunks...
[25Jul2026 23:47:49.971] [Server thread/INFO] [net.neoforged.neoforge.server.permission.PermissionAPI/]: Successfully initialized permission handler neoforge:default_handler
[25Jul2026 23:47:50.040] [Render thread/DEBUG] [io.netty.channel.MultithreadEventLoopGroup/]: -Dio.netty.eventLoopThreads: 48
[25Jul2026 23:47:50.048] [Render thread/DEBUG] [io.netty.util.concurrent.GlobalEventExecutor/]: -Dio.netty.globalEventExecutor.quietPeriodSeconds: 1
[25Jul2026 23:47:50.056] [Render thread/DEBUG] [io.netty.channel.nio.NioEventLoop/]: -Dio.netty.noKeySetOptimization: false
[25Jul2026 23:47:50.056] [Render thread/DEBUG] [io.netty.channel.nio.NioEventLoop/]: -Dio.netty.selectorAutoRebuildThreshold: 512
[25Jul2026 23:47:50.060] [Render thread/DEBUG] [io.netty.util.internal.PlatformDependent/]: org.jctools-core.MpscChunkedArrayQueue: available
[25Jul2026 23:47:50.068] [Render thread/DEBUG] [io.netty.channel.DefaultChannelId/]: -Dio.netty.processId: 117218 (auto-detected)
[25Jul2026 23:47:50.069] [Render thread/DEBUG] [io.netty.util.NetUtil/]: -Djava.net.preferIPv4Stack: false
[25Jul2026 23:47:50.069] [Render thread/DEBUG] [io.netty.util.NetUtil/]: -Djava.net.preferIPv6Addresses: system
[25Jul2026 23:47:50.070] [Render thread/DEBUG] [io.netty.util.NetUtilInitializations/]: Loopback interface: lo (lo, 0:0:0:0:0:0:0:1%lo)
[25Jul2026 23:47:50.071] [Render thread/DEBUG] [io.netty.util.NetUtil/]: /proc/sys/net/core/somaxconn: 4096
[25Jul2026 23:47:50.071] [Render thread/DEBUG] [io.netty.channel.DefaultChannelId/]: -Dio.netty.machineId: cc:28:aa:ff:fe:06:3c:86 (auto-detected)
[25Jul2026 23:47:50.080] [Render thread/DEBUG] [io.netty.bootstrap.ChannelInitializerExtensions/]: -Dio.netty.bootstrap.extensions: null
[25Jul2026 23:47:50.117] [Render thread/DEBUG] [io.netty.util.Recycler/]: -Dio.netty.recycler.maxCapacityPerThread: 4096
[25Jul2026 23:47:50.117] [Render thread/DEBUG] [io.netty.util.Recycler/]: -Dio.netty.recycler.ratio: 8
[25Jul2026 23:47:50.117] [Render thread/DEBUG] [io.netty.util.Recycler/]: -Dio.netty.recycler.chunkSize: 32
[25Jul2026 23:47:50.117] [Render thread/DEBUG] [io.netty.util.Recycler/]: -Dio.netty.recycler.blocking: false
[25Jul2026 23:47:50.117] [Render thread/DEBUG] [io.netty.util.Recycler/]: -Dio.netty.recycler.batchFastThreadLocalOnly: true
[25Jul2026 23:47:50.220] [Netty Server IO #1/DEBUG] [net.neoforged.neoforge.network.filters.NetworkFilters/]: Injected net.neoforged.neoforge.network.filters.GenericPacketSplitter@60036caf into net.minecraft.network.Connection@4dc8ba61
[25Jul2026 23:47:50.226] [Netty Local Client IO #0/DEBUG] [net.neoforged.neoforge.network.filters.NetworkFilters/]: Injected net.neoforged.neoforge.network.filters.GenericPacketSplitter@492de184 into net.minecraft.network.Connection@65ff48fb
[25Jul2026 23:47:50.295] [Render thread/INFO] [net.bettercombat.BetterCombatMod/]: Received config sync packet
[25Jul2026 23:47:50.328] [Render thread/INFO] [net.bettercombat.logic.WeaponRegistry/]: Decoded Weapon Attribute registry in 1 string chunks
[25Jul2026 23:47:50.449] [Server thread/INFO] [net.minecraft.server.level.progress.LoggingLevelLoadListener/]: Loading 49 chunks for player spawn...
[25Jul2026 23:47:50.449] [Server thread/INFO] [net.minecraft.server.level.progress.LoggingLevelLoadListener/]: Preparing spawn area: 16%
[25Jul2026 23:47:50.475] [Server thread/INFO] [net.minecraft.server.level.progress.LoggingLevelLoadListener/]: Preparing spawn area: 16%
[25Jul2026 23:47:50.575] [Server thread/INFO] [net.minecraft.server.level.progress.LoggingLevelLoadListener/]: Time elapsed: 617 ms
[25Jul2026 23:47:50.711] [Render thread/DEBUG] [mixin/]: Mixing client.ClientPlayNetworkHandlerMixin from bettercombat.mixins.json into net.minecraft.client.multiplayer.ClientPacketListener
[25Jul2026 23:47:50.714] [Render thread/DEBUG] [mixin/]: bettercombat.mixins.json:client.ClientPlayNetworkHandlerMixin from mod bettercombat->@Inject::onParticle_Pre(Lnet/minecraft/network/protocol/game/ClientboundLevelParticlesPacket;Lorg/spongepowered/asm/mixin/injection/callback/CallbackInfo;)V does use it's CallbackInfo
[25Jul2026 23:47:50.776] [Netty Server IO #1/DEBUG] [net.neoforged.neoforge.network.filters.NetworkFilters/]: Injected net.neoforged.neoforge.network.filters.GenericPacketSplitter@789b43fd into net.minecraft.network.Connection@4dc8ba61
[25Jul2026 23:47:50.860] [Server thread/INFO] [net.minecraft.server.players.PlayerList/]: Dev[local:E:fdd85bb3] logged in with entity id 18 at (-146.75323634479287, -60.0, -328.6540705610015)
[25Jul2026 23:47:50.861] [Server thread/DEBUG] [mixin/]: Mixing ServerPlayNetworkHandlerMixin from bettercombat.mixins.json into net.minecraft.server.network.ServerGamePacketListenerImpl
[25Jul2026 23:47:50.878] [Server thread/DEBUG] [net.neoforged.neoforge.common.CommonHooks/]: Sending 0 recipes of the following types: []
[25Jul2026 23:47:50.883] [Render thread/DEBUG] [mixin/]: Mixing client.ClientPlayerInteractionManagerMixin from bettercombat.mixins.json into net.minecraft.client.multiplayer.MultiPlayerGameMode
[25Jul2026 23:47:50.884] [Render thread/DEBUG] [mixin/]: bettercombat.mixins.json:client.ClientPlayerInteractionManagerMixin from mod bettercombat->@Inject::cancelBlockBreaking_FixAttackCD(Lorg/spongepowered/asm/mixin/injection/callback/CallbackInfo;)V doesn't use it's CallbackInfo
[25Jul2026 23:47:50.884] [Render thread/DEBUG] [mixin/]: bettercombat.mixins.json:client.ClientPlayerInteractionManagerMixin from mod bettercombat->@Inject::cancelBlockBreaking_FixAttackCD(Lorg/spongepowered/asm/mixin/injection/callback/CallbackInfo;)V has 0 override(s) in child classes
[25Jul2026 23:47:50.884] [Render thread/DEBUG] [mixin/]: bettercombat.mixins.json:client.ClientPlayerInteractionManagerMixin from mod bettercombat->@Inject::cancelBlockBreaking_FixAttackCD(Lorg/spongepowered/asm/mixin/injection/callback/CallbackInfo;)V won't be passed a CallbackInfo as a result
[25Jul2026 23:47:50.910] [Server thread/INFO] [net.minecraft.server.MinecraftServer/]: Dev joined the game
[25Jul2026 23:47:51.013] [Render thread/INFO] [net.minecraft.client.renderer.DynamicUniformStorage/]: Resizing Dynamic Transforms UBO, capacity limit of 2 reached during a single frame. New capacity will be 4.
[25Jul2026 23:47:51.053] [Server thread/INFO] [net.minecraft.client.server.IntegratedServer/]: Changing view distance to 12, from 10
[25Jul2026 23:47:51.055] [Render thread/INFO] [net.minecraft.client.renderer.DynamicUniformStorage/]: Resizing Dynamic Transforms UBO, capacity limit of 4 reached during a single frame. New capacity will be 8.
[25Jul2026 23:47:51.055] [Server thread/INFO] [net.minecraft.client.server.IntegratedServer/]: Changing simulation distance to 12, from 0
[25Jul2026 23:47:51.064] [Render thread/INFO] [net.minecraft.advancements.AdvancementTree/]: Loaded 79 advancements
[25Jul2026 23:47:51.191] [Render thread/INFO] [net.minecraft.client.renderer.DynamicUniformStorage/]: Resizing Dynamic Transforms UBO, capacity limit of 8 reached during a single frame. New capacity will be 16.
[25Jul2026 23:47:51.227] [Render thread/INFO] [net.minecraft.client.renderer.DynamicUniformStorage/]: Resizing Dynamic Transforms UBO, capacity limit of 16 reached during a single frame. New capacity will be 32.
[25Jul2026 23:47:51.250] [Render thread/WARN] [net.minecraft.client.multiplayer.ClientPacketListener/]: Received passengers for unknown entity
[25Jul2026 23:47:51.272] [Render thread/INFO] [net.minecraft.client.renderer.DynamicUniformStorage/]: Resizing Dynamic Transforms UBO, capacity limit of 32 reached during a single frame. New capacity will be 64.
[25Jul2026 23:47:51.381] [Render thread/INFO] [net.minecraft.client.renderer.DynamicUniformStorage/]: Resizing Dynamic Transforms UBO, capacity limit of 64 reached during a single frame. New capacity will be 128.
[25Jul2026 23:47:51.636] [Render thread/INFO] [net.minecraft.client.renderer.DynamicUniformStorage/]: Resizing Dynamic Transforms UBO, capacity limit of 128 reached during a single frame. New capacity will be 256.
[25Jul2026 23:47:51.939] [Render thread/INFO] [net.minecraft.client.renderer.DynamicUniformStorage/]: Resizing Dynamic Transforms UBO, capacity limit of 256 reached during a single frame. New capacity will be 512.
[25Jul2026 23:47:56.378] [Server thread/INFO] [net.minecraft.server.MinecraftServer/]: Dev has made the advancement [The Ballista]
[25Jul2026 23:47:56.387] [Render thread/INFO] [net.minecraft.client.gui.components.ChatComponent/]: [System] [CHAT] Dev has made the advancement [The Ballista]
[25Jul2026 23:47:56.389] [Render thread/INFO] [net.minecraft.advancements.AdvancementTree/]: Loaded 79 advancements
[25Jul2026 23:48:02.326] [Server thread/INFO] [net.minecraft.server.MinecraftServer/]: Dev has made the advancement [Gaia’s weapons]
[25Jul2026 23:48:02.331] [Render thread/INFO] [net.minecraft.client.gui.components.ChatComponent/]: [System] [CHAT] Dev has made the advancement [Gaia’s weapons]
[25Jul2026 23:48:02.332] [Render thread/INFO] [net.minecraft.advancements.AdvancementTree/]: Loaded 79 advancements
[25Jul2026 23:48:05.639] [Render thread/INFO] [net.minecraft.advancements.AdvancementTree/]: Loaded 79 advancements
[25Jul2026 23:48:06.237] [Render thread/INFO] [net.minecraft.advancements.AdvancementTree/]: Loaded 88 advancements
[25Jul2026 23:48:07.688] [Render thread/INFO] [net.minecraft.advancements.AdvancementTree/]: Loaded 88 advancements
[25Jul2026 23:48:13.939] [Render thread/INFO] [net.minecraft.advancements.AdvancementTree/]: Loaded 88 advancements
[25Jul2026 23:48:24.179] [Server thread/INFO] [net.minecraft.server.MinecraftServer/]: [Dev: Set the time to 1000]
[25Jul2026 23:48:24.186] [Render thread/INFO] [net.minecraft.client.gui.components.ChatComponent/]: [System] [CHAT] Set the time to 1000
[25Jul2026 23:48:28.081] [Render thread/INFO] [net.minecraft.advancements.AdvancementTree/]: Loaded 88 advancements
[25Jul2026 23:48:41.575] [Server thread/INFO] [net.minecraft.client.server.IntegratedServer/]: Saving and pausing game...
[25Jul2026 23:48:41.598] [Server thread/INFO] [net.minecraft.server.MinecraftServer/]: Saving chunks for level 'ServerLevel[New World]'/minecraft:overworld
[25Jul2026 23:48:41.615] [Server thread/INFO] [net.minecraft.server.MinecraftServer/]: Saving chunks for level 'ServerLevel[New World]'/minecraft:the_nether
[25Jul2026 23:48:41.616] [Server thread/INFO] [net.minecraft.server.MinecraftServer/]: Saving chunks for level 'ServerLevel[New World]'/minecraft:the_end
[25Jul2026 23:48:41.619] [Server thread/DEBUG] [net.neoforged.neoforge.common.CommonHooks/WP]: Gathered mod list to write to world save New World
[25Jul2026 23:49:14.184] [Render thread/INFO] [net.minecraft.advancements.AdvancementTree/]: Loaded 90 advancements
[25Jul2026 23:49:35.425] [Server thread/INFO] [net.minecraft.client.server.IntegratedServer/]: Saving and pausing game...
[25Jul2026 23:49:35.441] [Server thread/INFO] [net.minecraft.server.MinecraftServer/]: Saving chunks for level 'ServerLevel[New World]'/minecraft:overworld
[25Jul2026 23:49:35.449] [Server thread/INFO] [net.minecraft.server.MinecraftServer/]: Saving chunks for level 'ServerLevel[New World]'/minecraft:the_nether
[25Jul2026 23:49:35.449] [Server thread/INFO] [net.minecraft.server.MinecraftServer/]: Saving chunks for level 'ServerLevel[New World]'/minecraft:the_end
[25Jul2026 23:49:35.450] [Server thread/DEBUG] [net.neoforged.neoforge.common.CommonHooks/WP]: Gathered mod list to write to world save New World
[25Jul2026 23:49:35.979] [Server thread/INFO] [net.minecraft.server.network.ServerGamePacketListenerImpl/]: Dev lost connection: Disconnected
[25Jul2026 23:49:35.979] [Server thread/INFO] [net.minecraft.server.MinecraftServer/]: Dev left the game
[25Jul2026 23:49:35.994] [Server thread/INFO] [net.minecraft.server.network.ServerCommonPacketListenerImpl/]: Stopping singleplayer server as player logged out
[25Jul2026 23:49:36.025] [Server thread/INFO] [net.minecraft.server.MinecraftServer/]: Stopping server
[25Jul2026 23:49:36.026] [Server thread/INFO] [net.minecraft.server.MinecraftServer/]: Saving players
[25Jul2026 23:49:36.026] [Server thread/INFO] [net.minecraft.server.MinecraftServer/]: Saving worlds
[25Jul2026 23:49:36.163] [Server thread/INFO] [net.minecraft.server.MinecraftServer/]: Saving chunks for level 'ServerLevel[New World]'/minecraft:overworld
[25Jul2026 23:49:36.199] [Server thread/INFO] [net.minecraft.server.MinecraftServer/]: Saving chunks for level 'ServerLevel[New World]'/minecraft:the_nether
[25Jul2026 23:49:36.202] [Server thread/INFO] [net.minecraft.server.MinecraftServer/]: Saving chunks for level 'ServerLevel[New World]'/minecraft:the_end
[25Jul2026 23:49:36.207] [Server thread/DEBUG] [net.neoforged.neoforge.common.CommonHooks/WP]: Gathered mod list to write to world save New World
[25Jul2026 23:49:36.213] [Server thread/INFO] [net.minecraft.server.MinecraftServer/]: ThreadedAnvilChunkStorage (New World): All chunks are saved
[25Jul2026 23:49:36.213] [Server thread/INFO] [net.minecraft.server.MinecraftServer/]: ThreadedAnvilChunkStorage (DIM-1): All chunks are saved
[25Jul2026 23:49:36.213] [Server thread/INFO] [net.minecraft.server.MinecraftServer/]: ThreadedAnvilChunkStorage (DIM1): All chunks are saved
[25Jul2026 23:49:36.213] [Server thread/INFO] [net.minecraft.server.MinecraftServer/]: ThreadedAnvilChunkStorage: All dimensions are saved
[25Jul2026 23:49:36.247] [Server thread/DEBUG] [net.neoforged.fml.config.ConfigTracker/CONFIG]: Unloading configs type SERVER
[25Jul2026 23:49:36.519] [IO-Worker-4/INFO] [com.mojang.realmsclient.client.RealmsClient/]: Could not authorize you against Realms server: java.lang.RuntimeException: Failed to parse into SignedJWT: 0
[25Jul2026 23:49:36.519] [IO-Worker-4/ERROR] [com.mojang.realmsclient.RealmsAvailability/]: Couldn't connect to realms
com.mojang.realmsclient.exception.RealmsServiceException: Realms authentication error with message 'java.lang.RuntimeException: Failed to parse into SignedJWT: 0'
	at TRANSFORMER/minecraft@1.21.10/com.mojang.realmsclient.client.RealmsClient.execute(RealmsClient.java:522) ~[neoforge-21.10.64.jar:?]
	at TRANSFORMER/minecraft@1.21.10/com.mojang.realmsclient.client.RealmsClient.clientCompatible(RealmsClient.java:292) ~[neoforge-21.10.64.jar:?]
	at TRANSFORMER/minecraft@1.21.10/com.mojang.realmsclient.RealmsAvailability.lambda$check$0(RealmsAvailability.java:51) ~[neoforge-21.10.64.jar:?]
	at java.base/java.util.concurrent.CompletableFuture$AsyncSupply.run(CompletableFuture.java:1768) ~[?:?]
	at java.base/java.util.concurrent.ThreadPoolExecutor.runWorker(ThreadPoolExecutor.java:1144) ~[?:?]
	at java.base/java.util.concurrent.ThreadPoolExecutor$Worker.run(ThreadPoolExecutor.java:642) ~[?:?]
	at java.base/java.lang.Thread.run(Thread.java:1583) [?:?]
[25Jul2026 23:49:39.006] [Render thread/DEBUG] [net.neoforged.fml.classloading.transformation.ClassTransformStatistics/]: Transformed/total loaded classes: 485/9508 (5.10%) and 288 parsed for mixin
[25Jul2026 23:49:39.020] [Render thread/INFO] [net.minecraft.client.Minecraft/]: Stopping!
